[2J[01;01H[=3h[2J[01;01HBdsDxe: failed to load Boot0001 "UEFI QEMU DVD-ROM QM00005 " from PciRoot(0x0)/Pci(0x1F,0x2)/Sata(0x2,0xFFFF,0x0): Not Found
BdsDxe: loading Boot0002 "UEFI Misc Device" from PciRoot(0x0)/Pci(0x3,0x0)
BdsDxe: starting Boot0002 "UEFI Misc Device" from PciRoot(0x0)/Pci(0x3,0x0)
[01;01H[01;01H[01;01Hl[01;02Hi[01;03Hm[01;04Hi[01;05Hn[01;06He[01;07H:[01;08H [01;09HL[01;10Ho[01;11Ha[01;12Hd[01;13Hi[01;14Hn[01;15Hg[01;16H [01;17He[01;18Hx[01;19He[01;20Hc[01;21Hu[01;22Ht[01;23Ha[01;24Hb[01;25Hl[01;26He[01;27H [01;28H`[01;29Hb[01;30Ho[01;31Ho[01;32Ht[01;33H([01;34H)[01;35H:[01;36H/[01;37Hb[01;38Ho[01;39Ho[01;40Ht[01;41H/[01;42Hn[01;43Ho[01;44Hv[01;45Ha[01;46H-[01;47He[01;48Hx[01;49Ho[01;50H`[01;51H.[01;52H.[01;53H.[01;54H[01;01H[02;01Hl[02;02Hi[02;03Hm[02;04Hi[02;05Hn[02;06He[02;07H:[02;08H [02;09HP[02;10Hh[02;11Hy[02;12Hs[02;13Hi[02;14Hc[02;15Ha[02;16Hl[02;17H [02;18Hb[02;19Ha[02;20Hs[02;21He[02;22H:[02;23H [02;24H [02;25H [02;26H0[02;27Hx[02;28H1[02;29Hf[02;30He[02;31H2[02;32H0[02;33H0[02;34H0[02;35H0[02;36H[02;01H[03;01Hl[03;02Hi[03;03Hm[03;04Hi[03;05Hn[03;06He[03;07H:[03;08H [03;09HV[03;10Hi[03;11Hr[03;12Ht[03;13Hu[03;14Ha[03;15Hl[03;16H [03;17Hb[03;18Ha[03;19Hs[03;20He[03;21H:[03;22H [03;23H [03;24H [03;25H [03;26H0[03;27Hx[03;28Hf[03;29Hf[03;30Hf[03;31Hf[03;32Hf[03;33Hf[03;34Hf[03;35Hf[03;36H8[03;37H0[03;38H0[03;39H0[03;40H0[03;41H0[03;42H0[03;43H0[03;44H[03;01H[04;01Hl[04;02Hi[04;03Hm[04;04Hi[04;05Hn[04;06He[04;07H:[04;08H [04;09HS[04;10Hl[04;11Hi[04;12Hd[04;13He[04;14H:[04;15H [04;16H [04;17H [04;18H [04;19H [04;20H [04;21H [04;22H [04;23H [04;24H [04;25H [04;26H0[04;27Hx[04;28H0[04;29H[04;01H[05;01Hl[05;02Hi[05;03Hm[05;04Hi[05;05Hn[05;06He[05;07H:[05;08H [05;09HE[05;10HL[05;11HF[05;12H [05;13He[05;14Hn[05;15Ht[05;16Hr[05;17Hy[05;18H [05;19Hp[05;20Ho[05;21Hi[05;22Hn[05;23Ht[05;24H:[05;25H [05;26H0[05;27Hx[05;28Hf[05;29Hf[05;30Hf[05;31Hf[05;32Hf[05;33Hf[05;34Hf[05;35Hf[05;36H8[05;37H0[05;38H0[05;39H0[05;40H3[05;41H3[05;42H9[05;43H0[05;44H[05;01H[06;01Hl[06;02Hi[06;03Hm[06;04Hi[06;05Hn[06;06He[06;07H:[06;08H [06;09HB[06;10Ha[06;11Hs[06;12He[06;13H [06;14Hr[06;15He[06;16Hv[06;17Hi[06;18Hs[06;19Hi[06;20Ho[06;21Hn[06;22H:[06;23H [06;24H [06;25H [06;26H6[06;27H[06;01H[07;01Hl[07;02Hi[07;03Hm[07;04Hi[07;05Hn[07;06He[07;07H:[07;08H [07;09HR[07;10He[07;11Hq[07;12Hu[07;13He[07;14Hs[07;15Ht[07;16Hs[07;17H [07;18Hc[07;19Ho[07;20Hu[07;21Hn[07;22Ht[07;23H:[07;24H [07;25H [07;26H2[07;27H[07;01H[08;01Hl[08;02Hi[08;03Hm[08;04Hi[08;05Hn[08;06He[08;07H:[08;08H [08;09HT[08;10Ho[08;11Hp[08;12H [08;13Ho[08;14Hf[08;15H [08;16HH[08;17HH[08;18HD[08;19HM[08;20H:[08;21H [08;22H [08;23H [08;24H [08;25H [08;26H0[08;27Hx[08;28H4[08;29H0[08;30H0[08;31H0[08;32H0[08;33H0[08;34H0[08;35H0[08;36H[08;01H[09;01Hl[09;02Hi[09;03Hm[09;04Hi[09;05Hn[09;06He[09;07H:[09;08H [09;09HC[09;10HP[09;11HU[09;12H [09;13Hh[09;14Ha[09;15Hs[09;16H [09;17H5[09;18H-[09;19Hl[09;20He[09;21Hv[09;22He[09;23Hl[09;24H [09;25Hp[09;26Ha[09;27Hg[09;28Hi[09;29Hn[09;30Hg[09;31H [09;32Hs[09;33Hu[09;34Hp[09;35Hp[09;36Ho[09;37Hr[09;38Ht[09;39H[09;01H[10;01HNova Exo v0.12 -- APIC battito.
IDT loaded. 4 cellulae: tatto, chemio, metabol, integrat.
PCI:0000.00 8086:29c0 cls=06.00
PCI:0001.00 1234:1111 cls=03.00
PCI:0002.00 8086:10d3 cls=02.00
PCI:0003.00 1af4:1001 cls=01.00
PCI:010f.00 8086:2918 cls=06.01
PCI:010f.02 8086:2922 cls=29.00
PCI:010f.03 8086:2930 cls=29.00
PIC disabled, enabling APIC timer...
APIC ID check: 0
Enabling interrupts. Tessuto loop starts.
T:0003:0.2500,-0.2222,0.0000,0.0000,0.0000,0.0000,0.0000,0.0000
C:0004:0.0000,0.0000,0.0000,0.0000,0.0000,0.0000,0.0000,0.0000
M:0004:0.0832,-0.0836,-0.0005,-0.0006,0.0005,-0.0006,0.0003,0.0004
I:0004:0.1875,-0.1667,0.0000,0.0000,0.0000,0.0000,0.0000,0.0000
F:---
T:0007:0.4127,-0.3286,0.0091,0.0917,-0.1340,0.0523,0.0293,-0.1636
C:0007:0.0000,0.0000,0.0000,0.0000,0.0000,0.0000,0.0000,0.0000
M:0007:0.1374,-0.1166,-0.0532,-0.0097,0.0240,-0.0122,-0.0114,0.0318
I:0007:0.3078,-0.2378,-0.1448,-0.0551,-0.1547,0.1006,0.1719,0.0234
F:---
T:0009:0.5016,-0.3302,0.0721,0.1071,-0.2267,0.0854,0.0364,-0.3000
C:0009:0.0000,0.0000,0.0000,0.0000,0.0000,0.0000,0.0000,0.0000
M:0009:0.1700,-0.1195,-0.0927,-0.0533,0.0714,0.0059,-0.0080,0.0832
I:0009:0.4176,-0.1938,-0.1603,-0.1296,-0.2447,0.1627,0.3148,0.1058
F:---
T:000b:0.5428,-0.3181,0.0916,0.0382,-0.2676,0.0580,0.0669,-0.3899
C:000b:0.0000,0.0000,0.0000,0.0000,0.0000,0.0000,0.0000,0.0000
M:000b:0.1795,-0.1033,-0.0927,-0.0967,0.0995,0.0535,0.0072,0.1273
I:000b:0.4907,-0.0438,-0.0643,-0.1886,-0.3224,0.2147,0.4140,0.1527
F:---
T:000d:0.5613,-0.3111,0.0191,0.0203,-0.3040,0.0098,0.1260,-0.4451
C:000d:0.0000,0.0000,0.0000,0.0000,0.0000,0.0000,0.0000,0.0000
M:000d:0.1704,-0.0876,-0.0728,-0.1175,0.0839,0.0906,0.0270,0.1441
I:000d:0.5197,0.0932,0.0678,-0.2248,-0.3866,0.3028,0.4675,0.1671
F:---
T:000f:0.5709,-0.2681,-0.0369,0.0746,-0.3485,0.0098,0.1718,-0.4722
C:000f:0.0000,0.0000,0.0000,0.0000,0.0000,0.0000,0.0000,0.0000
M:000f:0.1663,-0.0825,-0.0662,-0.1225,0.0314,0.0945,0.0481,0.1393
I:000f:0.5187,0.1898,0.1632,-0.2167,-0.4262,0.3913,0.4853,0.1711
F:---
T:0010:0.5719,-0.2101,-0.0150,0.0919,-0.3747,0.0118,0.1846,-0.4742
C:0011:0.0000,0.0000,0.0000,0.0000,0.0000,0.0000,0.0000,0.0000
M:0011:0.1873,-0.0814,-0.0918,-0.1346,-0.0224,0.0651,0.0695,0.1350
I:0011:0.5022,0.2438,0.2221,-0.1653,-0.4439,0.4521,0.4794,0.1549
F:---
T:0012:0.5686,-0.1977,0.0035,0.0508,-0.3820,-0.0255,0.1935,-0.4626
C:0012:0.0000,0.0000,0.0000,0.0000,0.0000,0.0000,0.0000,0.0000
M:0013:0.2287,-0.0681,-0.1351,-0.1686,-0.0514,0.0307,0.0864,0.1532
I:0013:0.4782,0.2543,0.2507,-0.0782,-0.4473,0.4850,0.4591,0.1163
F:---
T:0014:0.5702,-0.2067,-0.0304,0.0461,-0.3966,-0.0583,0.2167,-0.4515
C:0014:0.0000,0.0000,0.0000,0.0000,0.0000,0.0000,0.0000,0.0000
M:0015:0.2696,-0.0275,-0.1685,-0.2180,-0.0621,0.0260,0.0969,0.1886
I:0015:0.4481,0.2189,0.2514,0.0060,-0.4445,0.4999,0.4294,0.0806
F:1.0000@20
A:1.0000@20
T:0017:0.5756,-0.1920,-0.0447,0.0816,-0.4194,-0.0581,0.2333,-0.4406
C:0018:0.0000,0.0000,0.0000,0.0000,0.0000,0.0000,0.0000,0.0000
M:0019:0.2922,0.0274,-0.1829,-0.2653,-0.0787,0.0455,0.1056,0.2175
I:0019:0.4191,0.1492,0.2211,0.0724,-0.4366,0.5013,0.3991,0.0592
F:0.9938@20
A:0.9938@20
T:001a:0.5793,-0.1733,-0.0153,0.0872,-0.4338,-0.0601,0.2340,-0.4251
C:001a:0.0000,0.0000,0.0000,0.0000,0.0000,0.0000,0.0000,0.0000
M:001a:0.2982,0.0751,-0.1876,-0.3011,-0.1117,0.0635,0.1185,0.2265
I:001a:0.4041,0.0669,0.1677,0.1265,-0.4231,0.4857,0.3792,0.0399
F:0.9779@20
A:0.9779@20
T:001c:0.5823,-0.1811,0.0005,0.0618,-0.4410,-0.0833,0.2362,-0.4094
C:001c:0.0000,0.0000,0.0000,0.0000,0.0000,0.0000,0.0000,0.0000
M:001c:0.3015,0.1085,-0.1955,-0.3265,-0.1522,0.0650,0.1356,0.2202
I:001d:0.4076,-0.0090,0.1093,0.1651,-0.4088,0.4529,0.3740,0.0218
F:0.9585@20
A:0.9585@20
T:001e:0.5880,-0.1942,-0.0149,0.0629,-0.4529,-0.1011,0.2480,-0.3996
C:001e:0.0000,0.0000,0.0000,0.0000,0.0000,0.0000,0.0000,0.0000
M:001e:0.3116,0.1304,-0.2118,-0.3462,-0.1865,0.0512,0.1519,0.2118
I:001e:0.4229,-0.0674,0.0620,0.1786,-0.4018,0.4130,0.3823,0.0168
F:0.9386@20
A:0.9386@20
T:0020:0.5945,-0.1890,-0.0163,0.0839,-0.4676,-0.1009,0.2558,-0.3922
C:0021:0.0000,0.0000,0.0000,0.0000,0.0000,0.0000,0.0000,0.0000
M:0021:0.3277,0.1482,-0.2319,-0.3644,-0.2077,0.0348,0.1634,0.2118
I:0021:0.4425,-0.1001,0.0338,0.1704,-0.4036,0.3768,0.4003,0.0213
F:0.9235@20
A:0.9235@20
T:0023:0.5990,-0.1819,0.0036,0.0843,-0.4768,-0.1036,0.2557,-0.3829
C:0023:0.0000,0.0000,0.0000,0.0000,0.0000,0.0000,0.0000,0.0000
M:0023:0.3436,0.1663,-0.2491,-0.3822,-0.2181,0.0268,0.1700,0.2201
I:0024:0.4617,-0.1080,0.0277,0.1537,-0.4105,0.3500,0.4224,0.0229
F:0.9183@20
A:0.9183@20
T:0025:0.6024,-0.1887,0.0113,0.0700,-0.4823,-0.1173,0.2578,-0.3744
C:0025:0.0000,0.0000,0.0000,0.0000,0.0000,0.0000,0.0000,0.0000
M:0025:0.3546,0.1839,-0.2606,-0.3984,-0.2238,0.0273,0.1744,0.2306
I:0026:0.4769,-0.1010,0.0378,0.1366,-0.4196,0.3388,0.4426,0.0226
F:0.9144@20
A:0.9144@20
T:0027:0.6066,-0.1961,0.0026,0.0723,-0.4899,-0.1267,0.2648,-0.3693
C:0027:0.0000,0.0000,0.0000,0.0000,0.0000,0.0000,0.0000,0.0000
M:0027:0.3603,0.1989,-0.2668,-0.4113,-0.2299,0.0319,0.1788,0.2381
I:0027:0.4863,-0.0866,0.0534,0.1214,-0.4290,0.3433,0.4574,0.0279
F:0.9186@20
A:0.9186@20
T:0029:0.6106,-0.1926,0.0033,0.0839,-0.4981,-0.1267,0.2690,-0.3653
C:0029:0.0000,0.0000,0.0000,0.0000,0.0000,0.0000,0.0000,0.0000
M:002a:0.3631,0.2098,-0.2709,-0.4208,-0.2374,0.0345,0.1839,0.2417
I:002a:0.4904,-0.0664,0.0695,0.1116,-0.4368,0.3554,0.4662,0.0354
F:0.9217@20
A:0.9217@20
T:002b:0.6132,-0.1891,0.0142,0.0831,-0.5030,-0.1288,0.2690,-0.3601
C:002b:0.0000,0.0000,0.0000,0.0000,0.0000,0.0000,0.0000,0.0000
M:002b:0.3655,0.2171,-0.2748,-0.4277,-0.2449,0.0336,0.1889,0.2434
I:002b:0.4907,-0.0459,0.0849,0.1091,-0.4422,0.3681,0.4697,0.0374
F:0.9256@20
A:0.9256@20
T:002c:0.6153,-0.1932,0.0176,0.0756,-0.5062,-0.1363,0.2705,-0.3553
C:002c:0.0000,0.0000,0.0000,0.0000,0.0000,0.0000,0.0000,0.0000
M:002c:0.3687,0.2226,-0.2785,-0.4331,-0.2511,0.0313,0.1927,0.2453
I:002d:0.4877,-0.0332,0.0970,0.1117,-0.4452,0.3802,0.4692,0.0352
F:0.9253@20
A:0.9253@20
T:002e:0.6176,-0.1969,0.0131,0.0775,-0.5103,-0.1411,0.2743,-0.3525
C:002e:0.0000,0.0000,0.0000,0.0000,0.0000,0.0000,0.0000,0.0000
M:002e:0.3721,0.2271,-0.2823,-0.4379,-0.2555,0.0286,0.1956,0.2481
I:002e:0.4831,-0.0295,0.1020,0.1162,-0.4464,0.3909,0.4660,0.0349
F:0.9270@20
A:0.9270@20
T:0030:0.6197,-0.1950,0.0139,0.0836,-0.5145,-0.1411,0.2763,-0.3501
C:0030:0.0000,0.0000,0.0000,0.0000,0.0000,0.0000,0.0000,0.0000
M:0030:0.3751,0.2314,-0.2852,-0.4424,-0.2585,0.0270,0.1975,0.2518
I:0030:0.4788,-0.0306,0.1007,0.1214,-0.4460,0.3976,0.4621,0.0358
F:0.9233@20
A:0.9233@20
T:0031:0.6211,-0.1934,0.0197,0.0828,-0.5170,-0.1424,0.2763,-0.3472
C:0032:0.0000,0.0000,0.0000,0.0000,0.0000,0.0000,0.0000,0.0000
M:0032:0.3775,0.2358,-0.2868,-0.4464,-0.2612,0.0272,0.1989,0.2553
I:0032:0.4758,-0.0341,0.0967,0.1265,-0.4446,0.3993,0.4588,0.0346
F:0.9210@20
A:0.9210@20
T:0033:0.6222,-0.1957,0.0212,0.0790,-0.5187,-0.1463,0.2771,-0.3446
C:0033:0.0000,0.0000,0.0000,0.0000,0.0000,0.0000,0.0000,0.0000
M:0033:0.3789,0.2394,-0.2880,-0.4499,-0.2638,0.0270,0.2004,0.2580
I:0033:0.4742,-0.0399,0.0918,0.1299,-0.4430,0.3981,0.4566,0.0326
F:0.9206@20
A:0.9206@20
T:0035:0.6234,-0.1976,0.0190,0.0802,-0.5208,-0.1487,0.2791,-0.3430
C:0035:0.0000,0.0000,0.0000,0.0000,0.0000,0.0000,0.0000,0.0000
M:0035:0.3799,0.2424,-0.2889,-0.4529,-0.2662,0.0263,0.2019,0.2602
I:0036:0.4740,-0.0460,0.0863,0.1307,-0.4418,0.3960,0.4557,0.0325
F:0.9161@20
A:0.9161@20
T:0037:0.6246,-0.1967,0.0197,0.0833,-0.5230,-0.1487,0.2801,-0.3417
C:0037:0.0000,0.0000,0.0000,0.0000,0.0000,0.0000,0.0000,0.0000
M:0037:0.3809,0.2449,-0.2897,-0.4556,-0.2684,0.0254,0.2032,0.2623
I:0037:0.4749,-0.0498,0.0817,0.1296,-0.4411,0.3934,0.4562,0.0335
F:0.9163@20
A:0.9163@20
T:0039:0.6253,-0.1959,0.0226,0.0828,-0.5242,-0.1494,0.2800,-0.3402
C:003a:0.0000,0.0000,0.0000,0.0000,0.0000,0.0000,0.0000,0.0000
M:003a:0.3818,0.2471,-0.2903,-0.4581,-0.2703,0.0245,0.2044,0.2645
I:003a:0.4764,-0.0507,0.0796,0.1275,-0.4409,0.3908,0.4575,0.0337
F:0.9130@20
A:0.9130@20
T:003b:0.6259,-0.1972,0.0233,0.0809,-0.5251,-0.1514,0.2805,-0.3388
C:003b:0.0000,0.0000,0.0000,0.0000,0.0000,0.0000,0.0000,0.0000
M:003b:0.3827,0.2492,-0.2908,-0.4604,-0.2720,0.0237,0.2054,0.2666
I:003b:0.4780,-0.0502,0.0795,0.1249,-0.4411,0.3892,0.4591,0.0336
F:0.9102@20
A:0.9102@20
T:003d:0.6265,-0.1981,0.0223,0.0815,-0.5262,-0.1526,0.2814,-0.3380
C:003d:0.0000,0.0000,0.0000,0.0000,0.0000,0.0000,0.0000,0.0000
M:003d:0.3835,0.2514,-0.2908,-0.4624,-0.2737,0.0236,0.2061,0.2685
I:003d:0.4792,-0.0487,0.0804,0.1222,-0.4417,0.3893,0.4606,0.0342
F:0.9115@20
A:0.9115@20
T:003f:0.6271,-0.1977,0.0226,0.0831,-0.5273,-0.1526,0.2819,-0.3374
C:003f:0.0000,0.0000,0.0000,0.0000,0.0000,0.0000,0.0000,0.0000
M:003f:0.3838,0.2529,-0.2913,-0.4644,-0.2751,0.0221,0.2071,0.2703
I:003f:0.4800,-0.0461,0.0819,0.1201,-0.4424,0.3902,0.4617,0.0352
F:0.9122@20
A:0.9122@20
T:0040:0.6274,-0.1973,0.0241,0.0828,-0.5279,-0.1530,0.2819,-0.3366
C:0040:0.0000,0.0000,0.0000,0.0000,0.0000,0.0000,0.0000,0.0000
M:0041:0.3845,0.2547,-0.2912,-0.4663,-0.2765,0.0219,0.2077,0.2721
I:0041:0.4803,-0.0433,0.0838,0.1189,-0.4429,0.3915,0.4623,0.0354
F:0.9129@20
A:0.9129@20
T:0042:0.6277,-0.1980,0.0245,0.0819,-0.5283,-0.1539,0.2821,-0.3359
C:0042:0.0000,0.0000,0.0000,0.0000,0.0000,0.0000,0.0000,0.0000
M:0042:0.3849,0.2563,-0.2912,-0.4680,-0.2778,0.0212,0.2084,0.2737
I:0042:0.4803,-0.0412,0.0855,0.1184,-0.4433,0.3930,0.4625,0.0352
F:0.9129@20
A:0.9129@20
T:0044:0.6281,-0.1984,0.0239,0.0822,-0.5289,-0.1545,0.2826,-0.3355
C:0044:0.0000,0.0000,0.0000,0.0000,0.0000,0.0000,0.0000,0.0000
M:0044:0.3854,0.2579,-0.2910,-0.4695,-0.2792,0.0209,0.2089,0.2751
I:0044:0.4799,-0.0400,0.0866,0.1184,-0.4435,0.3946,0.4623,0.0353
F:0.9138@20
A:0.9138@20
T:0045:0.6283,-0.1982,0.0241,0.0830,-0.5294,-0.1545,0.2828,-0.3352
C:0045:0.0000,0.0000,0.0000,0.0000,0.0000,0.0000,0.0000,0.0000
M:0045:0.3856,0.2592,-0.2911,-0.4710,-0.2804,0.0200,0.2096,0.2763
I:0046:0.4794,-0.0394,0.0869,0.1188,-0.4436,0.3957,0.4619,0.0355
F:0.9122@20
A:0.9122@20
T:0047:0.6285,-0.1980,0.0249,0.0828,-0.5297,-0.1547,0.2828,-0.3348
C:0047:0.0000,0.0000,0.0000,0.0000,0.0000,0.0000,0.0000,0.0000
M:0047:0.3860,0.2603,-0.2913,-0.4725,-0.2813,0.0190,0.2102,0.2778
I:0047:0.4790,-0.0393,0.0868,0.1193,-0.4434,0.3963,0.4615,0.0354
F:0.9108@20
A:0.9108@20
T:0049:0.6287,-0.1984,0.0250,0.0824,-0.5299,-0.1552,0.2830,-0.3345
C:0049:0.0000,0.0000,0.0000,0.0000,0.0000,0.0000,0.0000,0.0000
M:0049:0.3864,0.2617,-0.2910,-0.4739,-0.2823,0.0188,0.2106,0.2793
I:0049:0.4788,-0.0397,0.0865,0.1198,-0.4433,0.3965,0.4612,0.0351
F:0.9108@20
A:0.9108@20
T:004b:0.6288,-0.1986,0.0248,0.0825,-0.5302,-0.1555,0.2832,-0.3343
C:004c:0.0000,0.0000,0.0000,0.0000,0.0000,0.0000,0.0000,0.0000
M:004c:0.3865,0.2625,-0.2913,-0.4754,-0.2829,0.0175,0.2113,0.2808
I:004c:0.4786,-0.0403,0.0859,0.1200,-0.4431,0.3965,0.4610,0.0351
F:0.9089@20
A:0.9089@20
T:004d:0.6290,-0.1985,0.0249,0.0829,-0.5305,-0.1555,0.2833,-0.3341
C:004d:0.0000,0.0000,0.0000,0.0000,0.0000,0.0000,0.0000,0.0000
M:004d:0.3868,0.2636,-0.2912,-0.4769,-0.2834,0.0168,0.2119,0.2827
I:004d:0.4786,-0.0408,0.0854,0.1200,-0.4430,0.3963,0.4609,0.0352
F:0.9089@20
A:0.9089@20
T:004e:0.6291,-0.1984,0.0252,0.0828,-0.5306,-0.1556,0.2833,-0.3339
C:004f:0.0000,0.0000,0.0000,0.0000,0.0000,0.0000,0.0000,0.0000
M:004f:0.3871,0.2649,-0.2906,-0.4782,-0.2842,0.0170,0.2122,0.2843
I:004f:0.4787,-0.0411,0.0850,0.1199,-0.4429,0.3960,0.4609,0.0352
F:0.9093@20
A:0.9093@20
T:0051:0.6291,-0.1986,0.0253,0.0826,-0.5307,-0.1558,0.2834,-0.3338
C:0051:0.0000,0.0000,0.0000,0.0000,0.0000,0.0000,0.0000,0.0000
M:0051:0.3871,0.2657,-0.2907,-0.4797,-0.2850,0.0157,0.2130,0.2858
I:0051:0.4789,-0.0412,0.0848,0.1197,-0.4429,0.3958,0.4611,0.0351
F:0.9093@20
A:0.9093@20
T:0053:0.6292,-0.1987,0.0252,0.0827,-0.5309,-0.1560,0.2835,-0.3337
C:0053:0.0000,0.0000,0.0000,0.0000,0.0000,0.0000,0.0000,0.0000
M:0053:0.3873,0.2667,-0.2905,-0.4811,-0.2856,0.0149,0.2136,0.2876
I:0053:0.4790,-0.0412,0.0848,0.1194,-0.4429,0.3957,0.4612,0.0352
F:0.9086@20
A:0.9086@20
T:0055:0.6293,-0.1986,0.0252,0.0829,-0.5310,-0.1560,0.2835,-0.3336
C:0055:0.0000,0.0000,0.0000,0.0000,0.0000,0.0000,0.0000,0.0000
M:0055:0.3875,0.2677,-0.2901,-0.4826,-0.2863,0.0143,0.2141,0.2894
I:0055:0.4791,-0.0410,0.0849,0.1191,-0.4430,0.3957,0.4614,0.0353
F:0.9086@20
A:0.9086@20
T:0057:0.6293,-0.1986,0.0254,0.0828,-0.5311,-0.1560,0.2835,-0.3335
C:0058:0.0000,0.0000,0.0000,0.0000,0.0000,0.0000,0.0000,0.0000
M:0058:0.3877,0.2688,-0.2898,-0.4839,-0.2871,0.0138,0.2146,0.2911
I:0058:0.4792,-0.0407,0.0851,0.1190,-0.4430,0.3958,0.4615,0.0353
F:0.9086@20
A:0.9086@20
T:0059:0.6294,-0.1987,0.0255,0.0827,-0.5311,-0.1561,0.2836,-0.3334
C:005a:0.0000,0.0000,0.0000,0.0000,0.0000,0.0000,0.0000,0.0000
M:005a:0.3879,0.2698,-0.2895,-0.4853,-0.2879,0.0131,0.2151,0.2927
I:005a:0.4792,-0.0404,0.0853,0.1188,-0.4431,0.3959,0.4615,0.0353
F:0.9086@20
A:0.9086@20
T:005b:0.6294,-0.1987,0.0254,0.0828,-0.5312,-0.1562,0.2836,-0.3334
C:005b:0.0000,0.0000,0.0000,0.0000,0.0000,0.0000,0.0000,0.0000
M:005b:0.3880,0.2709,-0.2892,-0.4867,-0.2888,0.0124,0.2156,0.2942
I:005b:0.4792,-0.0402,0.0854,0.1188,-0.4431,0.3961,0.4615,0.0353
F:0.9076@20
A:0.9076@20
T:005d:0.6295,-0.1987,0.0254,0.0829,-0.5312,-0.1562,0.2836,-0.3333
C:005d:0.0000,0.0000,0.0000,0.0000,0.0000,0.0000,0.0000,0.0000
M:005d:0.3883,0.2721,-0.2887,-0.4879,-0.2898,0.0123,0.2160,0.2956
I:005d:0.4792,-0.0401,0.0855,0.1188,-0.4432,0.3962,0.4615,0.0354
F:0.9076@20
A:0.9076@20
T:005f:0.6295,-0.1987,0.0255,0.0828,-0.5313,-0.1562,0.2836,-0.3333
C:005f:0.0000,0.0000,0.0000,0.0000,0.0000,0.0000,0.0000,0.0000
M:005f:0.3883,0.2729,-0.2888,-0.4892,-0.2906,0.0108,0.2166,0.2970
I:0060:0.4791,-0.0400,0.0855,0.1188,-0.4432,0.3963,0.4615,0.0354
F:0.9068@20
A:0.9068@20
T:0061:0.6295,-0.1987,0.0255,0.0828,-0.5313,-0.1563,0.2837,-0.3332
C:0061:0.0000,0.0000,0.0000,0.0000,0.0000,0.0000,0.0000,0.0000
M:0061:0.3885,0.2738,-0.2887,-0.4906,-0.2911,0.0100,0.2171,0.2987
I:0062:0.4791,-0.0400,0.0855,0.1189,-0.4431,0.3964,0.4615,0.0353
F:0.9059@20
A:0.9059@20
T:0063:0.6295,-0.1987,0.0255,0.0828,-0.5313,-0.1563,0.2837,-0.3332
C:0063:0.0000,0.0000,0.0000,0.0000,0.0000,0.0000,0.0000,0.0000
M:0063:0.3888,0.2749,-0.2883,-0.4920,-0.2916,0.0094,0.2176,0.3005
I:0063:0.4791,-0.0401,0.0855,0.1189,-0.4431,0.3964,0.4614,0.0353
F:0.9057@20
A:0.9057@20
T:0065:0.6295,-0.1987,0.0255,0.0829,-0.5314,-0.1563,0.2837,-0.3332
C:0065:0.0000,0.0000,0.0000,0.0000,0.0000,0.0000,0.0000,0.0000
M:0065:0.3889,0.2759,-0.2880,-0.4933,-0.2923,0.0089,0.2180,0.3021
I:0066:0.4791,-0.0401,0.0854,0.1189,-0.4431,0.3964,0.4614,0.0353
F:0.9057@20
A:0.9057@20
T:0067:0.6295,-0.1987,0.0256,0.0828,-0.5314,-0.1563,0.2837,-0.3332
C:0067:0.0000,0.0000,0.0000,0.0000,0.0000,0.0000,0.0000,0.0000
M:0067:0.3890,0.2769,-0.2877,-0.4946,-0.2930,0.0083,0.2185,0.3036
I:0068:0.4791,-0.0402,0.0854,0.1189,-0.4431,0.3964,0.4614,0.0353
F:0.9057@20
A:0.9057@20
T:006a:0.6295,-0.1987,0.0256,0.0828,-0.5314,-0.1564,0.2837,-0.3331
C:006a:0.0000,0.0000,0.0000,0.0000,0.0000,0.0000,0.0000,0.0000
M:006a:0.3891,0.2778,-0.2874,-0.4958,-0.2937,0.0076,0.2190,0.3051
I:006b:0.4791,-0.0402,0.0853,0.1189,-0.4431,0.3964,0.4614,0.0353
F:0.9057@20
A:0.9057@20
T:006c:0.6296,-0.1987,0.0255,0.0828,-0.5314,-0.1564,0.2837,-0.3331
C:006d:0.0000,0.0000,0.0000,0.0000,0.0000,0.0000,0.0000,0.0000
M:006d:0.3891,0.2785,-0.2874,-0.4972,-0.2942,0.0062,0.2197,0.3068
I:006d:0.4791,-0.0402,0.0853,0.1189,-0.4431,0.3963,0.4614,0.0353
F:0.9057@20
A:0.9057@20
T:006e:0.6296,-0.1987,0.0256,0.0829,-0.5314,-0.1564,0.2837,-0.3331
C:006e:0.0000,0.0000,0.0000,0.0000,0.0000,0.0000,0.0000,0.0000
M:006e:0.3894,0.2795,-0.2870,-0.4986,-0.2946,0.0056,0.2202,0.3087
I:006f:0.4791,-0.0402,0.0853,0.1189,-0.4431,0.3963,0.4614,0.0353
F:0.9053@20
A:0.9053@20
T:0070:0.6296,-0.1987,0.0256,0.0828,-0.5314,-0.1564,0.2837,-0.3331
C:0070:0.0000,0.0000,0.0000,0.0000,0.0000,0.0000,0.0000,0.0000
M:0070:0.3895,0.2805,-0.2866,-0.4999,-0.2953,0.0052,0.2206,0.3105
I:0071:0.4791,-0.0402,0.0853,0.1189,-0.4431,0.3963,0.4614,0.0353
F:0.9039@20
A:0.9039@20
T:0072:0.6296,-0.1987,0.0256,0.0828,-0.5315,-0.1564,0.2837,-0.3331
C:0072:0.0000,0.0000,0.0000,0.0000,0.0000,0.0000,0.0000,0.0000
M:0072:0.3896,0.2815,-0.2861,-0.5012,-0.2960,0.0046,0.2210,0.3120
I:0073:0.4791,-0.0402,0.0854,0.1188,-0.4431,0.3963,0.4615,0.0353
F:0.9031@20
A:0.9031@20
T:0074:0.6296,-0.1987,0.0256,0.0828,-0.5315,-0.1564,0.2837,-0.3331
C:0074:0.0000,0.0000,0.0000,0.0000,0.0000,0.0000,0.0000,0.0000
M:0074:0.3897,0.2824,-0.2858,-0.5024,-0.2968,0.0039,0.2215,0.3134
I:0074:0.4791,-0.0401,0.0854,0.1188,-0.4431,0.3964,0.4615,0.0353
F:0.9031@20
A:0.9031@20
T:0076:0.6296,-0.1987,0.0256,0.0829,-0.5315,-0.1564,0.2837,-0.3331
C:0078:0.0000,0.0000,0.0000,0.0000,0.0000,0.0000,0.0000,0.0000
M:0078:0.3898,0.2833,-0.2855,-0.5036,-0.2975,0.0031,0.2220,0.3149
I:0078:0.4791,-0.0401,0.0854,0.1188,-0.4431,0.3964,0.4615,0.0353
F:0.9031@20
A:0.9031@20
T:0079:0.6296,-0.1987,0.0256,0.0829,-0.5315,-0.1564,0.2837,-0.3331
C:0079:0.0000,0.0000,0.0000,0.0000,0.0000,0.0000,0.0000,0.0000
M:0079:0.3898,0.2840,-0.2855,-0.5050,-0.2979,0.0017,0.2226,0.3165
I:0079:0.4791,-0.0401,0.0854,0.1188,-0.4431,0.3964,0.4615,0.0353
F:0.9031@20
A:0.9031@20
T:007b:0.6296,-0.1987,0.0256,0.0828,-0.5315,-0.1564,0.2837,-0.3331
C:007b:0.0000,0.0000,0.0000,0.0000,0.0000,0.0000,0.0000,0.0000
M:007b:0.3902,0.2852,-0.2849,-0.5062,-0.2985,0.0017,0.2229,0.3182
I:007b:0.4791,-0.0401,0.0854,0.1188,-0.4431,0.3964,0.4615,0.0353
F:0.9029@20
A:0.9029@20
T:007c:0.6296,-0.1987,0.0256,0.0828,-0.5315,-0.1564,0.2838,-0.3331
C:007c:0.0000,0.0000,0.0000,0.0000,0.0000,0.0000,0.0000,0.0000
M:007c:0.3902,0.2861,-0.2845,-0.5073,-0.2993,0.0012,0.2232,0.3195
I:007c:0.4791,-0.0401,0.0854,0.1188,-0.4431,0.3964,0.4615,0.0353
F:0.9029@20
A:0.9029@20
T:007e:0.6296,-0.1987,0.0256,0.0829,-0.5315,-0.1564,0.2838,-0.3331
C:007e:0.0000,0.0000,0.0000,0.0000,0.0000,0.0000,0.0000,0.0000
M:007e:0.3902,0.2870,-0.2843,-0.5084,-0.3000,0.0003,0.2237,0.3208
I:007f:0.4791,-0.0401,0.0854,0.1188,-0.4431,0.3964,0.4615,0.0353
F:0.9018@20
A:0.9018@20
T:0080:0.6296,-0.1987,0.0256,0.0829,-0.5315,-0.1564,0.2838,-0.3331
C:0080:0.0000,0.0000,0.0000,0.0000,0.0000,0.0000,0.0000,0.0000
M:0080:0.3903,0.2877,-0.2841,-0.5096,-0.3006,-0.0005,0.2242,0.3221
I:0080:0.4791,-0.0401,0.0854,0.1188,-0.4431,0.3964,0.4615,0.0353
F:0.9018@20
A:0.9018@20
T:0081:0.6296,-0.1987,0.0256,0.0828,-0.5315,-0.1564,0.2838,-0.3331
C:0081:0.0000,0.0000,0.0000,0.0000,0.0000,0.0000,0.0000,0.0000
M:0082:0.3905,0.2887,-0.2836,-0.5106,-0.3013,-0.0006,0.2244,0.3234
I:0082:0.4791,-0.0401,0.0854,0.1188,-0.4431,0.3964,0.4615,0.0353
F:0.9010@20
A:0.9010@20
T:0083:0.6296,-0.1987,0.0256,0.0828,-0.5315,-0.1564,0.2838,-0.3331
C:0083:0.0000,0.0000,0.0000,0.0000,0.0000,0.0000,0.0000,0.0000
M:0083:0.3905,0.2895,-0.2834,-0.5115,-0.3019,-0.0015,0.2248,0.3245
I:0083:0.4791,-0.0401,0.0854,0.1188,-0.4431,0.3964,0.4615,0.0353
F:0.9010@20
A:0.9010@20
T:0085:0.6296,-0.1987,0.0256,0.0829,-0.5315,-0.1564,0.2838,-0.3331
C:0085:0.0000,0.0000,0.0000,0.0000,0.0000,0.0000,0.0000,0.0000
M:0086:0.3906,0.2901,-0.2833,-0.5126,-0.3023,-0.0024,0.2252,0.3257
I:0086:0.4791,-0.0401,0.0854,0.1188,-0.4431,0.3964,0.4615,0.0353
F:0.8999@20
A:0.8999@20
T:0087:0.6296,-0.1987,0.0256,0.0829,-0.5315,-0.1564,0.2838,-0.3331
C:0087:0.0000,0.0000,0.0000,0.0000,0.0000,0.0000,0.0000,0.0000
M:0087:0.3907,0.2908,-0.2831,-0.5136,-0.3026,-0.0032,0.2256,0.3271
I:0088:0.4791,-0.0401,0.0854,0.1188,-0.4431,0.3964,0.4615,0.0353
F:0.8999@20
A:0.8999@20
T:0089:0.6296,-0.1987,0.0256,0.0829,-0.5315,-0.1564,0.2838,-0.3331
C:0089:0.0000,0.0000,0.0000,0.0000,0.0000,0.0000,0.0000,0.0000
M:0089:0.3908,0.2915,-0.2829,-0.5147,-0.3029,-0.0038,0.2260,0.3286
I:0089:0.4791,-0.0401,0.0854,0.1188,-0.4431,0.3964,0.4615,0.0353
F:0.8999@20
A:0.8999@20
T:008b:0.6296,-0.1987,0.0256,0.0829,-0.5315,-0.1564,0.2838,-0.3331
C:008b:0.0000,0.0000,0.0000,0.0000,0.0000,0.0000,0.0000,0.0000
M:008c:0.3909,0.2922,-0.2826,-0.5158,-0.3032,-0.0044,0.2264,0.3300
I:008c:0.4791,-0.0401,0.0854,0.1188,-0.4431,0.3964,0.4615,0.0353
F:0.8996@20
A:0.8996@20
T:008d:0.6296,-0.1987,0.0256,0.0829,-0.5315,-0.1564,0.2838,-0.3331
C:008d:0.0000,0.0000,0.0000,0.0000,0.0000,0.0000,0.0000,0.0000
M:008d:0.3909,0.2929,-0.2823,-0.5168,-0.3035,-0.0050,0.2268,0.3314
I:008d:0.4791,-0.0401,0.0854,0.1188,-0.4431,0.3964,0.4615,0.0353
F:0.8996@20
A:0.8996@20
T:008e:0.6296,-0.1987,0.0256,0.0829,-0.5315,-0.1564,0.2838,-0.3331
C:008e:0.0000,0.0000,0.0000,0.0000,0.0000,0.0000,0.0000,0.0000
M:008e:0.3910,0.2937,-0.2817,-0.5177,-0.3041,-0.0050,0.2270,0.3326
I:008f:0.4791,-0.0401,0.0854,0.1188,-0.4431,0.3964,0.4615,0.0353
F:0.8996@20
A:0.8996@20
T:0090:0.6296,-0.1987,0.0256,0.0829,-0.5315,-0.1564,0.2838,-0.3331
C:0090:0.0000,0.0000,0.0000,0.0000,0.0000,0.0000,0.0000,0.0000
M:0091:0.3909,0.2943,-0.2815,-0.5186,-0.3047,-0.0059,0.2274,0.3337
I:0091:0.4791,-0.0401,0.0854,0.1188,-0.4431,0.3964,0.4615,0.0353
F:0.8996@20
A:0.8996@20
T:0092:0.6296,-0.1987,0.0256,0.0829,-0.5315,-0.1564,0.2838,-0.3331
C:0092:0.0000,0.0000,0.0000,0.0000,0.0000,0.0000,0.0000,0.0000
M:0092:0.3910,0.2949,-0.2814,-0.5195,-0.3051,-0.0068,0.2279,0.3349
I:0092:0.4791,-0.0401,0.0854,0.1188,-0.4431,0.3964,0.4615,0.0353
F:0.8996@20
A:0.8996@20
T:0094:0.6296,-0.1987,0.0256,0.0829,-0.5315,-0.1564,0.2838,-0.3331
C:0094:0.0000,0.0000,0.0000,0.0000,0.0000,0.0000,0.0000,0.0000
M:0094:0.3911,0.2955,-0.2812,-0.5205,-0.3053,-0.0076,0.2283,0.3362
I:0094:0.4791,-0.0401,0.0854,0.1188,-0.4431,0.3964,0.4615,0.0353
F:0.8987@20
A:0.8987@20
T:0095:0.6296,-0.1987,0.0256,0.0829,-0.5315,-0.1564,0.2838,-0.3331
C:0095:0.0000,0.0000,0.0000,0.0000,0.0000,0.0000,0.0000,0.0000
M:0096:0.3913,0.2963,-0.2807,-0.5214,-0.3057,-0.0076,0.2284,0.3375
I:0096:0.4791,-0.0401,0.0854,0.1188,-0.4431,0.3964,0.4615,0.0353
F:0.8987@20
A:0.8987@20
T:0097:0.6296,-0.1987,0.0256,0.0829,-0.5315,-0.1564,0.2838,-0.3331
C:0097:0.0000,0.0000,0.0000,0.0000,0.0000,0.0000,0.0000,0.0000
M:0097:0.3912,0.2969,-0.2805,-0.5223,-0.3062,-0.0084,0.2288,0.3386
I:0097:0.4791,-0.0401,0.0854,0.1188,-0.4431,0.3964,0.4615,0.0353
F:0.8987@20
A:0.8987@20
T:0099:0.6296,-0.1987,0.0256,0.0829,-0.5315,-0.1564,0.2838,-0.3331
C:0099:0.0000,0.0000,0.0000,0.0000,0.0000,0.0000,0.0000,0.0000
M:0099:0.3913,0.2976,-0.2801,-0.5231,-0.3067,-0.0086,0.2290,0.3396
I:009a:0.4791,-0.0401,0.0854,0.1188,-0.4431,0.3964,0.4615,0.0353
F:0.8987@20
A:0.8987@20
T:009b:0.6296,-0.1987,0.0256,0.0829,-0.5315,-0.1564,0.2838,-0.3331
C:009b:0.0000,0.0000,0.0000,0.0000,0.0000,0.0000,0.0000,0.0000
M:009b:0.3912,0.2979,-0.2803,-0.5240,-0.3069,-0.0101,0.2296,0.3407
I:009b:0.4791,-0.0401,0.0854,0.1188,-0.4431,0.3964,0.4615,0.0353
F:0.8982@20
A:0.8982@20
T:009d:0.6296,-0.1987,0.0256,0.0829,-0.5315,-0.1564,0.2838,-0.3331
C:009d:0.0000,0.0000,0.0000,0.0000,0.0000,0.0000,0.0000,0.0000
M:009d:0.3913,0.2984,-0.2802,-0.5251,-0.3068,-0.0109,0.2300,0.3423
I:009d:0.4791,-0.0401,0.0854,0.1188,-0.4431,0.3964,0.4615,0.0353
F:0.8982@20
A:0.8982@20
T:009f:0.6296,-0.1987,0.0256,0.0829,-0.5315,-0.1564,0.2838,-0.3331
C:009f:0.0000,0.0000,0.0000,0.0000,0.0000,0.0000,0.0000,0.0000
M:009f:0.3914,0.2990,-0.2798,-0.5261,-0.3069,-0.0114,0.2303,0.3438
I:009f:0.4791,-0.0401,0.0854,0.1188,-0.4431,0.3964,0.4615,0.0353
F:0.8981@20
A:0.8981@20
T:00a3:0.6296,-0.1987,0.0256,0.0829,-0.5315,-0.1564,0.2838,-0.3331
C:00a3:0.0000,0.0000,0.0000,0.0000,0.0000,0.0000,0.0000,0.0000
M:00a3:0.3914,0.2996,-0.2794,-0.5270,-0.3071,-0.0119,0.2307,0.3453
I:00a3:0.4791,-0.0401,0.0854,0.1188,-0.4431,0.3964,0.4615,0.0354
F:0.8981@20
A:0.8981@20
T:00a5:0.6296,-0.1987,0.0256,0.0829,-0.5315,-0.1564,0.2838,-0.3331
C:00a5:0.0000,0.0000,0.0000,0.0000,0.0000,0.0000,0.0000,0.0000
M:00a5:0.3912,0.2998,-0.2796,-0.5282,-0.3069,-0.0137,0.2314,0.3470
I:00a6:0.4791,-0.0401,0.0854,0.1188,-0.4431,0.3964,0.4615,0.0354
F:0.8981@20
A:0.8981@20
T:00a7:0.6296,-0.1987,0.0256,0.0829,-0.5315,-0.1564,0.2838,-0.3331
C:00a7:0.0000,0.0000,0.0000,0.0000,0.0000,0.0000,0.0000,0.0000
M:00a7:0.3914,0.3004,-0.2791,-0.5295,-0.3068,-0.0141,0.2318,0.3490
I:00a8:0.4791,-0.0401,0.0854,0.1188,-0.4431,0.3964,0.4615,0.0354
F:0.8970@20
A:0.8970@20
T:00a9:0.6296,-0.1987,0.0256,0.0829,-0.5315,-0.1564,0.2838,-0.3331
C:00a9:0.0000,0.0000,0.0000,0.0000,0.0000,0.0000,0.0000,0.0000
M:00a9:0.3914,0.3012,-0.2785,-0.5305,-0.3071,-0.0143,0.2321,0.3508
I:00a9:0.4791,-0.0401,0.0854,0.1188,-0.4431,0.3964,0.4615,0.0354
F:0.8957@20
A:0.8957@20
T:00ab:0.6296,-0.1987,0.0256,0.0829,-0.5315,-0.1564,0.2838,-0.3331
C:00ac:0.0000,0.0000,0.0000,0.0000,0.0000,0.0000,0.0000,0.0000
M:00ac:0.3913,0.3019,-0.2779,-0.5315,-0.3077,-0.0148,0.2325,0.3522
I:00ac:0.4791,-0.0401,0.0854,0.1188,-0.4431,0.3964,0.4615,0.0354
F:0.8957@20
A:0.8957@20
T:00ad:0.6296,-0.1987,0.0256,0.0829,-0.5315,-0.1564,0.2838,-0.3331
C:00ad:0.0000,0.0000,0.0000,0.0000,0.0000,0.0000,0.0000,0.0000
M:00ad:0.3913,0.3026,-0.2775,-0.5325,-0.3083,-0.0155,0.2329,0.3535
I:00ad:0.4792,-0.0401,0.0854,0.1188,-0.4431,0.3964,0.4615,0.0354
F:0.8957@20
A:0.8957@20
T:00af:0.6296,-0.1987,0.0256,0.0829,-0.5315,-0.1564,0.2838,-0.3331
C:00af:0.0000,0.0000,0.0000,0.0000,0.0000,0.0000,0.0000,0.0000
M:00af:0.3913,0.3033,-0.2771,-0.5335,-0.3088,-0.0164,0.2333,0.3547
I:00b0:0.4792,-0.0401,0.0854,0.1188,-0.4431,0.3964,0.4615,0.0354
F:0.8957@20
A:0.8957@20
T:00b2:0.6296,-0.1987,0.0256,0.0829,-0.5315,-0.1564,0.2838,-0.3331
C:00b2:0.0000,0.0000,0.0000,0.0000,0.0000,0.0000,0.0000,0.0000
M:00b2:0.3914,0.3039,-0.2768,-0.5344,-0.3092,-0.0172,0.2337,0.3560
I:00b2:0.4792,-0.0401,0.0854,0.1188,-0.4431,0.3964,0.4615,0.0354
F:0.8957@20
A:0.8957@20
T:00b5:0.6296,-0.1987,0.0256,0.0829,-0.5315,-0.1564,0.2838,-0.3331
C:00b5:0.0000,0.0000,0.0000,0.0000,0.0000,0.0000,0.0000,0.0000
M:00b5:0.3913,0.3044,-0.2769,-0.5355,-0.3093,-0.0186,0.2342,0.3575
I:00b5:0.4792,-0.0401,0.0854,0.1188,-0.4431,0.3964,0.4615,0.0354
F:0.8957@20
A:0.8957@20
T:00b7:0.6296,-0.1987,0.0256,0.0829,-0.5315,-0.1564,0.2838,-0.3331
C:00b7:0.0000,0.0000,0.0000,0.0000,0.0000,0.0000,0.0000,0.0000
M:00b7:0.3914,0.3049,-0.2768,-0.5367,-0.3092,-0.0198,0.2347,0.3593
I:00b8:0.4792,-0.0401,0.0854,0.1188,-0.4431,0.3964,0.4615,0.0354
F:0.8957@20
A:0.8957@20
T:00b9:0.6296,-0.1987,0.0256,0.0829,-0.5315,-0.1564,0.2838,-0.3331
C:00b9:0.0000,0.0000,0.0000,0.0000,0.0000,0.0000,0.0000,0.0000
M:00b9:0.3916,0.3056,-0.2762,-0.5379,-0.3092,-0.0201,0.2350,0.3612
I:00ba:0.4792,-0.0401,0.0854,0.1188,-0.4431,0.3964,0.4615,0.0354
F:0.8952@20
A:0.8952@20
T:00bb:0.6296,-0.1987,0.0256,0.0829,-0.5315,-0.1564,0.2838,-0.3331
C:00bb:0.0000,0.0000,0.0000,0.0000,0.0000,0.0000,0.0000,0.0000
M:00bb:0.3915,0.3064,-0.2757,-0.5389,-0.3096,-0.0204,0.2353,0.3627
I:00bc:0.4792,-0.0401,0.0854,0.1188,-0.4431,0.3964,0.4615,0.0354
F:0.8952@20
A:0.8952@20
T:00bd:0.6296,-0.1987,0.0256,0.0829,-0.5315,-0.1564,0.2838,-0.3331
C:00bd:0.0000,0.0000,0.0000,0.0000,0.0000,0.0000,0.0000,0.0000
M:00bd:0.3914,0.3071,-0.2752,-0.5398,-0.3100,-0.0210,0.2357,0.3639
I:00bd:0.4792,-0.0401,0.0854,0.1188,-0.4431,0.3964,0.4615,0.0354
F:0.8944@20
A:0.8944@20
T:00bf:0.6296,-0.1987,0.0256,0.0829,-0.5315,-0.1564,0.2838,-0.3331
C:00bf:0.0000,0.0000,0.0000,0.0000,0.0000,0.0000,0.0000,0.0000
M:00bf:0.3913,0.3077,-0.2748,-0.5407,-0.3105,-0.0217,0.2361,0.3651
I:00bf:0.4792,-0.0401,0.0854,0.1188,-0.4431,0.3964,0.4615,0.0354
F:0.8935@20
A:0.8935@20
T:00c2:0.6296,-0.1987,0.0256,0.0829,-0.5315,-0.1564,0.2838,-0.3331
C:00c2:0.0000,0.0000,0.0000,0.0000,0.0000,0.0000,0.0000,0.0000
M:00c2:0.3913,0.3081,-0.2748,-0.5418,-0.3107,-0.0232,0.2366,0.3665
I:00c2:0.4792,-0.0401,0.0854,0.1188,-0.4431,0.3964,0.4615,0.0354
F:0.8935@20
A:0.8935@20
T:00c4:0.6296,-0.1987,0.0256,0.0829,-0.5315,-0.1564,0.2838,-0.3331
C:00c4:0.0000,0.0000,0.0000,0.0000,0.0000,0.0000,0.0000,0.0000
M:00c4:0.3915,0.3089,-0.2742,-0.5427,-0.3110,-0.0232,0.2368,0.3680
I:00c5:0.4792,-0.0401,0.0854,0.1188,-0.4432,0.3963,0.4615,0.0354
F:0.8935@20
A:0.8935@20
T:00c6:0.6296,-0.1987,0.0256,0.0829,-0.5315,-0.1564,0.2838,-0.3331
C:00c6:0.0000,0.0000,0.0000,0.0000,0.0000,0.0000,0.0000,0.0000
M:00c7:0.3914,0.3093,-0.2741,-0.5436,-0.3112,-0.0244,0.2373,0.3693
I:00c7:0.4792,-0.0401,0.0854,0.1188,-0.4432,0.3963,0.4615,0.0354
F:0.8935@20
A:0.8935@20
{
  "exo_version": "0.12",
  "last_tick": 200,
  "attractor": {
    "events": 1,
    "sim_mean": 0.8935
  },
  "memory": {
    "unique_patterns": 1,
    "familiarity_mean": 0.8931
  },
  "path_dependency_index": 1.9150,
  "sedimentation": true
}

T:00cb:0.6296,-0.1987,0.0256,0.0829,-0.5315,-0.1564,0.2838,-0.3331
C:00cb:0.0000,0.0000,0.0000,0.0000,0.0000,0.0000,0.0000,0.0000
M:00cb:0.3914,0.3099,-0.2738,-0.5446,-0.3113,-0.0251,0.2376,0.3707
I:00cb:0.4792,-0.0401,0.0854,0.1188,-0.4432,0.3963,0.4615,0.0354
F:0.8931@20
A:0.8931@20
T:00cd:0.6296,-0.1987,0.0256,0.0829,-0.5315,-0.1564,0.2838,-0.3331
C:00cd:0.0000,0.0000,0.0000,0.0000,0.0000,0.0000,0.0000,0.0000
M:00cd:0.3912,0.3099,-0.2742,-0.5459,-0.3108,-0.0275,0.2385,0.3725
I:00cd:0.4792,-0.0401,0.0854,0.1188,-0.4432,0.3963,0.4615,0.0354
F:0.8931@20
A:0.8931@20
T:00cf:0.6296,-0.1987,0.0256,0.0829,-0.5315,-0.1564,0.2838,-0.3331
C:00cf:0.0000,0.0000,0.0000,0.0000,0.0000,0.0000,0.0000,0.0000
M:00d0:0.3916,0.3108,-0.2733,-0.5470,-0.3107,-0.0272,0.2387,0.3746
I:00d0:0.4792,-0.0401,0.0854,0.1188,-0.4432,0.3963,0.4615,0.0354
F:0.8919@20
A:0.8919@20
T:00d1:0.6296,-0.1987,0.0256,0.0829,-0.5315,-0.1564,0.2838,-0.3331
C:00d1:0.0000,0.0000,0.0000,0.0000,0.0000,0.0000,0.0000,0.0000
M:00d1:0.3913,0.3113,-0.2729,-0.5481,-0.3108,-0.0279,0.2390,0.3762
I:00d2:0.4792,-0.0401,0.0854,0.1188,-0.4432,0.3963,0.4615,0.0354
F:0.8919@20
A:0.8919@20
T:00d3:0.6296,-0.1987,0.0256,0.0829,-0.5315,-0.1564,0.2838,-0.3331
C:00d3:0.0000,0.0000,0.0000,0.0000,0.0000,0.0000,0.0000,0.0000
M:00d3:0.3912,0.3120,-0.2723,-0.5490,-0.3112,-0.0284,0.2394,0.3777
I:00d3:0.4792,-0.0401,0.0854,0.1188,-0.4432,0.3963,0.4615,0.0354
F:0.8919@20
A:0.8919@20
T:00d4:0.6296,-0.1987,0.0256,0.0829,-0.5315,-0.1564,0.2838,-0.3331
C:00d4:0.0000,0.0000,0.0000,0.0000,0.0000,0.0000,0.0000,0.0000
M:00d5:0.3913,0.3128,-0.2715,-0.5498,-0.3118,-0.0284,0.2396,0.3788
I:00d5:0.4792,-0.0401,0.0854,0.1188,-0.4432,0.3963,0.4615,0.0354
F:0.8919@20
A:0.8919@20
T:00d6:0.6296,-0.1987,0.0256,0.0829,-0.5315,-0.1564,0.2838,-0.3331
C:00d6:0.0000,0.0000,0.0000,0.0000,0.0000,0.0000,0.0000,0.0000
M:00d6:0.3911,0.3133,-0.2711,-0.5505,-0.3125,-0.0293,0.2399,0.3797
I:00d7:0.4792,-0.0401,0.0854,0.1188,-0.4432,0.3963,0.4615,0.0354
F:0.8910@20
A:0.8910@20
T:00d8:0.6296,-0.1987,0.0256,0.0829,-0.5315,-0.1564,0.2838,-0.3331
C:00d8:0.0000,0.0000,0.0000,0.0000,0.0000,0.0000,0.0000,0.0000
M:00d8:0.3911,0.3138,-0.2710,-0.5513,-0.3129,-0.0303,0.2403,0.3807
I:00d8:0.4792,-0.0401,0.0854,0.1188,-0.4432,0.3963,0.4615,0.0354
F:0.8900@20
A:0.8900@20
T:00da:0.6296,-0.1987,0.0256,0.0829,-0.5315,-0.1564,0.2838,-0.3331
C:00da:0.0000,0.0000,0.0000,0.0000,0.0000,0.0000,0.0000,0.0000
M:00da:0.3912,0.3143,-0.2709,-0.5522,-0.3131,-0.0312,0.2406,0.3818
I:00da:0.4792,-0.0402,0.0854,0.1188,-0.4432,0.3963,0.4615,0.0354
F:0.8900@20
A:0.8900@20
T:00db:0.6296,-0.1987,0.0256,0.0829,-0.5315,-0.1564,0.2838,-0.3331
C:00db:0.0000,0.0000,0.0000,0.0000,0.0000,0.0000,0.0000,0.0000
M:00db:0.3914,0.3150,-0.2704,-0.5529,-0.3133,-0.0313,0.2407,0.3829
I:00dc:0.4792,-0.0402,0.0854,0.1188,-0.4432,0.3963,0.4615,0.0354
F:0.8900@20
A:0.8900@20
T:00dd:0.6296,-0.1987,0.0256,0.0829,-0.5315,-0.1564,0.2838,-0.3331
C:00dd:0.0000,0.0000,0.0000,0.0000,0.0000,0.0000,0.0000,0.0000
M:00dd:0.3913,0.3155,-0.2702,-0.5536,-0.3136,-0.0320,0.2410,0.3838
I:00de:0.4792,-0.0402,0.0854,0.1188,-0.4432,0.3963,0.4615,0.0354
F:0.8900@20
A:0.8900@20
T:00df:0.6296,-0.1987,0.0256,0.0829,-0.5315,-0.1564,0.2838,-0.3331
C:00df:0.0000,0.0000,0.0000,0.0000,0.0000,0.0000,0.0000,0.0000
M:00df:0.3912,0.3158,-0.2701,-0.5544,-0.3137,-0.0329,0.2414,0.3848
I:00e0:0.4792,-0.0402,0.0854,0.1188,-0.4432,0.3963,0.4615,0.0354
F:0.8900@20
A:0.8900@20
T:00e1:0.6296,-0.1987,0.0256,0.0829,-0.5315,-0.1564,0.2838,-0.3331
C:00e1:0.0000,0.0000,0.0000,0.0000,0.0000,0.0000,0.0000,0.0000
M:00e1:0.3912,0.3162,-0.2700,-0.5551,-0.3136,-0.0336,0.2417,0.3860
I:00e2:0.4792,-0.0402,0.0854,0.1188,-0.4432,0.3963,0.4615,0.0354
F:0.8902@20
A:0.8902@20
T:00e3:0.6296,-0.1987,0.0256,0.0829,-0.5315,-0.1564,0.2838,-0.3331
C:00e3:0.0000,0.0000,0.0000,0.0000,0.0000,0.0000,0.0000,0.0000
M:00e3:0.3912,0.3165,-0.2698,-0.5559,-0.3135,-0.0343,0.2420,0.3872
I:00e3:0.4792,-0.0401,0.0854,0.1188,-0.4432,0.3963,0.4615,0.0354
F:0.8902@20
A:0.8902@20
T:00e5:0.6296,-0.1987,0.0256,0.0829,-0.5315,-0.1564,0.2838,-0.3331
C:00e5:0.0000,0.0000,0.0000,0.0000,0.0000,0.0000,0.0000,0.0000
M:00e5:0.3912,0.3171,-0.2692,-0.5566,-0.3137,-0.0343,0.2422,0.3882
I:00e5:0.4792,-0.0401,0.0854,0.1188,-0.4432,0.3963,0.4615,0.0354
F:0.8902@20
A:0.8902@20
T:00e7:0.6296,-0.1987,0.0256,0.0829,-0.5315,-0.1564,0.2838,-0.3331
C:00e7:0.0000,0.0000,0.0000,0.0000,0.0000,0.0000,0.0000,0.0000
M:00e7:0.3910,0.3172,-0.2693,-0.5573,-0.3137,-0.0356,0.2426,0.3893
I:00e7:0.4792,-0.0401,0.0854,0.1188,-0.4432,0.3963,0.4615,0.0354
F:0.8902@20
A:0.8902@20
T:00e9:0.6296,-0.1987,0.0256,0.0829,-0.5315,-0.1564,0.2838,-0.3331
C:00e9:0.0000,0.0000,0.0000,0.0000,0.0000,0.0000,0.0000,0.0000
M:00e9:0.3910,0.3175,-0.2691,-0.5581,-0.3135,-0.0364,0.2430,0.3906
I:00ea:0.4792,-0.0401,0.0854,0.1188,-0.4432,0.3963,0.4615,0.0354
F:0.8897@20
A:0.8897@20
T:00ed:0.6296,-0.1987,0.0256,0.0829,-0.5315,-0.1564,0.2838,-0.3331
C:00ee:0.0000,0.0000,0.0000,0.0000,0.0000,0.0000,0.0000,0.0000
M:00ee:0.3909,0.3177,-0.2691,-0.5590,-0.3131,-0.0375,0.2435,0.3920
I:00ee:0.4792,-0.0401,0.0854,0.1188,-0.4432,0.3963,0.4615,0.0354
F:0.8897@20
A:0.8897@20
T:00ef:0.6296,-0.1987,0.0256,0.0829,-0.5315,-0.1564,0.2838,-0.3331
C:00ef:0.0000,0.0000,0.0000,0.0000,0.0000,0.0000,0.0000,0.0000
M:00ef:0.3909,0.3179,-0.2689,-0.5600,-0.3127,-0.0386,0.2439,0.3937
I:00f0:0.4792,-0.0402,0.0854,0.1188,-0.4432,0.3963,0.4615,0.0354
F:0.8897@20
A:0.8897@20
T:00f1:0.6296,-0.1987,0.0256,0.0829,-0.5315,-0.1564,0.2838,-0.3331
C:00f1:0.0000,0.0000,0.0000,0.0000,0.0000,0.0000,0.0000,0.0000
M:00f1:0.3909,0.3184,-0.2684,-0.5609,-0.3124,-0.0389,0.2442,0.3953
I:00f1:0.4792,-0.0402,0.0854,0.1188,-0.4432,0.3963,0.4615,0.0354
F:0.8888@20
A:0.8888@20
T:00f3:0.6296,-0.1987,0.0256,0.0829,-0.5315,-0.1564,0.2838,-0.3331
C:00f3:0.0000,0.0000,0.0000,0.0000,0.0000,0.0000,0.0000,0.0000
M:00f3:0.3908,0.3189,-0.2678,-0.5617,-0.3125,-0.0392,0.2445,0.3967
I:00f4:0.4792,-0.0402,0.0854,0.1188,-0.4432,0.3963,0.4615,0.0354
F:0.8888@20
A:0.8888@20
T:00f5:0.6296,-0.1987,0.0256,0.0829,-0.5315,-0.1564,0.2838,-0.3331
C:00f5:0.0000,0.0000,0.0000,0.0000,0.0000,0.0000,0.0000,0.0000
M:00f5:0.3906,0.3193,-0.2673,-0.5625,-0.3128,-0.0398,0.2448,0.3979
I:00f6:0.4792,-0.0402,0.0854,0.1188,-0.4432,0.3963,0.4615,0.0354
F:0.8888@20
A:0.8888@20
T:00f7:0.6296,-0.1987,0.0256,0.0829,-0.5315,-0.1564,0.2838,-0.3331
C:00f7:0.0000,0.0000,0.0000,0.0000,0.0000,0.0000,0.0000,0.0000
M:00f7:0.3905,0.3197,-0.2669,-0.5632,-0.3130,-0.0405,0.2451,0.3990
I:00f7:0.4792,-0.0402,0.0854,0.1188,-0.4432,0.3963,0.4615,0.0354
F:0.8886@20
A:0.8886@20
T:00f9:0.6296,-0.1987,0.0256,0.0829,-0.5315,-0.1564,0.2838,-0.3331
C:00f9:0.0000,0.0000,0.0000,0.0000,0.0000,0.0000,0.0000,0.0000
M:00f9:0.3904,0.3201,-0.2666,-0.5639,-0.3132,-0.0413,0.2455,0.4001
I:00fb:0.4792,-0.0402,0.0854,0.1188,-0.4432,0.3963,0.4615,0.0354
F:0.8869@20
A:0.8869@20
T:00fc:0.6296,-0.1987,0.0256,0.0829,-0.5315,-0.1564,0.2838,-0.3331
C:00fc:0.0000,0.0000,0.0000,0.0000,0.0000,0.0000,0.0000,0.0000
M:00fc:0.3903,0.3203,-0.2666,-0.5648,-0.3131,-0.0426,0.2459,0.4013
I:00fd:0.4792,-0.0402,0.0854,0.1188,-0.4432,0.3963,0.4615,0.0354
F:0.8869@20
A:0.8869@20
T:00fe:0.6296,-0.1987,0.0256,0.0829,-0.5315,-0.1564,0.2838,-0.3331
C:00fe:0.0000,0.0000,0.0000,0.0000,0.0000,0.0000,0.0000,0.0000
M:00ff:0.3904,0.3207,-0.2663,-0.5657,-0.3129,-0.0433,0.2462,0.4027
I:00ff:0.4792,-0.0402,0.0854,0.1188,-0.4432,0.3963,0.4615,0.0354
F:0.8869@20
A:0.8869@20
T:0101:0.6296,-0.1987,0.0256,0.0829,-0.5315,-0.1564,0.2838,-0.3331
C:0101:0.0000,0.0000,0.0000,0.0000,0.0000,0.0000,0.0000,0.0000
M:0101:0.3903,0.3210,-0.2662,-0.5666,-0.3127,-0.0443,0.2466,0.4042
I:0101:0.4792,-0.0402,0.0854,0.1188,-0.4432,0.3963,0.4615,0.0354
F:0.8869@20
A:0.8869@20
T:0103:0.6296,-0.1987,0.0256,0.0829,-0.5315,-0.1564,0.2838,-0.3331
C:0103:0.0000,0.0000,0.0000,0.0000,0.0000,0.0000,0.0000,0.0000
M:0103:0.3903,0.3215,-0.2657,-0.5674,-0.3125,-0.0448,0.2469,0.4056
I:0103:0.4792,-0.0402,0.0854,0.1188,-0.4432,0.3963,0.4615,0.0354
F:0.8869@20
A:0.8869@20
T:0105:0.6296,-0.1987,0.0256,0.0829,-0.5315,-0.1564,0.2838,-0.3331
C:0105:0.0000,0.0000,0.0000,0.0000,0.0000,0.0000,0.0000,0.0000
M:0105:0.3902,0.3219,-0.2652,-0.5682,-0.3126,-0.0452,0.2472,0.4069
I:0106:0.4792,-0.0402,0.0854,0.1188,-0.4432,0.3963,0.4615,0.0354
F:0.8869@20
A:0.8869@20
T:0107:0.6296,-0.1987,0.0256,0.0829,-0.5315,-0.1564,0.2838,-0.3331
C:0107:0.0000,0.0000,0.0000,0.0000,0.0000,0.0000,0.0000,0.0000
M:0107:0.3900,0.3223,-0.2648,-0.5689,-0.3127,-0.0458,0.2475,0.4080
I:0108:0.4792,-0.0402,0.0854,0.1188,-0.4432,0.3963,0.4615,0.0354
F:0.8869@20
A:0.8869@20
T:0109:0.6296,-0.1987,0.0256,0.0829,-0.5315,-0.1564,0.2838,-0.3331
C:0109:0.0000,0.0000,0.0000,0.0000,0.0000,0.0000,0.0000,0.0000
M:0109:0.3899,0.3227,-0.2644,-0.5696,-0.3128,-0.0465,0.2478,0.4090
I:010a:0.4792,-0.0402,0.0854,0.1188,-0.4432,0.3963,0.4615,0.0354
F:0.8870@20
A:0.8870@20
T:010d:0.6296,-0.1987,0.0256,0.0829,-0.5315,-0.1564,0.2838,-0.3331
C:010d:0.0000,0.0000,0.0000,0.0000,0.0000,0.0000,0.0000,0.0000
M:010d:0.3898,0.3228,-0.2644,-0.5704,-0.3127,-0.0479,0.2483,0.4102
I:010d:0.4792,-0.0402,0.0854,0.1188,-0.4432,0.3963,0.4615,0.0354
F:0.8856@20
A:0.8856@20
T:010f:0.6296,-0.1987,0.0256,0.0829,-0.5315,-0.1564,0.2838,-0.3331
C:010f:0.0000,0.0000,0.0000,0.0000,0.0000,0.0000,0.0000,0.0000
M:010f:0.3897,0.3230,-0.2644,-0.5713,-0.3123,-0.0491,0.2487,0.4117
I:0110:0.4792,-0.0402,0.0854,0.1188,-0.4432,0.3963,0.4615,0.0354
F:0.8856@20
A:0.8856@20
T:0111:0.6296,-0.1987,0.0256,0.0829,-0.5315,-0.1564,0.2838,-0.3331
C:0111:0.0000,0.0000,0.0000,0.0000,0.0000,0.0000,0.0000,0.0000
M:0111:0.3898,0.3235,-0.2639,-0.5722,-0.3120,-0.0495,0.2490,0.4133
I:0111:0.4792,-0.0402,0.0854,0.1188,-0.4432,0.3963,0.4615,0.0354
F:0.8856@20
A:0.8856@20
T:0113:0.6296,-0.1987,0.0256,0.0829,-0.5315,-0.1564,0.2838,-0.3331
C:0113:0.0000,0.0000,0.0000,0.0000,0.0000,0.0000,0.0000,0.0000
M:0113:0.3897,0.3239,-0.2634,-0.5730,-0.3119,-0.0499,0.2492,0.4145
I:0114:0.4792,-0.0402,0.0854,0.1188,-0.4432,0.3963,0.4615,0.0354
F:0.8856@20
A:0.8856@20
T:0115:0.6296,-0.1987,0.0256,0.0829,-0.5315,-0.1564,0.2838,-0.3331
C:0115:0.0000,0.0000,0.0000,0.0000,0.0000,0.0000,0.0000,0.0000
M:0115:0.3895,0.3243,-0.2629,-0.5737,-0.3121,-0.0504,0.2495,0.4156
I:0116:0.4792,-0.0402,0.0854,0.1188,-0.4432,0.3963,0.4615,0.0354
F:0.8853@20
A:0.8853@20
T:0117:0.6296,-0.1987,0.0256,0.0829,-0.5315,-0.1564,0.2838,-0.3331
C:0117:0.0000,0.0000,0.0000,0.0000,0.0000,0.0000,0.0000,0.0000
M:0117:0.3894,0.3246,-0.2625,-0.5743,-0.3122,-0.0511,0.2498,0.4167
I:0118:0.4792,-0.0402,0.0854,0.1188,-0.4432,0.3963,0.4615,0.0354
F:0.8853@20
A:0.8853@20
T:0119:0.6296,-0.1987,0.0256,0.0829,-0.5315,-0.1564,0.2838,-0.3331
C:0119:0.0000,0.0000,0.0000,0.0000,0.0000,0.0000,0.0000,0.0000
M:0119:0.3893,0.3250,-0.2622,-0.5750,-0.3122,-0.0519,0.2501,0.4177
I:0119:0.4792,-0.0402,0.0854,0.1188,-0.4432,0.3963,0.4615,0.0354
F:0.8849@20
A:0.8849@20
T:011a:0.6296,-0.1987,0.0256,0.0829,-0.5315,-0.1564,0.2838,-0.3331
C:011a:0.0000,0.0000,0.0000,0.0000,0.0000,0.0000,0.0000,0.0000
M:011a:0.3893,0.3254,-0.2617,-0.5756,-0.3125,-0.0520,0.2502,0.4186
I:011a:0.4792,-0.0402,0.0854,0.1188,-0.4432,0.3963,0.4615,0.0354
F:0.8849@20
A:0.8849@20
T:011b:0.6296,-0.1987,0.0256,0.0829,-0.5315,-0.1564,0.2838,-0.3331
C:011c:0.0000,0.0000,0.0000,0.0000,0.0000,0.0000,0.0000,0.0000
M:011c:0.3893,0.3259,-0.2612,-0.5761,-0.3129,-0.0522,0.2503,0.4192
I:011c:0.4792,-0.0402,0.0854,0.1188,-0.4432,0.3963,0.4615,0.0354
F:0.8849@20
A:0.8849@20
T:011d:0.6296,-0.1987,0.0256,0.0829,-0.5315,-0.1564,0.2838,-0.3331
C:011d:0.0000,0.0000,0.0000,0.0000,0.0000,0.0000,0.0000,0.0000
M:011e:0.3891,0.3262,-0.2611,-0.5766,-0.3130,-0.0532,0.2506,0.4199
I:011e:0.4792,-0.0402,0.0854,0.1188,-0.4432,0.3963,0.4615,0.0354
F:0.8849@20
A:0.8849@20
T:011f:0.6296,-0.1987,0.0256,0.0829,-0.5315,-0.1564,0.2838,-0.3331
C:011f:0.0000,0.0000,0.0000,0.0000,0.0000,0.0000,0.0000,0.0000
M:011f:0.3890,0.3263,-0.2612,-0.5772,-0.3129,-0.0541,0.2509,0.4207
I:0120:0.4792,-0.0402,0.0854,0.1188,-0.4432,0.3963,0.4615,0.0354
F:0.8844@20
A:0.8844@20
T:0121:0.6296,-0.1987,0.0256,0.0829,-0.5315,-0.1564,0.2838,-0.3331
C:0121:0.0000,0.0000,0.0000,0.0000,0.0000,0.0000,0.0000,0.0000
M:0121:0.3891,0.3265,-0.2611,-0.5778,-0.3126,-0.0549,0.2512,0.4217
I:0122:0.4792,-0.0402,0.0854,0.1188,-0.4432,0.3963,0.4615,0.0354
F:0.8844@20
A:0.8844@20
T:0123:0.6296,-0.1987,0.0256,0.0829,-0.5315,-0.1564,0.2838,-0.3331
C:0123:0.0000,0.0000,0.0000,0.0000,0.0000,0.0000,0.0000,0.0000
M:0123:0.3890,0.3267,-0.2610,-0.5785,-0.3123,-0.0555,0.2514,0.4228
I:0124:0.4792,-0.0402,0.0854,0.1188,-0.4432,0.3963,0.4615,0.0354
F:0.8844@20
A:0.8844@20
T:0125:0.6296,-0.1987,0.0256,0.0829,-0.5315,-0.1564,0.2838,-0.3331
C:0125:0.0000,0.0000,0.0000,0.0000,0.0000,0.0000,0.0000,0.0000
M:0125:0.3889,0.3269,-0.2607,-0.5791,-0.3120,-0.0561,0.2517,0.4239
I:0125:0.4792,-0.0402,0.0854,0.1188,-0.4432,0.3963,0.4615,0.0354
F:0.8844@20
A:0.8844@20
T:0127:0.6296,-0.1987,0.0256,0.0829,-0.5315,-0.1564,0.2838,-0.3331
C:0127:0.0000,0.0000,0.0000,0.0000,0.0000,0.0000,0.0000,0.0000
M:0127:0.3888,0.3271,-0.2605,-0.5797,-0.3117,-0.0567,0.2520,0.4250
I:0127:0.4792,-0.0402,0.0854,0.1188,-0.4432,0.3963,0.4615,0.0354
F:0.8844@20
A:0.8844@20
T:0129:0.6296,-0.1987,0.0256,0.0829,-0.5315,-0.1564,0.2838,-0.3331
C:0129:0.0000,0.0000,0.0000,0.0000,0.0000,0.0000,0.0000,0.0000
M:012a:0.3887,0.3273,-0.2602,-0.5803,-0.3115,-0.0573,0.2523,0.4260
I:012a:0.4792,-0.0402,0.0854,0.1188,-0.4432,0.3963,0.4615,0.0354
F:0.8834@20
A:0.8834@20
T:012b:0.6296,-0.1987,0.0256,0.0829,-0.5315,-0.1564,0.2838,-0.3331
C:012b:0.0000,0.0000,0.0000,0.0000,0.0000,0.0000,0.0000,0.0000
M:012b:0.3885,0.3275,-0.2599,-0.5809,-0.3113,-0.0579,0.2526,0.4270
I:012b:0.4792,-0.0402,0.0854,0.1188,-0.4432,0.3963,0.4615,0.0354
F:0.8835@20
A:0.8835@20
T:012d:0.6296,-0.1987,0.0256,0.0829,-0.5315,-0.1564,0.2838,-0.3331
C:012d:0.0000,0.0000,0.0000,0.0000,0.0000,0.0000,0.0000,0.0000
M:012d:0.3884,0.3277,-0.2596,-0.5815,-0.3112,-0.0585,0.2528,0.4281
I:012e:0.4792,-0.0402,0.0854,0.1188,-0.4432,0.3963,0.4615,0.0354
F:0.8835@20
A:0.8835@20
T:012f:0.6296,-0.1987,0.0256,0.0829,-0.5315,-0.1564,0.2838,-0.3331
C:012f:0.0000,0.0000,0.0000,0.0000,0.0000,0.0000,0.0000,0.0000
M:012f:0.3883,0.3278,-0.2594,-0.5821,-0.3110,-0.0592,0.2531,0.4291
I:0130:0.4792,-0.0402,0.0854,0.1188,-0.4432,0.3963,0.4615,0.0354
F:0.8835@20
A:0.8835@20
T:0131:0.6296,-0.1987,0.0256,0.0829,-0.5315,-0.1564,0.2838,-0.3331
C:0131:0.0000,0.0000,0.0000,0.0000,0.0000,0.0000,0.0000,0.0000
M:0131:0.3882,0.3280,-0.2591,-0.5827,-0.3108,-0.0598,0.2534,0.4301
I:0131:0.4792,-0.0402,0.0854,0.1188,-0.4432,0.3963,0.4615,0.0354
F:0.8829@20
A:0.8829@20
T:0133:0.6296,-0.1987,0.0256,0.0829,-0.5315,-0.1564,0.2838,-0.3331
C:0133:0.0000,0.0000,0.0000,0.0000,0.0000,0.0000,0.0000,0.0000
M:0133:0.3881,0.3282,-0.2588,-0.5834,-0.3106,-0.0605,0.2536,0.4311
I:0134:0.4792,-0.0402,0.0854,0.1188,-0.4432,0.3963,0.4616,0.0354
F:0.8827@20
A:0.8827@20
T:0135:0.6296,-0.1987,0.0256,0.0829,-0.5315,-0.1564,0.2838,-0.3331
C:0135:0.0000,0.0000,0.0000,0.0000,0.0000,0.0000,0.0000,0.0000
M:0135:0.3880,0.3284,-0.2586,-0.5840,-0.3104,-0.0611,0.2539,0.4321
I:0136:0.4792,-0.0402,0.0854,0.1188,-0.4432,0.3963,0.4616,0.0354
F:0.8827@20
A:0.8827@20
T:0137:0.6296,-0.1987,0.0256,0.0829,-0.5315,-0.1564,0.2838,-0.3331
C:0138:0.0000,0.0000,0.0000,0.0000,0.0000,0.0000,0.0000,0.0000
M:0138:0.3879,0.3286,-0.2583,-0.5846,-0.3103,-0.0618,0.2542,0.4332
I:0138:0.4792,-0.0402,0.0854,0.1188,-0.4432,0.3963,0.4616,0.0354
F:0.8827@20
A:0.8827@20
T:013b:0.6296,-0.1987,0.0256,0.0829,-0.5315,-0.1564,0.2838,-0.3331
C:013c:0.0000,0.0000,0.0000,0.0000,0.0000,0.0000,0.0000,0.0000
M:013c:0.3877,0.3287,-0.2583,-0.5853,-0.3098,-0.0630,0.2546,0.4343
I:013c:0.4792,-0.0402,0.0854,0.1188,-0.4432,0.3963,0.4616,0.0354
F:0.8834@20
A:0.8834@20
T:013d:0.6296,-0.1987,0.0256,0.0829,-0.5315,-0.1564,0.2838,-0.3331
C:013d:0.0000,0.0000,0.0000,0.0000,0.0000,0.0000,0.0000,0.0000
M:013d:0.3876,0.3287,-0.2583,-0.5861,-0.3092,-0.0641,0.2551,0.4357
I:013d:0.4792,-0.0402,0.0854,0.1188,-0.4432,0.3963,0.4616,0.0354
F:0.8834@20
A:0.8834@20
T:013f:0.6296,-0.1987,0.0256,0.0829,-0.5315,-0.1564,0.2838,-0.3331
C:013f:0.0000,0.0000,0.0000,0.0000,0.0000,0.0000,0.0000,0.0000
M:013f:0.3876,0.3289,-0.2578,-0.5868,-0.3087,-0.0645,0.2553,0.4371
I:0140:0.4792,-0.0402,0.0854,0.1188,-0.4432,0.3963,0.4616,0.0354
F:0.8834@20
A:0.8834@20
T:0141:0.6296,-0.1987,0.0256,0.0829,-0.5315,-0.1564,0.2838,-0.3331
C:0141:0.0000,0.0000,0.0000,0.0000,0.0000,0.0000,0.0000,0.0000
M:0142:0.3874,0.3292,-0.2573,-0.5874,-0.3085,-0.0649,0.2555,0.4382
I:0142:0.4792,-0.0402,0.0854,0.1188,-0.4432,0.3963,0.4616,0.0354
F:0.8834@20
A:0.8834@20
T:0143:0.6296,-0.1987,0.0256,0.0829,-0.5315,-0.1564,0.2838,-0.3331
C:0143:0.0000,0.0000,0.0000,0.0000,0.0000,0.0000,0.0000,0.0000
M:0144:0.3872,0.3295,-0.2568,-0.5880,-0.3084,-0.0654,0.2558,0.4392
I:0144:0.4792,-0.0402,0.0854,0.1188,-0.4432,0.3963,0.4616,0.0354
F:0.8834@20
A:0.8834@20
T:0145:0.6296,-0.1987,0.0256,0.0829,-0.5315,-0.1564,0.2838,-0.3331
C:0145:0.0000,0.0000,0.0000,0.0000,0.0000,0.0000,0.0000,0.0000
M:0145:0.3870,0.3297,-0.2564,-0.5886,-0.3084,-0.0661,0.2560,0.4402
I:0146:0.4792,-0.0402,0.0854,0.1188,-0.4432,0.3963,0.4616,0.0354
F:0.8828@20
A:0.8828@20
T:0147:0.6296,-0.1987,0.0256,0.0829,-0.5315,-0.1564,0.2838,-0.3331
C:0147:0.0000,0.0000,0.0000,0.0000,0.0000,0.0000,0.0000,0.0000
M:0147:0.3868,0.3299,-0.2561,-0.5892,-0.3083,-0.0668,0.2563,0.4411
I:0147:0.4792,-0.0402,0.0854,0.1188,-0.4432,0.3963,0.4616,0.0354
F:0.8828@20
A:0.8828@20
T:0149:0.6296,-0.1987,0.0256,0.0829,-0.5315,-0.1564,0.2838,-0.3331
C:0149:0.0000,0.0000,0.0000,0.0000,0.0000,0.0000,0.0000,0.0000
M:0149:0.3868,0.3301,-0.2559,-0.5898,-0.3082,-0.0675,0.2566,0.4421
I:014a:0.4792,-0.0402,0.0854,0.1188,-0.4432,0.3963,0.4616,0.0354
F:0.8816@20
A:0.8816@20
T:014b:0.6296,-0.1987,0.0256,0.0829,-0.5315,-0.1564,0.2838,-0.3331
C:014c:0.0000,0.0000,0.0000,0.0000,0.0000,0.0000,0.0000,0.0000
M:014c:0.3867,0.3303,-0.2556,-0.5904,-0.3081,-0.0682,0.2568,0.4430
I:014c:0.4792,-0.0402,0.0854,0.1188,-0.4432,0.3963,0.4616,0.0354
F:0.8807@20
A:0.8807@20
T:014d:0.6296,-0.1987,0.0256,0.0829,-0.5315,-0.1564,0.2838,-0.3331
C:014d:0.0000,0.0000,0.0000,0.0000,0.0000,0.0000,0.0000,0.0000
M:014d:0.3866,0.3305,-0.2554,-0.5910,-0.3078,-0.0689,0.2571,0.4440
I:014d:0.4792,-0.0402,0.0854,0.1188,-0.4432,0.3963,0.4616,0.0354
F:0.8807@20
A:0.8807@20
T:014f:0.6296,-0.1987,0.0256,0.0829,-0.5315,-0.1564,0.2838,-0.3331
C:0150:0.0000,0.0000,0.0000,0.0000,0.0000,0.0000,0.0000,0.0000
M:0150:0.3865,0.3309,-0.2548,-0.5914,-0.3078,-0.0690,0.2571,0.4448
I:0150:0.4792,-0.0402,0.0854,0.1188,-0.4432,0.3963,0.4616,0.0354
F:0.8807@20
A:0.8807@20
T:0151:0.6296,-0.1987,0.0256,0.0829,-0.5315,-0.1564,0.2838,-0.3331
C:0151:0.0000,0.0000,0.0000,0.0000,0.0000,0.0000,0.0000,0.0000
M:0151:0.3862,0.3309,-0.2549,-0.5920,-0.3076,-0.0702,0.2575,0.4457
I:0151:0.4792,-0.0402,0.0854,0.1188,-0.4432,0.3963,0.4616,0.0354
F:0.8804@20
A:0.8804@20
T:0153:0.6296,-0.1987,0.0256,0.0829,-0.5315,-0.1564,0.2838,-0.3331
C:0153:0.0000,0.0000,0.0000,0.0000,0.0000,0.0000,0.0000,0.0000
M:0153:0.3862,0.3310,-0.2547,-0.5926,-0.3072,-0.0710,0.2579,0.4467
I:0154:0.4792,-0.0402,0.0854,0.1188,-0.4432,0.3963,0.4616,0.0354
F:0.8804@20
A:0.8804@20
T:0155:0.6296,-0.1987,0.0256,0.0829,-0.5315,-0.1564,0.2838,-0.3331
C:0155:0.0000,0.0000,0.0000,0.0000,0.0000,0.0000,0.0000,0.0000
M:0155:0.3861,0.3311,-0.2545,-0.5932,-0.3068,-0.0716,0.2581,0.4478
I:0156:0.4792,-0.0402,0.0854,0.1188,-0.4432,0.3963,0.4616,0.0354
F:0.8804@20
A:0.8804@20
T:0157:0.6296,-0.1987,0.0256,0.0829,-0.5315,-0.1564,0.2838,-0.3331
C:0158:0.0000,0.0000,0.0000,0.0000,0.0000,0.0000,0.0000,0.0000
M:0159:0.3860,0.3313,-0.2542,-0.5938,-0.3065,-0.0721,0.2583,0.4488
I:0159:0.4792,-0.0402,0.0854,0.1188,-0.4432,0.3963,0.4616,0.0354
F:0.8804@20
A:0.8804@20
T:015a:0.6296,-0.1987,0.0256,0.0829,-0.5315,-0.1564,0.2838,-0.3331
C:015a:0.0000,0.0000,0.0000,0.0000,0.0000,0.0000,0.0000,0.0000
M:015b:0.3857,0.3313,-0.2541,-0.5944,-0.3060,-0.0732,0.2587,0.4498
I:015b:0.4792,-0.0402,0.0854,0.1188,-0.4432,0.3963,0.4616,0.0354
F:0.8804@20
A:0.8804@20
T:015c:0.6296,-0.1987,0.0256,0.0829,-0.5315,-0.1564,0.2838,-0.3331
C:015c:0.0000,0.0000,0.0000,0.0000,0.0000,0.0000,0.0000,0.0000
M:015c:0.3856,0.3314,-0.2538,-0.5951,-0.3055,-0.0738,0.2590,0.4510
I:015e:0.4792,-0.0402,0.0854,0.1188,-0.4432,0.3963,0.4616,0.0354
F:0.8797@20
A:0.8797@20
T:015f:0.6296,-0.1987,0.0256,0.0829,-0.5315,-0.1564,0.2838,-0.3331
C:015f:0.0000,0.0000,0.0000,0.0000,0.0000,0.0000,0.0000,0.0000
M:015f:0.3854,0.3314,-0.2537,-0.5957,-0.3050,-0.0748,0.2594,0.4522
I:015f:0.4792,-0.0402,0.0854,0.1188,-0.4432,0.3963,0.4616,0.0354
F:0.8797@20
A:0.8797@20
T:0161:0.6296,-0.1987,0.0256,0.0829,-0.5315,-0.1564,0.2838,-0.3331
C:0161:0.0000,0.0000,0.0000,0.0000,0.0000,0.0000,0.0000,0.0000
M:0161:0.3853,0.3315,-0.2532,-0.5964,-0.3045,-0.0753,0.2596,0.4534
I:0161:0.4792,-0.0402,0.0854,0.1188,-0.4432,0.3963,0.4616,0.0354
F:0.8797@20
A:0.8797@20
T:0163:0.6296,-0.1987,0.0256,0.0829,-0.5315,-0.1564,0.2838,-0.3331
C:0163:0.0000,0.0000,0.0000,0.0000,0.0000,0.0000,0.0000,0.0000
M:0163:0.3851,0.3317,-0.2528,-0.5970,-0.3043,-0.0758,0.2599,0.4544
I:0164:0.4792,-0.0402,0.0854,0.1188,-0.4432,0.3963,0.4616,0.0354
F:0.8797@20
A:0.8797@20
T:0165:0.6296,-0.1987,0.0256,0.0829,-0.5315,-0.1564,0.2838,-0.3331
C:0165:0.0000,0.0000,0.0000,0.0000,0.0000,0.0000,0.0000,0.0000
M:0165:0.3849,0.3319,-0.2523,-0.5975,-0.3041,-0.0763,0.2601,0.4554
I:0166:0.4792,-0.0402,0.0854,0.1188,-0.4432,0.3963,0.4616,0.0354
F:0.8793@20
A:0.8793@20
T:0167:0.6296,-0.1987,0.0256,0.0829,-0.5315,-0.1564,0.2838,-0.3331
C:0167:0.0000,0.0000,0.0000,0.0000,0.0000,0.0000,0.0000,0.0000
M:0167:0.3847,0.3321,-0.2520,-0.5980,-0.3040,-0.0770,0.2603,0.4563
I:0168:0.4792,-0.0402,0.0854,0.1188,-0.4432,0.3963,0.4616,0.0354
F:0.8793@20
A:0.8793@20
T:0169:0.6296,-0.1987,0.0256,0.0829,-0.5315,-0.1564,0.2838,-0.3331
C:016a:0.0000,0.0000,0.0000,0.0000,0.0000,0.0000,0.0000,0.0000
M:016a:0.3845,0.3322,-0.2517,-0.5986,-0.3038,-0.0777,0.2606,0.4571
I:016a:0.4792,-0.0402,0.0854,0.1188,-0.4432,0.3963,0.4616,0.0354
F:0.8793@20
A:0.8793@20
T:016b:0.6296,-0.1987,0.0256,0.0829,-0.5315,-0.1564,0.2838,-0.3331
C:016b:0.0000,0.0000,0.0000,0.0000,0.0000,0.0000,0.0000,0.0000
M:016b:0.3844,0.3323,-0.2514,-0.5991,-0.3036,-0.0784,0.2608,0.4580
I:016c:0.4792,-0.0402,0.0854,0.1188,-0.4432,0.3963,0.4616,0.0354
F:0.8793@20
A:0.8793@20
T:016d:0.6296,-0.1987,0.0256,0.0829,-0.5315,-0.1564,0.2838,-0.3331
C:016d:0.0000,0.0000,0.0000,0.0000,0.0000,0.0000,0.0000,0.0000
M:016d:0.3843,0.3325,-0.2512,-0.5996,-0.3033,-0.0790,0.2611,0.4589
I:016e:0.4792,-0.0402,0.0854,0.1188,-0.4432,0.3963,0.4616,0.0354
F:0.8793@20
A:0.8793@20
T:016f:0.6296,-0.1987,0.0256,0.0829,-0.5315,-0.1564,0.2838,-0.3331
C:016f:0.0000,0.0000,0.0000,0.0000,0.0000,0.0000,0.0000,0.0000
M:016f:0.3842,0.3326,-0.2509,-0.6002,-0.3030,-0.0797,0.2613,0.4598
I:016f:0.4792,-0.0402,0.0854,0.1188,-0.4432,0.3963,0.4616,0.0354
F:0.8783@20
A:0.8783@20
T:0171:0.6296,-0.1987,0.0256,0.0829,-0.5315,-0.1564,0.2838,-0.3331
C:0171:0.0000,0.0000,0.0000,0.0000,0.0000,0.0000,0.0000,0.0000
M:0171:0.3840,0.3327,-0.2507,-0.6007,-0.3027,-0.0803,0.2615,0.4607
I:0171:0.4792,-0.0402,0.0854,0.1188,-0.4432,0.3963,0.4616,0.0354
F:0.8774@20
A:0.8774@20
T:0173:0.6296,-0.1987,0.0256,0.0829,-0.5315,-0.1564,0.2838,-0.3331
C:0173:0.0000,0.0000,0.0000,0.0000,0.0000,0.0000,0.0000,0.0000
M:0173:0.3838,0.3329,-0.2504,-0.6012,-0.3024,-0.0809,0.2618,0.4616
I:0174:0.4792,-0.0402,0.0854,0.1188,-0.4432,0.3963,0.4616,0.0354
F:0.8774@20
A:0.8774@20
T:0175:0.6296,-0.1987,0.0256,0.0829,-0.5315,-0.1564,0.2838,-0.3331
C:0175:0.0000,0.0000,0.0000,0.0000,0.0000,0.0000,0.0000,0.0000
M:0175:0.3837,0.3329,-0.2502,-0.6017,-0.3021,-0.0816,0.2620,0.4625
I:0176:0.4792,-0.0402,0.0854,0.1188,-0.4432,0.3963,0.4616,0.0354
F:0.8774@20
A:0.8774@20
T:0177:0.6296,-0.1987,0.0256,0.0829,-0.5315,-0.1564,0.2838,-0.3331
C:0177:0.0000,0.0000,0.0000,0.0000,0.0000,0.0000,0.0000,0.0000
M:0177:0.3835,0.3330,-0.2499,-0.6023,-0.3017,-0.0822,0.2623,0.4634
I:0177:0.4792,-0.0402,0.0854,0.1188,-0.4432,0.3963,0.4616,0.0354
F:0.8774@20
A:0.8774@20
T:0179:0.6296,-0.1987,0.0256,0.0829,-0.5315,-0.1564,0.2838,-0.3331
C:0179:0.0000,0.0000,0.0000,0.0000,0.0000,0.0000,0.0000,0.0000
M:0179:0.3835,0.3333,-0.2493,-0.6027,-0.3016,-0.0823,0.2623,0.4642
I:0179:0.4792,-0.0402,0.0854,0.1188,-0.4432,0.3963,0.4616,0.0354
F:0.8774@20
A:0.8774@20
T:017b:0.6296,-0.1987,0.0256,0.0829,-0.5315,-0.1564,0.2838,-0.3331
C:017b:0.0000,0.0000,0.0000,0.0000,0.0000,0.0000,0.0000,0.0000
M:017b:0.3831,0.3332,-0.2494,-0.6032,-0.3013,-0.0835,0.2627,0.4650
I:017c:0.4792,-0.0402,0.0854,0.1188,-0.4432,0.3963,0.4616,0.0354
F:0.8774@20
A:0.8774@20
T:017e:0.6296,-0.1987,0.0256,0.0829,-0.5315,-0.1564,0.2838,-0.3331
C:017e:0.0000,0.0000,0.0000,0.0000,0.0000,0.0000,0.0000,0.0000
M:017e:0.3830,0.3332,-0.2493,-0.6037,-0.3008,-0.0843,0.2630,0.4659
I:017e:0.4792,-0.0402,0.0854,0.1188,-0.4432,0.3963,0.4616,0.0354
F:0.8774@20
A:0.8774@20
T:0180:0.6296,-0.1987,0.0256,0.0829,-0.5315,-0.1564,0.2838,-0.3331
C:0180:0.0000,0.0000,0.0000,0.0000,0.0000,0.0000,0.0000,0.0000
M:0180:0.3828,0.3331,-0.2493,-0.6043,-0.3001,-0.0854,0.2634,0.4670
I:0181:0.4792,-0.0402,0.0854,0.1188,-0.4432,0.3963,0.4616,0.0354
F:0.8774@20
A:0.8774@20
T:0182:0.6296,-0.1987,0.0256,0.0829,-0.5315,-0.1564,0.2838,-0.3331
C:0182:0.0000,0.0000,0.0000,0.0000,0.0000,0.0000,0.0000,0.0000
M:0182:0.3828,0.3332,-0.2490,-0.6049,-0.2994,-0.0859,0.2636,0.4681
I:0183:0.4792,-0.0402,0.0854,0.1188,-0.4432,0.3963,0.4616,0.0354
F:0.8781@20
A:0.8781@20
T:0184:0.6296,-0.1987,0.0256,0.0829,-0.5315,-0.1564,0.2838,-0.3331
C:0184:0.0000,0.0000,0.0000,0.0000,0.0000,0.0000,0.0000,0.0000
M:0184:0.3826,0.3333,-0.2485,-0.6055,-0.2990,-0.0863,0.2638,0.4692
I:0185:0.4792,-0.0402,0.0854,0.1188,-0.4432,0.3963,0.4616,0.0354
F:0.8781@20
A:0.8781@20
T:0186:0.6296,-0.1987,0.0256,0.0829,-0.5315,-0.1564,0.2838,-0.3331
C:0186:0.0000,0.0000,0.0000,0.0000,0.0000,0.0000,0.0000,0.0000
M:0186:0.3823,0.3334,-0.2481,-0.6060,-0.2987,-0.0867,0.2640,0.4701
I:0187:0.4792,-0.0402,0.0854,0.1188,-0.4432,0.3963,0.4616,0.0354
F:1.0000@390
A:1.0000@390
T:0189:0.6296,-0.1987,0.0256,0.0829,-0.5315,-0.1564,0.2838,-0.3331
C:0189:0.0000,0.0000,0.0000,0.0000,0.0000,0.0000,0.0000,0.0000
M:0189:0.3820,0.3333,-0.2480,-0.6065,-0.2982,-0.0879,0.2644,0.4710
I:0189:0.4802,-0.0431,0.0835,0.1198,-0.4432,0.3940,0.4625,0.0353
F:1.0000@390
A:1.0000@390
T:018a:0.6296,-0.1987,0.0256,0.0829,-0.5315,-0.1564,0.2838,-0.3331
C:018a:0.0000,0.0000,0.0000,0.0000,0.0000,0.0000,0.0000,0.0000
M:018a:0.3820,0.3335,-0.2474,-0.6070,-0.2979,-0.0880,0.2646,0.4719
I:018b:0.4812,-0.0446,0.0827,0.1198,-0.4435,0.3921,0.4635,0.0354
F:1.0000@390
A:1.0000@390
T:018c:0.6296,-0.1987,0.0256,0.0829,-0.5315,-0.1564,0.2838,-0.3331
C:018c:0.0000,0.0000,0.0000,0.0000,0.0000,0.0000,0.0000,0.0000
M:018c:0.3817,0.3336,-0.2470,-0.6074,-0.2977,-0.0885,0.2647,0.4727
I:018d:0.4820,-0.0450,0.0826,0.1192,-0.4439,0.3910,0.4644,0.0355
F:1.0000@390
A:1.0000@390
T:018e:0.6296,-0.1987,0.0256,0.0829,-0.5315,-0.1564,0.2838,-0.3331
C:018e:0.0000,0.0000,0.0000,0.0000,0.0000,0.0000,0.0000,0.0000
M:018e:0.3815,0.3337,-0.2467,-0.6079,-0.2975,-0.0892,0.2650,0.4734
I:018e:0.4826,-0.0446,0.0831,0.1186,-0.4444,0.3905,0.4652,0.0357
F:1.0000@390
A:1.0000@390
T:018f:0.6296,-0.1987,0.0256,0.0829,-0.5315,-0.1564,0.2838,-0.3331
C:0190:0.0000,0.0000,0.0000,0.0000,0.0000,0.0000,0.0000,0.0000
M:0190:0.3814,0.3339,-0.2462,-0.6083,-0.2974,-0.0894,0.2650,0.4741
I:0190:0.4828,-0.0439,0.0839,0.1181,-0.4448,0.3906,0.4658,0.0359
F:1.0000@390
A:1.0000@390
T:0191:0.6296,-0.1987,0.0256,0.0829,-0.5315,-0.1564,0.2838,-0.3331
C:0191:0.0000,0.0000,0.0000,0.0000,0.0000,0.0000,0.0000,0.0000
M:0191:0.3812,0.3340,-0.2461,-0.6087,-0.2973,-0.0902,0.2652,0.4748
I:0192:0.4829,-0.0430,0.0847,0.1178,-0.4451,0.3910,0.4660,0.0361
F:1.0000@390
A:1.0000@390
T:0193:0.6296,-0.1987,0.0256,0.0829,-0.5315,-0.1564,0.2838,-0.3331
C:0193:0.0000,0.0000,0.0000,0.0000,0.0000,0.0000,0.0000,0.0000
M:0193:0.3810,0.3340,-0.2460,-0.6091,-0.2970,-0.0910,0.2655,0.4755
I:0194:0.4828,-0.0423,0.0853,0.1178,-0.4453,0.3915,0.4661,0.0362
F:1.0000@390
A:1.0000@390
T:0195:0.6296,-0.1987,0.0256,0.0829,-0.5315,-0.1564,0.2838,-0.3331
C:0195:0.0000,0.0000,0.0000,0.0000,0.0000,0.0000,0.0000,0.0000
M:0195:0.3809,0.3340,-0.2459,-0.6096,-0.2965,-0.0917,0.2658,0.4763
I:0195:0.4826,-0.0420,0.0857,0.1180,-0.4454,0.3919,0.4660,0.0362
F:1.0000@390
A:1.0000@390
T:0197:0.6296,-0.1987,0.0256,0.0829,-0.5315,-0.1564,0.2838,-0.3331
C:0197:0.0000,0.0000,0.0000,0.0000,0.0000,0.0000,0.0000,0.0000
M:0197:0.3808,0.3341,-0.2457,-0.6101,-0.2960,-0.0923,0.2660,0.4771
I:0197:0.4824,-0.0419,0.0858,0.1182,-0.4454,0.3923,0.4658,0.0362
F:1.0000@390
A:1.0000@390
T:0199:0.6296,-0.1987,0.0256,0.0829,-0.5315,-0.1564,0.2838,-0.3331
C:0199:0.0000,0.0000,0.0000,0.0000,0.0000,0.0000,0.0000,0.0000
M:0199:0.3807,0.3342,-0.2452,-0.6105,-0.2958,-0.0924,0.2660,0.4779
I:0199:0.4822,-0.0420,0.0857,0.1185,-0.4453,0.3924,0.4656,0.0361
F:1.0000@390
A:1.0000@390
T:019a:0.6296,-0.1987,0.0256,0.0829,-0.5315,-0.1564,0.2838,-0.3331
C:019a:0.0000,0.0000,0.0000,0.0000,0.0000,0.0000,0.0000,0.0000
M:019a:0.3804,0.3343,-0.2450,-0.6108,-0.2955,-0.0930,0.2662,0.4785
I:019b:0.4821,-0.0422,0.0855,0.1187,-0.4452,0.3924,0.4654,0.0361
F:1.0000@390
A:1.0000@390
T:019c:0.6296,-0.1987,0.0256,0.0829,-0.5315,-0.1564,0.2838,-0.3331
C:019c:0.0000,0.0000,0.0000,0.0000,0.0000,0.0000,0.0000,0.0000
M:019c:0.3802,0.3342,-0.2448,-0.6113,-0.2951,-0.0937,0.2665,0.4792
I:019c:0.4820,-0.0425,0.0853,0.1189,-0.4452,0.3923,0.4654,0.0361
F:1.0000@390
A:1.0000@390
T:019e:0.6296,-0.1987,0.0256,0.0829,-0.5315,-0.1564,0.2838,-0.3331
C:019e:0.0000,0.0000,0.0000,0.0000,0.0000,0.0000,0.0000,0.0000
M:019f:0.3801,0.3342,-0.2447,-0.6117,-0.2947,-0.0944,0.2668,0.4800
I:019f:0.4820,-0.0428,0.0851,0.1189,-0.4451,0.3922,0.4653,0.0360
F:0.9999@390
A:0.9999@390
T:01a0:0.6296,-0.1987,0.0256,0.0829,-0.5315,-0.1564,0.2838,-0.3331
C:01a0:0.0000,0.0000,0.0000,0.0000,0.0000,0.0000,0.0000,0.0000
M:01a0:0.3799,0.3342,-0.2445,-0.6122,-0.2941,-0.0951,0.2670,0.4809
I:01a1:0.4820,-0.0429,0.0849,0.1189,-0.4451,0.3920,0.4653,0.0360
F:0.9999@390
A:0.9999@390
T:01a2:0.6296,-0.1987,0.0256,0.0829,-0.5315,-0.1564,0.2838,-0.3331
C:01a2:0.0000,0.0000,0.0000,0.0000,0.0000,0.0000,0.0000,0.0000
M:01a2:0.3798,0.3342,-0.2443,-0.6126,-0.2936,-0.0956,0.2672,0.4817
I:01a3:0.4821,-0.0430,0.0848,0.1188,-0.4451,0.3919,0.4654,0.0361
F:0.9999@390
A:0.9999@390
T:01a5:0.6296,-0.1987,0.0256,0.0829,-0.5315,-0.1564,0.2838,-0.3331
C:01a5:0.0000,0.0000,0.0000,0.0000,0.0000,0.0000,0.0000,0.0000
M:01a5:0.3796,0.3342,-0.2441,-0.6131,-0.2931,-0.0962,0.2675,0.4825
I:01a5:0.4822,-0.0430,0.0848,0.1187,-0.4451,0.3918,0.4654,0.0361
F:0.9999@390
A:0.9999@390
T:01a7:0.6296,-0.1987,0.0256,0.0829,-0.5315,-0.1564,0.2838,-0.3331
C:01a7:0.0000,0.0000,0.0000,0.0000,0.0000,0.0000,0.0000,0.0000
M:01a7:0.3793,0.3340,-0.2441,-0.6136,-0.2924,-0.0973,0.2678,0.4835
I:01a7:0.4822,-0.0429,0.0849,0.1186,-0.4451,0.3918,0.4655,0.0361
F:0.9999@390
A:0.9999@390
T:01a9:0.6296,-0.1987,0.0256,0.0829,-0.5315,-0.1564,0.2838,-0.3331
C:01a9:0.0000,0.0000,0.0000,0.0000,0.0000,0.0000,0.0000,0.0000
M:01a9:0.3792,0.3339,-0.2438,-0.6141,-0.2917,-0.0979,0.2681,0.4845
I:01a9:0.4822,-0.0428,0.0850,0.1186,-0.4451,0.3918,0.4655,0.0361
F:0.9999@390
A:0.9999@390
T:01aa:0.6296,-0.1987,0.0256,0.0829,-0.5315,-0.1564,0.2838,-0.3331
C:01aa:0.0000,0.0000,0.0000,0.0000,0.0000,0.0000,0.0000,0.0000
M:01ab:0.3790,0.3341,-0.2431,-0.6145,-0.2914,-0.0978,0.2681,0.4853
I:01ab:0.4822,-0.0427,0.0850,0.1185,-0.4451,0.3919,0.4655,0.0361
F:0.9999@390
A:0.9999@390
T:01ac:0.6296,-0.1987,0.0256,0.0829,-0.5315,-0.1564,0.2838,-0.3331
C:01ac:0.0000,0.0000,0.0000,0.0000,0.0000,0.0000,0.0000,0.0000
M:01ac:0.3787,0.3342,-0.2427,-0.6149,-0.2912,-0.0983,0.2683,0.4859
I:01ac:0.4822,-0.0427,0.0851,0.1185,-0.4451,0.3919,0.4655,0.0361
F:0.9999@390
A:0.9999@390
T:01ad:0.6296,-0.1987,0.0256,0.0829,-0.5315,-0.1564,0.2838,-0.3331
C:01ae:0.0000,0.0000,0.0000,0.0000,0.0000,0.0000,0.0000,0.0000
M:01ae:0.3785,0.3343,-0.2422,-0.6152,-0.2911,-0.0985,0.2684,0.4865
I:01ae:0.4822,-0.0426,0.0851,0.1185,-0.4451,0.3920,0.4655,0.0361
F:0.9999@390
A:0.9999@390
T:01af:0.6296,-0.1987,0.0256,0.0829,-0.5315,-0.1564,0.2838,-0.3331
C:01af:0.0000,0.0000,0.0000,0.0000,0.0000,0.0000,0.0000,0.0000
M:01af:0.3783,0.3343,-0.2420,-0.6155,-0.2910,-0.0993,0.2686,0.4870
I:01b0:0.4822,-0.0426,0.0851,0.1186,-0.4451,0.3920,0.4655,0.0361
F:0.9999@390
A:0.9999@390
T:01b1:0.6296,-0.1987,0.0256,0.0829,-0.5315,-0.1564,0.2838,-0.3331
C:01b1:0.0000,0.0000,0.0000,0.0000,0.0000,0.0000,0.0000,0.0000
M:01b1:0.3781,0.3342,-0.2420,-0.6159,-0.2906,-0.1002,0.2689,0.4877
I:01b2:0.4822,-0.0426,0.0851,0.1186,-0.4451,0.3920,0.4655,0.0361
F:0.9999@390
A:0.9999@390
T:01b3:0.6296,-0.1987,0.0256,0.0829,-0.5315,-0.1564,0.2838,-0.3331
C:01b3:0.0000,0.0000,0.0000,0.0000,0.0000,0.0000,0.0000,0.0000
M:01b3:0.3780,0.3342,-0.2419,-0.6164,-0.2901,-0.1009,0.2691,0.4885
I:01b3:0.4822,-0.0427,0.0851,0.1186,-0.4451,0.3920,0.4655,0.0361
F:0.9999@390
A:0.9999@390
T:01b5:0.6296,-0.1987,0.0256,0.0829,-0.5315,-0.1564,0.2838,-0.3331
C:01b5:0.0000,0.0000,0.0000,0.0000,0.0000,0.0000,0.0000,0.0000
M:01b5:0.3779,0.3342,-0.2417,-0.6168,-0.2895,-0.1015,0.2693,0.4893
I:01b6:0.4822,-0.0427,0.0851,0.1186,-0.4451,0.3920,0.4655,0.0361
F:0.9998@390
A:0.9998@390
T:01b7:0.6296,-0.1987,0.0256,0.0829,-0.5315,-0.1564,0.2838,-0.3331
C:01b9:0.0000,0.0000,0.0000,0.0000,0.0000,0.0000,0.0000,0.0000
M:01ba:0.3777,0.3342,-0.2415,-0.6173,-0.2889,-0.1021,0.2695,0.4901
I:01ba:0.4822,-0.0427,0.0851,0.1186,-0.4451,0.3920,0.4655,0.0361
F:0.9998@390
A:0.9998@390
T:01bb:0.6296,-0.1987,0.0256,0.0829,-0.5315,-0.1564,0.2838,-0.3331
C:01bb:0.0000,0.0000,0.0000,0.0000,0.0000,0.0000,0.0000,0.0000
M:01bb:0.3773,0.3338,-0.2419,-0.6179,-0.2879,-0.1036,0.2701,0.4911
I:01bc:0.4822,-0.0427,0.0851,0.1186,-0.4451,0.3920,0.4655,0.0361
F:0.9998@390
A:0.9998@390
T:01bd:0.6296,-0.1987,0.0256,0.0829,-0.5315,-0.1564,0.2838,-0.3331
C:01bd:0.0000,0.0000,0.0000,0.0000,0.0000,0.0000,0.0000,0.0000
M:01bd:0.3772,0.3337,-0.2415,-0.6184,-0.2868,-0.1041,0.2704,0.4923
I:01be:0.4822,-0.0427,0.0850,0.1186,-0.4451,0.3919,0.4655,0.0361
F:0.9998@390
A:0.9998@390
T:01bf:0.6296,-0.1987,0.0256,0.0829,-0.5315,-0.1564,0.2838,-0.3331
C:01bf:0.0000,0.0000,0.0000,0.0000,0.0000,0.0000,0.0000,0.0000
M:01bf:0.3770,0.3337,-0.2410,-0.6189,-0.2861,-0.1044,0.2705,0.4933
I:01c0:0.4822,-0.0427,0.0850,0.1186,-0.4451,0.3919,0.4655,0.0361
F:0.9998@390
A:0.9998@390
T:01c1:0.6296,-0.1987,0.0256,0.0829,-0.5315,-0.1564,0.2838,-0.3331
C:01c1:0.0000,0.0000,0.0000,0.0000,0.0000,0.0000,0.0000,0.0000
M:01c2:0.3766,0.3337,-0.2404,-0.6193,-0.2857,-0.1047,0.2707,0.4942
I:01c3:0.4822,-0.0427,0.0851,0.1186,-0.4451,0.3919,0.4655,0.0361
F:0.9998@390
A:0.9998@390
T:01c4:0.6296,-0.1987,0.0256,0.0829,-0.5315,-0.1564,0.2838,-0.3331
C:01c4:0.0000,0.0000,0.0000,0.0000,0.0000,0.0000,0.0000,0.0000
M:01c4:0.3762,0.3335,-0.2403,-0.6198,-0.2851,-0.1058,0.2710,0.4950
I:01c4:0.4822,-0.0427,0.0851,0.1186,-0.4451,0.3919,0.4655,0.0361
F:0.9998@390
A:0.9998@390
T:01c6:0.6296,-0.1987,0.0256,0.0829,-0.5315,-0.1564,0.2838,-0.3331
C:01c6:0.0000,0.0000,0.0000,0.0000,0.0000,0.0000,0.0000,0.0000
M:01c6:0.3760,0.3335,-0.2399,-0.6203,-0.2845,-0.1064,0.2713,0.4959
I:01c7:0.4822,-0.0427,0.0851,0.1186,-0.4451,0.3919,0.4655,0.0361
F:0.9997@390
A:0.9997@390
T:01c8:0.6296,-0.1987,0.0256,0.0829,-0.5315,-0.1564,0.2838,-0.3331
C:01c8:0.0000,0.0000,0.0000,0.0000,0.0000,0.0000,0.0000,0.0000
M:01c8:0.3758,0.3335,-0.2394,-0.6207,-0.2840,-0.1069,0.2715,0.4968
I:01c9:0.4822,-0.0427,0.0851,0.1186,-0.4451,0.3920,0.4655,0.0361
F:0.9997@390
A:0.9997@390
T:01ca:0.6296,-0.1987,0.0256,0.0829,-0.5315,-0.1564,0.2838,-0.3331
C:01ca:0.0000,0.0000,0.0000,0.0000,0.0000,0.0000,0.0000,0.0000
M:01ca:0.3755,0.3335,-0.2390,-0.6212,-0.2836,-0.1075,0.2716,0.4976
I:01ca:0.4822,-0.0427,0.0851,0.1186,-0.4451,0.3920,0.4655,0.0361
F:0.9997@390
A:0.9997@390
T:01cc:0.6296,-0.1987,0.0256,0.0829,-0.5315,-0.1564,0.2838,-0.3331
C:01cc:0.0000,0.0000,0.0000,0.0000,0.0000,0.0000,0.0000,0.0000
M:01cc:0.3753,0.3335,-0.2386,-0.6216,-0.2832,-0.1081,0.2718,0.4983
I:01cd:0.4822,-0.0427,0.0851,0.1186,-0.4451,0.3920,0.4655,0.0361
F:0.9997@390
A:0.9997@390
T:01ce:0.6296,-0.1987,0.0256,0.0829,-0.5315,-0.1564,0.2838,-0.3331
C:01ce:0.0000,0.0000,0.0000,0.0000,0.0000,0.0000,0.0000,0.0000
M:01ce:0.3750,0.3335,-0.2383,-0.6220,-0.2828,-0.1087,0.2720,0.4991
I:01cf:0.4822,-0.0427,0.0851,0.1186,-0.4451,0.3920,0.4655,0.0361
F:0.9997@390
A:0.9997@390
T:01d0:0.6296,-0.1987,0.0256,0.0829,-0.5315,-0.1564,0.2838,-0.3331
C:01d0:0.0000,0.0000,0.0000,0.0000,0.0000,0.0000,0.0000,0.0000
M:01d1:0.3748,0.3335,-0.2380,-0.6224,-0.2824,-0.1093,0.2722,0.4998
I:01d1:0.4822,-0.0427,0.0851,0.1186,-0.4451,0.3920,0.4655,0.0361
F:0.9997@390
A:0.9997@390
T:01d2:0.6296,-0.1987,0.0256,0.0829,-0.5315,-0.1564,0.2838,-0.3331
C:01d2:0.0000,0.0000,0.0000,0.0000,0.0000,0.0000,0.0000,0.0000
M:01d3:0.3746,0.3335,-0.2378,-0.6228,-0.2819,-0.1100,0.2724,0.5005
I:01d3:0.4822,-0.0427,0.0851,0.1186,-0.4451,0.3920,0.4655,0.0361
F:0.9997@390
A:0.9997@390
T:01d4:0.6296,-0.1987,0.0256,0.0829,-0.5315,-0.1564,0.2838,-0.3331
C:01d4:0.0000,0.0000,0.0000,0.0000,0.0000,0.0000,0.0000,0.0000
M:01d4:0.3744,0.3334,-0.2375,-0.6232,-0.2814,-0.1106,0.2726,0.5013
I:01d4:0.4822,-0.0427,0.0851,0.1186,-0.4451,0.3920,0.4655,0.0361
F:0.9996@390
A:0.9996@390
T:01d6:0.6296,-0.1987,0.0256,0.0829,-0.5315,-0.1564,0.2838,-0.3331
C:01d6:0.0000,0.0000,0.0000,0.0000,0.0000,0.0000,0.0000,0.0000
M:01d6:0.3742,0.3334,-0.2372,-0.6237,-0.2809,-0.1112,0.2729,0.5020
I:01d7:0.4822,-0.0427,0.0851,0.1186,-0.4451,0.3920,0.4655,0.0361
F:0.9996@390
A:0.9996@390
T:01d8:0.6296,-0.1987,0.0256,0.0829,-0.5315,-0.1564,0.2838,-0.3331
C:01d8:0.0000,0.0000,0.0000,0.0000,0.0000,0.0000,0.0000,0.0000
M:01d8:0.3739,0.3334,-0.2370,-0.6241,-0.2804,-0.1118,0.2731,0.5028
I:01d8:0.4822,-0.0427,0.0851,0.1186,-0.4451,0.3920,0.4655,0.0361
F:0.9996@390
A:0.9996@390
T:01d9:0.6296,-0.1987,0.0256,0.0829,-0.5315,-0.1564,0.2838,-0.3331
C:01da:0.0000,0.0000,0.0000,0.0000,0.0000,0.0000,0.0000,0.0000
M:01da:0.3738,0.3335,-0.2364,-0.6244,-0.2801,-0.1119,0.2731,0.5034
I:01da:0.4822,-0.0427,0.0851,0.1186,-0.4451,0.3920,0.4655,0.0361
F:0.9996@390
A:0.9996@390
T:01db:0.6296,-0.1987,0.0256,0.0829,-0.5315,-0.1564,0.2838,-0.3331
C:01db:0.0000,0.0000,0.0000,0.0000,0.0000,0.0000,0.0000,0.0000
M:01db:0.3735,0.3335,-0.2361,-0.6247,-0.2798,-0.1125,0.2733,0.5039
I:01dc:0.4822,-0.0427,0.0851,0.1186,-0.4451,0.3920,0.4655,0.0361
F:0.9995@390
A:0.9995@390
T:01dd:0.6296,-0.1987,0.0256,0.0829,-0.5315,-0.1564,0.2838,-0.3331
C:01dd:0.0000,0.0000,0.0000,0.0000,0.0000,0.0000,0.0000,0.0000
M:01dd:0.3732,0.3334,-0.2360,-0.6251,-0.2794,-0.1132,0.2735,0.5046
I:01de:0.4822,-0.0427,0.0851,0.1186,-0.4451,0.3920,0.4655,0.0361
F:0.9995@390
A:0.9995@390
T:01df:0.6296,-0.1987,0.0256,0.0829,-0.5315,-0.1564,0.2838,-0.3331
C:01df:0.0000,0.0000,0.0000,0.0000,0.0000,0.0000,0.0000,0.0000
M:01df:0.3730,0.3333,-0.2358,-0.6255,-0.2788,-0.1139,0.2738,0.5053
I:01df:0.4822,-0.0427,0.0851,0.1186,-0.4451,0.3920,0.4655,0.0361
F:0.9995@390
A:0.9995@390
T:01e0:0.6296,-0.1987,0.0256,0.0829,-0.5315,-0.1564,0.2838,-0.3331
C:01e1:0.0000,0.0000,0.0000,0.0000,0.0000,0.0000,0.0000,0.0000
M:01e1:0.3730,0.3334,-0.2354,-0.6258,-0.2785,-0.1140,0.2738,0.5059
I:01e1:0.4822,-0.0427,0.0851,0.1186,-0.4451,0.3920,0.4655,0.0361
F:0.9995@390
A:0.9995@390
T:01e3:0.6296,-0.1987,0.0256,0.0829,-0.5315,-0.1564,0.2838,-0.3331
C:01e3:0.0000,0.0000,0.0000,0.0000,0.0000,0.0000,0.0000,0.0000
M:01e4:0.3726,0.3331,-0.2355,-0.6262,-0.2778,-0.1151,0.2741,0.5066
I:01e4:0.4822,-0.0427,0.0851,0.1186,-0.4451,0.3920,0.4655,0.0361
F:0.9995@390
A:0.9995@390
T:01e6:0.6296,-0.1987,0.0256,0.0829,-0.5315,-0.1564,0.2838,-0.3331
C:01e6:0.0000,0.0000,0.0000,0.0000,0.0000,0.0000,0.0000,0.0000
M:01e6:0.3723,0.3328,-0.2356,-0.6267,-0.2768,-0.1163,0.2746,0.5075
I:01e7:0.4822,-0.0427,0.0851,0.1186,-0.4451,0.3920,0.4655,0.0361
F:0.9995@390
A:0.9995@390
T:01e8:0.6296,-0.1987,0.0256,0.0829,-0.5315,-0.1564,0.2838,-0.3331
C:01e8:0.0000,0.0000,0.0000,0.0000,0.0000,0.0000,0.0000,0.0000
M:01e8:0.3722,0.3327,-0.2353,-0.6272,-0.2758,-0.1168,0.2748,0.5084
I:01e9:0.4822,-0.0427,0.0851,0.1186,-0.4451,0.3920,0.4655,0.0361
F:0.9995@390
A:0.9995@390
T:01ea:0.6296,-0.1987,0.0256,0.0829,-0.5315,-0.1564,0.2838,-0.3331
C:01ea:0.0000,0.0000,0.0000,0.0000,0.0000,0.0000,0.0000,0.0000
M:01ea:0.3719,0.3327,-0.2349,-0.6276,-0.2750,-0.1171,0.2749,0.5093
I:01eb:0.4822,-0.0427,0.0851,0.1186,-0.4451,0.3920,0.4655,0.0361
F:0.9995@390
A:0.9995@390
T:01ec:0.6296,-0.1987,0.0256,0.0829,-0.5315,-0.1564,0.2838,-0.3331
C:01ec:0.0000,0.0000,0.0000,0.0000,0.0000,0.0000,0.0000,0.0000
M:01ec:0.3716,0.3326,-0.2344,-0.6280,-0.2744,-0.1175,0.2751,0.5101
I:01ed:0.4822,-0.0427,0.0851,0.1186,-0.4451,0.3920,0.4655,0.0361
F:0.9994@390
A:0.9994@390
T:01ee:0.6296,-0.1987,0.0256,0.0829,-0.5315,-0.1564,0.2838,-0.3331
C:01ee:0.0000,0.0000,0.0000,0.0000,0.0000,0.0000,0.0000,0.0000
M:01ee:0.3712,0.3325,-0.2340,-0.6283,-0.2739,-0.1180,0.2753,0.5108
I:01ee:0.4822,-0.0427,0.0851,0.1186,-0.4451,0.3920,0.4655,0.0361
F:0.9994@390
A:0.9994@390
T:01ef:0.6296,-0.1987,0.0256,0.0829,-0.5315,-0.1564,0.2838,-0.3331
C:01ef:0.0000,0.0000,0.0000,0.0000,0.0000,0.0000,0.0000,0.0000
M:01ef:0.3710,0.3325,-0.2333,-0.6286,-0.2737,-0.1181,0.2753,0.5114
I:01f0:0.4822,-0.0427,0.0851,0.1186,-0.4451,0.3920,0.4655,0.0361
F:0.9994@390
A:0.9994@390
T:01f1:0.6296,-0.1987,0.0256,0.0829,-0.5315,-0.1564,0.2838,-0.3331
C:01f2:0.0000,0.0000,0.0000,0.0000,0.0000,0.0000,0.0000,0.0000
M:01f2:0.3707,0.3325,-0.2330,-0.6289,-0.2735,-0.1188,0.2755,0.5119
I:01f2:0.4822,-0.0427,0.0851,0.1186,-0.4451,0.3920,0.4655,0.0361
F:0.9994@390
A:0.9994@390
T:01f3:0.6296,-0.1987,0.0256,0.0829,-0.5315,-0.1564,0.2838,-0.3331
C:01f3:0.0000,0.0000,0.0000,0.0000,0.0000,0.0000,0.0000,0.0000
M:01f4:0.3704,0.3324,-0.2328,-0.6292,-0.2731,-0.1196,0.2758,0.5125
I:01f4:0.4822,-0.0427,0.0851,0.1186,-0.4451,0.3920,0.4655,0.0361
F:0.9994@390
A:0.9994@390
T:01f5:0.6296,-0.1987,0.0256,0.0829,-0.5315,-0.1564,0.2838,-0.3331
C:01f5:0.0000,0.0000,0.0000,0.0000,0.0000,0.0000,0.0000,0.0000
M:01f5:0.3703,0.3323,-0.2327,-0.6296,-0.2725,-0.1203,0.2760,0.5131
I:01f6:0.4822,-0.0427,0.0851,0.1186,-0.4451,0.3920,0.4655,0.0361
F:0.9993@390
A:0.9993@390
T:01f7:0.6296,-0.1987,0.0256,0.0829,-0.5315,-0.1564,0.2838,-0.3331
C:01f7:0.0000,0.0000,0.0000,0.0000,0.0000,0.0000,0.0000,0.0000
M:01f7:0.3701,0.3322,-0.2325,-0.6300,-0.2719,-0.1209,0.2762,0.5138
I:01f7:0.4822,-0.0427,0.0851,0.1186,-0.4451,0.3920,0.4655,0.0361
F:0.9992@390
A:0.9992@390
T:01f8:0.6296,-0.1987,0.0256,0.0829,-0.5315,-0.1564,0.2838,-0.3331
C:01f8:0.0000,0.0000,0.0000,0.0000,0.0000,0.0000,0.0000,0.0000
M:01f9:0.3700,0.3323,-0.2319,-0.6303,-0.2715,-0.1210,0.2762,0.5145
I:01f9:0.4822,-0.0427,0.0851,0.1186,-0.4451,0.3920,0.4655,0.0361
F:0.9991@390
A:0.9991@390
T:01fa:0.6296,-0.1987,0.0256,0.0829,-0.5315,-0.1564,0.2838,-0.3331
C:01fa:0.0000,0.0000,0.0000,0.0000,0.0000,0.0000,0.0000,0.0000
M:01fa:0.3696,0.3322,-0.2317,-0.6306,-0.2711,-0.1216,0.2764,0.5150
I:01fb:0.4822,-0.0427,0.0851,0.1186,-0.4451,0.3920,0.4655,0.0361
F:0.9991@390
A:0.9991@390
T:01fc:0.6296,-0.1987,0.0256,0.0829,-0.5315,-0.1564,0.2838,-0.3331
C:01fc:0.0000,0.0000,0.0000,0.0000,0.0000,0.0000,0.0000,0.0000
M:01fc:0.3693,0.3321,-0.2316,-0.6310,-0.2706,-0.1222,0.2766,0.5156
I:01fd:0.4822,-0.0427,0.0851,0.1186,-0.4451,0.3920,0.4655,0.0361
F:0.9991@390
A:0.9991@390
T:01fe:0.6296,-0.1987,0.0256,0.0829,-0.5315,-0.1564,0.2838,-0.3331
C:01fe:0.0000,0.0000,0.0000,0.0000,0.0000,0.0000,0.0000,0.0000
M:01fe:0.3691,0.3319,-0.2314,-0.6313,-0.2699,-0.1229,0.2768,0.5162
I:01fe:0.4822,-0.0427,0.0851,0.1186,-0.4451,0.3920,0.4655,0.0361
F:0.9990@390
A:0.9990@390
T:01ff:0.6296,-0.1987,0.0256,0.0829,-0.5315,-0.1564,0.2838,-0.3331
C:0200:0.0000,0.0000,0.0000,0.0000,0.0000,0.0000,0.0000,0.0000
M:0200:0.3690,0.3320,-0.2309,-0.6316,-0.2695,-0.1230,0.2769,0.5168
I:0201:0.4822,-0.0427,0.0851,0.1186,-0.4451,0.3920,0.4655,0.0361
F:0.9990@390
A:0.9990@390
T:0203:0.6296,-0.1987,0.0256,0.0829,-0.5315,-0.1564,0.2838,-0.3331
C:0203:0.0000,0.0000,0.0000,0.0000,0.0000,0.0000,0.0000,0.0000
M:0203:0.3685,0.3315,-0.2313,-0.6321,-0.2686,-0.1246,0.2774,0.5176
I:0204:0.4822,-0.0427,0.0851,0.1186,-0.4451,0.3920,0.4655,0.0361
F:0.9990@390
A:0.9990@390
T:0205:0.6296,-0.1987,0.0256,0.0829,-0.5315,-0.1564,0.2838,-0.3331
C:0205:0.0000,0.0000,0.0000,0.0000,0.0000,0.0000,0.0000,0.0000
M:0205:0.3684,0.3313,-0.2311,-0.6325,-0.2675,-0.1252,0.2777,0.5185
I:0205:0.4822,-0.0427,0.0851,0.1186,-0.4451,0.3920,0.4655,0.0361
F:0.9990@390
A:0.9990@390
T:0207:0.6296,-0.1987,0.0256,0.0829,-0.5315,-0.1564,0.2838,-0.3331
C:0207:0.0000,0.0000,0.0000,0.0000,0.0000,0.0000,0.0000,0.0000
M:0207:0.3682,0.3312,-0.2307,-0.6329,-0.2665,-0.1256,0.2778,0.5194
I:0207:0.4822,-0.0427,0.0851,0.1186,-0.4451,0.3920,0.4655,0.0361
F:0.9990@390
A:0.9990@390
T:0209:0.6296,-0.1987,0.0256,0.0829,-0.5315,-0.1564,0.2838,-0.3331
C:0209:0.0000,0.0000,0.0000,0.0000,0.0000,0.0000,0.0000,0.0000
M:0209:0.3678,0.3311,-0.2302,-0.6333,-0.2658,-0.1259,0.2779,0.5201
I:020a:0.4822,-0.0427,0.0851,0.1186,-0.4451,0.3920,0.4655,0.0361
F:0.9989@390
A:0.9989@390
T:020b:0.6296,-0.1987,0.0256,0.0829,-0.5315,-0.1564,0.2838,-0.3331
C:020b:0.0000,0.0000,0.0000,0.0000,0.0000,0.0000,0.0000,0.0000
M:020b:0.3674,0.3310,-0.2297,-0.6336,-0.2652,-0.1264,0.2781,0.5208
I:020b:0.4822,-0.0427,0.0851,0.1186,-0.4451,0.3920,0.4655,0.0361
F:0.9988@390
A:0.9988@390
T:020d:0.6296,-0.1987,0.0256,0.0829,-0.5315,-0.1564,0.2838,-0.3331
C:020d:0.0000,0.0000,0.0000,0.0000,0.0000,0.0000,0.0000,0.0000
M:020d:0.3670,0.3308,-0.2293,-0.6340,-0.2647,-0.1269,0.2783,0.5214
I:020d:0.4822,-0.0427,0.0851,0.1186,-0.4451,0.3920,0.4655,0.0361
F:0.9988@390
A:0.9988@390
T:020f:0.6296,-0.1987,0.0256,0.0829,-0.5315,-0.1564,0.2838,-0.3331
C:020f:0.0000,0.0000,0.0000,0.0000,0.0000,0.0000,0.0000,0.0000
M:020f:0.3667,0.3307,-0.2289,-0.6343,-0.2641,-0.1275,0.2785,0.5221
I:020f:0.4822,-0.0427,0.0851,0.1186,-0.4451,0.3920,0.4655,0.0361
F:0.9988@390
A:0.9988@390
T:0211:0.6296,-0.1987,0.0256,0.0829,-0.5315,-0.1564,0.2838,-0.3331
C:0211:0.0000,0.0000,0.0000,0.0000,0.0000,0.0000,0.0000,0.0000
M:0211:0.3666,0.3307,-0.2283,-0.6346,-0.2638,-0.1277,0.2785,0.5226
I:0211:0.4822,-0.0427,0.0851,0.1186,-0.4451,0.3920,0.4655,0.0361
F:0.9988@390
A:0.9988@390
T:0213:0.6296,-0.1987,0.0256,0.0829,-0.5315,-0.1564,0.2838,-0.3331
C:0213:0.0000,0.0000,0.0000,0.0000,0.0000,0.0000,0.0000,0.0000
M:0213:0.3661,0.3305,-0.2283,-0.6349,-0.2633,-0.1288,0.2788,0.5232
I:0214:0.4822,-0.0427,0.0851,0.1186,-0.4451,0.3920,0.4655,0.0361
F:0.9988@390
A:0.9988@390
T:0216:0.6296,-0.1987,0.0256,0.0829,-0.5315,-0.1564,0.2838,-0.3331
C:0216:0.0000,0.0000,0.0000,0.0000,0.0000,0.0000,0.0000,0.0000
M:0216:0.3658,0.3301,-0.2285,-0.6354,-0.2623,-0.1300,0.2793,0.5240
I:0217:0.4822,-0.0427,0.0851,0.1186,-0.4451,0.3920,0.4655,0.0361
F:0.9988@390
A:0.9988@390
T:0218:0.6296,-0.1987,0.0256,0.0829,-0.5315,-0.1564,0.2838,-0.3331
C:0218:0.0000,0.0000,0.0000,0.0000,0.0000,0.0000,0.0000,0.0000
M:0218:0.3657,0.3300,-0.2281,-0.6358,-0.2612,-0.1305,0.2795,0.5249
I:0219:0.4822,-0.0427,0.0851,0.1186,-0.4451,0.3920,0.4655,0.0361
F:0.9987@390
A:0.9987@390
T:021a:0.6296,-0.1987,0.0256,0.0829,-0.5315,-0.1564,0.2838,-0.3331
C:021a:0.0000,0.0000,0.0000,0.0000,0.0000,0.0000,0.0000,0.0000
M:021a:0.3654,0.3299,-0.2277,-0.6362,-0.2604,-0.1308,0.2796,0.5257
I:021b:0.4822,-0.0427,0.0851,0.1186,-0.4451,0.3920,0.4655,0.0361
F:0.9987@390
A:0.9987@390
T:021c:0.6296,-0.1987,0.0256,0.0829,-0.5315,-0.1564,0.2838,-0.3331
C:021c:0.0000,0.0000,0.0000,0.0000,0.0000,0.0000,0.0000,0.0000
M:021c:0.3650,0.3298,-0.2272,-0.6365,-0.2597,-0.1312,0.2797,0.5264
I:021c:0.4822,-0.0427,0.0851,0.1186,-0.4451,0.3920,0.4655,0.0361
F:0.9985@390
A:0.9985@390
T:021e:0.6296,-0.1987,0.0256,0.0829,-0.5315,-0.1564,0.2838,-0.3331
C:021e:0.0000,0.0000,0.0000,0.0000,0.0000,0.0000,0.0000,0.0000
M:021f:0.3646,0.3297,-0.2267,-0.6369,-0.2591,-0.1317,0.2799,0.5271
I:021f:0.4822,-0.0427,0.0851,0.1186,-0.4451,0.3920,0.4655,0.0361
F:0.9985@390
A:0.9985@390
T:0220:0.6296,-0.1987,0.0256,0.0829,-0.5315,-0.1564,0.2838,-0.3331
C:0220:0.0000,0.0000,0.0000,0.0000,0.0000,0.0000,0.0000,0.0000
M:0220:0.3643,0.3295,-0.2263,-0.6372,-0.2586,-0.1323,0.2801,0.5277
I:0221:0.4822,-0.0427,0.0851,0.1186,-0.4451,0.3920,0.4655,0.0361
F:0.9985@390
A:0.9985@390
T:0223:0.6296,-0.1987,0.0256,0.0829,-0.5315,-0.1564,0.2838,-0.3331
C:0223:0.0000,0.0000,0.0000,0.0000,0.0000,0.0000,0.0000,0.0000
M:0223:0.3639,0.3292,-0.2263,-0.6376,-0.2578,-0.1333,0.2804,0.5284
I:0224:0.4822,-0.0427,0.0851,0.1186,-0.4451,0.3920,0.4655,0.0361
F:0.9985@390
A:0.9985@390
T:0225:0.6296,-0.1987,0.0256,0.0829,-0.5315,-0.1564,0.2838,-0.3331
C:0225:0.0000,0.0000,0.0000,0.0000,0.0000,0.0000,0.0000,0.0000
M:0225:0.3637,0.3290,-0.2259,-0.6380,-0.2569,-0.1339,0.2806,0.5292
I:0226:0.4822,-0.0427,0.0851,0.1186,-0.4451,0.3920,0.4655,0.0361
F:0.9985@390
A:0.9985@390
T:0227:0.6296,-0.1987,0.0256,0.0829,-0.5315,-0.1564,0.2838,-0.3331
C:0227:0.0000,0.0000,0.0000,0.0000,0.0000,0.0000,0.0000,0.0000
M:0227:0.3634,0.3289,-0.2255,-0.6384,-0.2561,-0.1344,0.2808,0.5299
I:0228:0.4822,-0.0427,0.0851,0.1186,-0.4451,0.3920,0.4655,0.0361
F:0.9985@390
A:0.9985@390
T:0229:0.6296,-0.1987,0.0256,0.0829,-0.5315,-0.1564,0.2838,-0.3331
C:0229:0.0000,0.0000,0.0000,0.0000,0.0000,0.0000,0.0000,0.0000
M:0229:0.3630,0.3288,-0.2250,-0.6387,-0.2555,-0.1348,0.2809,0.5306
I:0229:0.4822,-0.0427,0.0851,0.1186,-0.4451,0.3920,0.4655,0.0361
F:0.9983@390
A:0.9983@390
T:022b:0.6296,-0.1987,0.0256,0.0829,-0.5315,-0.1564,0.2838,-0.3331
C:022b:0.0000,0.0000,0.0000,0.0000,0.0000,0.0000,0.0000,0.0000
M:022b:0.3627,0.3286,-0.2246,-0.6390,-0.2549,-0.1353,0.2811,0.5312
I:022b:0.4822,-0.0427,0.0851,0.1186,-0.4451,0.3920,0.4655,0.0361
F:0.9983@390
A:0.9983@390
T:022e:0.6296,-0.1987,0.0256,0.0829,-0.5315,-0.1564,0.2838,-0.3331
C:022e:0.0000,0.0000,0.0000,0.0000,0.0000,0.0000,0.0000,0.0000
M:022e:0.3623,0.3285,-0.2242,-0.6393,-0.2543,-0.1359,0.2812,0.5318
I:022e:0.4822,-0.0427,0.0851,0.1186,-0.4451,0.3920,0.4655,0.0361
F:0.9983@390
A:0.9983@390
T:0230:0.6296,-0.1987,0.0256,0.0829,-0.5315,-0.1564,0.2838,-0.3331
C:0231:0.0000,0.0000,0.0000,0.0000,0.0000,0.0000,0.0000,0.0000
M:0231:0.3619,0.3282,-0.2242,-0.6397,-0.2534,-0.1370,0.2816,0.5325
I:0231:0.4822,-0.0427,0.0851,0.1186,-0.4451,0.3920,0.4655,0.0361
F:0.9983@390
A:0.9983@390
T:0232:0.6296,-0.1987,0.0256,0.0829,-0.5315,-0.1564,0.2838,-0.3331
C:0232:0.0000,0.0000,0.0000,0.0000,0.0000,0.0000,0.0000,0.0000
M:0232:0.3617,0.3280,-0.2238,-0.6401,-0.2525,-0.1375,0.2818,0.5333
I:0233:0.4822,-0.0427,0.0851,0.1186,-0.4451,0.3920,0.4655,0.0361
F:0.9982@390
A:0.9982@390
T:0234:0.6296,-0.1987,0.0256,0.0829,-0.5315,-0.1564,0.2838,-0.3331
C:0234:0.0000,0.0000,0.0000,0.0000,0.0000,0.0000,0.0000,0.0000
M:0234:0.3614,0.3279,-0.2233,-0.6405,-0.2517,-0.1380,0.2819,0.5340
I:0234:0.4822,-0.0427,0.0851,0.1186,-0.4451,0.3920,0.4655,0.0361
F:0.9982@390
A:0.9982@390
T:0236:0.6296,-0.1987,0.0256,0.0829,-0.5315,-0.1564,0.2838,-0.3331
C:0236:0.0000,0.0000,0.0000,0.0000,0.0000,0.0000,0.0000,0.0000
M:0236:0.3610,0.3277,-0.2229,-0.6408,-0.2510,-0.1384,0.2820,0.5347
I:0237:0.4822,-0.0427,0.0851,0.1186,-0.4451,0.3920,0.4655,0.0361
F:0.9982@390
A:0.9982@390
T:0238:0.6296,-0.1987,0.0256,0.0829,-0.5315,-0.1564,0.2838,-0.3331
C:0238:0.0000,0.0000,0.0000,0.0000,0.0000,0.0000,0.0000,0.0000
M:0238:0.3606,0.3276,-0.2224,-0.6411,-0.2504,-0.1389,0.2822,0.5353
I:0239:0.4822,-0.0427,0.0851,0.1186,-0.4451,0.3920,0.4655,0.0361
F:0.9982@390
A:0.9982@390
T:023a:0.6296,-0.1987,0.0256,0.0829,-0.5315,-0.1564,0.2838,-0.3331
C:023a:0.0000,0.0000,0.0000,0.0000,0.0000,0.0000,0.0000,0.0000
M:023a:0.3602,0.3274,-0.2220,-0.6414,-0.2498,-0.1395,0.2824,0.5359
I:023b:0.4822,-0.0427,0.0851,0.1186,-0.4451,0.3920,0.4655,0.0361
F:0.9980@390
A:0.9980@390
T:023c:0.6296,-0.1987,0.0256,0.0829,-0.5315,-0.1564,0.2838,-0.3331
C:023c:0.0000,0.0000,0.0000,0.0000,0.0000,0.0000,0.0000,0.0000
M:023c:0.3599,0.3272,-0.2217,-0.6417,-0.2491,-0.1400,0.2826,0.5365
I:023c:0.4822,-0.0427,0.0851,0.1186,-0.4451,0.3920,0.4655,0.0361
F:0.9977@390
A:0.9977@390
T:023d:0.6296,-0.1987,0.0256,0.0829,-0.5315,-0.1564,0.2838,-0.3331
C:023d:0.0000,0.0000,0.0000,0.0000,0.0000,0.0000,0.0000,0.0000
M:023d:0.3597,0.3273,-0.2210,-0.6420,-0.2488,-0.1401,0.2826,0.5370
I:023d:0.4822,-0.0427,0.0851,0.1186,-0.4451,0.3920,0.4655,0.0361
F:0.9977@390
A:0.9977@390
T:0241:0.6296,-0.1987,0.0256,0.0829,-0.5315,-0.1564,0.2838,-0.3331
C:0241:0.0000,0.0000,0.0000,0.0000,0.0000,0.0000,0.0000,0.0000
M:0241:0.3592,0.3269,-0.2210,-0.6423,-0.2481,-0.1412,0.2829,0.5375
I:0242:0.4822,-0.0427,0.0851,0.1186,-0.4451,0.3920,0.4655,0.0361
F:0.9977@390
A:0.9977@390
T:0243:0.6296,-0.1987,0.0256,0.0829,-0.5315,-0.1564,0.2838,-0.3331
C:0243:0.0000,0.0000,0.0000,0.0000,0.0000,0.0000,0.0000,0.0000
M:0243:0.3589,0.3266,-0.2211,-0.6427,-0.2470,-0.1424,0.2833,0.5383
I:0244:0.4822,-0.0427,0.0851,0.1186,-0.4451,0.3920,0.4655,0.0361
F:0.9977@390
A:0.9977@390
T:0245:0.6296,-0.1987,0.0256,0.0829,-0.5315,-0.1564,0.2838,-0.3331
C:0245:0.0000,0.0000,0.0000,0.0000,0.0000,0.0000,0.0000,0.0000
M:0245:0.3587,0.3264,-0.2208,-0.6431,-0.2459,-0.1429,0.2835,0.5391
I:0246:0.4822,-0.0427,0.0851,0.1186,-0.4451,0.3920,0.4655,0.0361
F:0.9977@390
A:0.9977@390
T:0247:0.6296,-0.1987,0.0256,0.0829,-0.5315,-0.1564,0.2838,-0.3331
C:0247:0.0000,0.0000,0.0000,0.0000,0.0000,0.0000,0.0000,0.0000
M:0247:0.3584,0.3262,-0.2203,-0.6435,-0.2449,-0.1432,0.2836,0.5399
I:0247:0.4822,-0.0427,0.0851,0.1186,-0.4451,0.3920,0.4655,0.0361
F:0.9977@390
A:0.9977@390
T:0249:0.6296,-0.1987,0.0256,0.0829,-0.5315,-0.1564,0.2838,-0.3331
C:0249:0.0000,0.0000,0.0000,0.0000,0.0000,0.0000,0.0000,0.0000
M:0249:0.3579,0.3260,-0.2197,-0.6438,-0.2442,-0.1435,0.2837,0.5405
I:0249:0.4822,-0.0427,0.0851,0.1186,-0.4451,0.3920,0.4655,0.0361
F:0.9974@390
A:0.9974@390
T:024a:0.6296,-0.1987,0.0256,0.0829,-0.5315,-0.1564,0.2838,-0.3331
C:024a:0.0000,0.0000,0.0000,0.0000,0.0000,0.0000,0.0000,0.0000
M:024b:0.3576,0.3260,-0.2189,-0.6440,-0.2438,-0.1435,0.2837,0.5410
I:024b:0.4822,-0.0427,0.0851,0.1186,-0.4451,0.3920,0.4655,0.0361
F:0.9974@390
A:0.9974@390
T:024c:0.6296,-0.1987,0.0256,0.0829,-0.5315,-0.1564,0.2838,-0.3331
C:024d:0.0000,0.0000,0.0000,0.0000,0.0000,0.0000,0.0000,0.0000
M:024d:0.3571,0.3258,-0.2184,-0.6442,-0.2435,-0.1441,0.2838,0.5414
I:024d:0.4822,-0.0427,0.0851,0.1186,-0.4451,0.3920,0.4655,0.0361
F:0.9974@390
A:0.9974@390
T:024f:0.6296,-0.1987,0.0256,0.0829,-0.5315,-0.1564,0.2838,-0.3331
C:024f:0.0000,0.0000,0.0000,0.0000,0.0000,0.0000,0.0000,0.0000
M:024f:0.3566,0.3255,-0.2185,-0.6446,-0.2427,-0.1453,0.2842,0.5420
I:024f:0.4822,-0.0427,0.0851,0.1186,-0.4451,0.3920,0.4655,0.0361
F:0.9974@390
A:0.9974@390
T:0251:0.6296,-0.1987,0.0256,0.0829,-0.5315,-0.1564,0.2838,-0.3331
C:0251:0.0000,0.0000,0.0000,0.0000,0.0000,0.0000,0.0000,0.0000
M:0251:0.3565,0.3252,-0.2182,-0.6449,-0.2418,-0.1460,0.2844,0.5427
I:0252:0.4822,-0.0427,0.0851,0.1186,-0.4451,0.3920,0.4655,0.0361
F:0.9974@390
A:0.9974@390
T:0254:0.6296,-0.1987,0.0256,0.0829,-0.5315,-0.1564,0.2838,-0.3331
C:0254:0.0000,0.0000,0.0000,0.0000,0.0000,0.0000,0.0000,0.0000
M:0254:0.3561,0.3249,-0.2182,-0.6453,-0.2406,-0.1469,0.2847,0.5434
I:0254:0.4822,-0.0427,0.0851,0.1186,-0.4451,0.3920,0.4655,0.0361
F:0.9974@390
A:0.9974@390
T:0255:0.6296,-0.1987,0.0256,0.0829,-0.5315,-0.1564,0.2838,-0.3331
C:0256:0.0000,0.0000,0.0000,0.0000,0.0000,0.0000,0.0000,0.0000
M:0256:0.3560,0.3249,-0.2175,-0.6456,-0.2398,-0.1469,0.2847,0.5441
I:0256:0.4822,-0.0427,0.0851,0.1186,-0.4451,0.3920,0.4655,0.0361
F:0.9972@390
A:0.9972@390
T:0257:0.6296,-0.1987,0.0256,0.0829,-0.5315,-0.1564,0.2838,-0.3331
C:0257:0.0000,0.0000,0.0000,0.0000,0.0000,0.0000,0.0000,0.0000
M:0258:0.3555,0.3247,-0.2169,-0.6459,-0.2392,-0.1472,0.2848,0.5447
I:0258:0.4822,-0.0427,0.0851,0.1186,-0.4451,0.3920,0.4655,0.0361
F:0.9972@390
A:0.9972@390
T:0259:0.6296,-0.1987,0.0256,0.0829,-0.5315,-0.1564,0.2838,-0.3331
C:0259:0.0000,0.0000,0.0000,0.0000,0.0000,0.0000,0.0000,0.0000
M:0259:0.3550,0.3245,-0.2165,-0.6461,-0.2386,-0.1477,0.2849,0.5452
I:025a:0.4822,-0.0427,0.0851,0.1186,-0.4451,0.3920,0.4655,0.0361
F:0.9972@390
A:0.9972@390
T:025b:0.6296,-0.1987,0.0256,0.0829,-0.5315,-0.1564,0.2838,-0.3331
C:025c:0.0000,0.0000,0.0000,0.0000,0.0000,0.0000,0.0000,0.0000
M:025c:0.3546,0.3243,-0.2161,-0.6464,-0.2379,-0.1483,0.2851,0.5457
I:025c:0.4822,-0.0427,0.0851,0.1186,-0.4451,0.3920,0.4655,0.0361
F:0.9972@390
A:0.9972@390
T:025d:0.6296,-0.1987,0.0256,0.0829,-0.5315,-0.1564,0.2838,-0.3331
C:025d:0.0000,0.0000,0.0000,0.0000,0.0000,0.0000,0.0000,0.0000
M:025d:0.3543,0.3241,-0.2157,-0.6467,-0.2373,-0.1489,0.2853,0.5463
I:025d:0.4822,-0.0427,0.0851,0.1186,-0.4451,0.3920,0.4655,0.0361
F:0.9972@390
A:0.9972@390
T:025f:0.6296,-0.1987,0.0256,0.0829,-0.5315,-0.1564,0.2838,-0.3331
C:025f:0.0000,0.0000,0.0000,0.0000,0.0000,0.0000,0.0000,0.0000
M:0260:0.3540,0.3239,-0.2154,-0.6470,-0.2365,-0.1495,0.2855,0.5468
I:0261:0.4822,-0.0427,0.0851,0.1186,-0.4451,0.3920,0.4655,0.0361
F:0.9972@390
A:0.9972@390
T:0263:0.6296,-0.1987,0.0256,0.0829,-0.5315,-0.1564,0.2838,-0.3331
C:0263:0.0000,0.0000,0.0000,0.0000,0.0000,0.0000,0.0000,0.0000
M:0263:0.3535,0.3235,-0.2154,-0.6474,-0.2355,-0.1505,0.2858,0.5475
I:0263:0.4822,-0.0427,0.0851,0.1186,-0.4451,0.3920,0.4655,0.0361
F:0.9970@390
A:0.9970@390
T:0264:0.6296,-0.1987,0.0256,0.0829,-0.5315,-0.1564,0.2838,-0.3331
C:0264:0.0000,0.0000,0.0000,0.0000,0.0000,0.0000,0.0000,0.0000
M:0264:0.3533,0.3233,-0.2150,-0.6477,-0.2344,-0.1510,0.2860,0.5482
I:0264:0.4822,-0.0427,0.0851,0.1186,-0.4451,0.3920,0.4655,0.0361
F:0.9970@390
A:0.9970@390
T:0266:0.6296,-0.1987,0.0256,0.0829,-0.5315,-0.1564,0.2838,-0.3331
C:0266:0.0000,0.0000,0.0000,0.0000,0.0000,0.0000,0.0000,0.0000
M:0266:0.3529,0.3231,-0.2145,-0.6480,-0.2335,-0.1514,0.2861,0.5489
I:0267:0.4822,-0.0427,0.0851,0.1186,-0.4451,0.3920,0.4655,0.0361
F:0.9970@390
A:0.9970@390
T:0268:0.6296,-0.1987,0.0256,0.0829,-0.5315,-0.1564,0.2838,-0.3331
C:0268:0.0000,0.0000,0.0000,0.0000,0.0000,0.0000,0.0000,0.0000
M:0268:0.3525,0.3229,-0.2140,-0.6483,-0.2327,-0.1518,0.2862,0.5495
I:0268:0.4822,-0.0427,0.0851,0.1186,-0.4451,0.3920,0.4655,0.0361
F:0.9970@390
A:0.9970@390
T:0269:0.6296,-0.1987,0.0256,0.0829,-0.5315,-0.1564,0.2838,-0.3331
C:026a:0.0000,0.0000,0.0000,0.0000,0.0000,0.0000,0.0000,0.0000
M:026a:0.3521,0.3228,-0.2131,-0.6485,-0.2322,-0.1518,0.2862,0.5500
I:026a:0.4822,-0.0427,0.0851,0.1186,-0.4451,0.3920,0.4655,0.0361
F:0.9970@390
A:0.9970@390
T:026b:0.6296,-0.1987,0.0256,0.0829,-0.5315,-0.1564,0.2838,-0.3331
C:026b:0.0000,0.0000,0.0000,0.0000,0.0000,0.0000,0.0000,0.0000
M:026b:0.3516,0.3226,-0.2127,-0.6487,-0.2319,-0.1523,0.2863,0.5504
I:026b:0.4822,-0.0427,0.0851,0.1186,-0.4451,0.3920,0.4655,0.0361
F:0.9968@390
A:0.9968@390
T:026c:0.6296,-0.1987,0.0256,0.0829,-0.5315,-0.1564,0.2838,-0.3331
C:026c:0.0000,0.0000,0.0000,0.0000,0.0000,0.0000,0.0000,0.0000
M:026d:0.3513,0.3226,-0.2120,-0.6489,-0.2316,-0.1526,0.2864,0.5507
I:026d:0.4822,-0.0427,0.0851,0.1186,-0.4451,0.3920,0.4655,0.0361
F:0.9968@390
A:0.9968@390
T:026e:0.6296,-0.1987,0.0256,0.0829,-0.5315,-0.1564,0.2838,-0.3331
C:026e:0.0000,0.0000,0.0000,0.0000,0.0000,0.0000,0.0000,0.0000
M:026f:0.3510,0.3224,-0.2118,-0.6491,-0.2312,-0.1533,0.2865,0.5511
I:026f:0.4822,-0.0427,0.0851,0.1186,-0.4451,0.3920,0.4655,0.0361
F:0.9968@390
A:0.9968@390
T:0270:0.6296,-0.1987,0.0256,0.0829,-0.5315,-0.1564,0.2838,-0.3331
C:0270:0.0000,0.0000,0.0000,0.0000,0.0000,0.0000,0.0000,0.0000
M:0270:0.3507,0.3222,-0.2117,-0.6494,-0.2306,-0.1540,0.2867,0.5516
I:0271:0.4822,-0.0427,0.0851,0.1186,-0.4451,0.3920,0.4655,0.0361
F:0.9968@390
A:0.9968@390
T:0272:0.6296,-0.1987,0.0256,0.0829,-0.5315,-0.1564,0.2838,-0.3331
C:0272:0.0000,0.0000,0.0000,0.0000,0.0000,0.0000,0.0000,0.0000
M:0272:0.3505,0.3220,-0.2116,-0.6497,-0.2298,-0.1547,0.2869,0.5521
I:0272:0.4822,-0.0427,0.0851,0.1186,-0.4451,0.3920,0.4655,0.0361
F:0.9965@390
A:0.9965@390
T:0274:0.6296,-0.1987,0.0256,0.0829,-0.5315,-0.1564,0.2838,-0.3331
C:0274:0.0000,0.0000,0.0000,0.0000,0.0000,0.0000,0.0000,0.0000
M:0274:0.3502,0.3217,-0.2114,-0.6500,-0.2289,-0.1552,0.2871,0.5527
I:0274:0.4822,-0.0427,0.0851,0.1186,-0.4451,0.3920,0.4655,0.0361
F:0.9964@390
A:0.9964@390
T:0276:0.6296,-0.1987,0.0256,0.0829,-0.5315,-0.1564,0.2838,-0.3331
C:0276:0.0000,0.0000,0.0000,0.0000,0.0000,0.0000,0.0000,0.0000
M:0276:0.3499,0.3215,-0.2111,-0.6503,-0.2279,-0.1557,0.2872,0.5533
I:0276:0.4822,-0.0427,0.0851,0.1186,-0.4451,0.3920,0.4655,0.0361
F:0.9963@390
A:0.9963@390
T:0279:0.6296,-0.1987,0.0256,0.0829,-0.5315,-0.1564,0.2838,-0.3331
C:0279:0.0000,0.0000,0.0000,0.0000,0.0000,0.0000,0.0000,0.0000
M:0279:0.3495,0.3213,-0.2107,-0.6506,-0.2270,-0.1561,0.2874,0.5539
I:027a:0.4822,-0.0427,0.0851,0.1186,-0.4451,0.3920,0.4655,0.0361
F:0.9963@390
A:0.9963@390
T:027b:0.6296,-0.1987,0.0256,0.0829,-0.5315,-0.1564,0.2838,-0.3331
C:027c:0.0000,0.0000,0.0000,0.0000,0.0000,0.0000,0.0000,0.0000
M:027c:0.3489,0.3208,-0.2107,-0.6509,-0.2258,-0.1570,0.2877,0.5545
I:027c:0.4822,-0.0427,0.0851,0.1186,-0.4451,0.3920,0.4655,0.0361
F:0.9963@390
A:0.9963@390
T:0280:0.6296,-0.1987,0.0256,0.0829,-0.5315,-0.1564,0.2838,-0.3331
C:0280:0.0000,0.0000,0.0000,0.0000,0.0000,0.0000,0.0000,0.0000
M:0280:0.3483,0.3200,-0.2112,-0.6514,-0.2238,-0.1588,0.2884,0.5555
I:0280:0.4822,-0.0427,0.0851,0.1186,-0.4451,0.3920,0.4655,0.0361
F:0.9962@390
A:0.9962@390
T:0282:0.6296,-0.1987,0.0256,0.0829,-0.5315,-0.1564,0.2838,-0.3331
C:0282:0.0000,0.0000,0.0000,0.0000,0.0000,0.0000,0.0000,0.0000
M:0283:0.3481,0.3196,-0.2106,-0.6519,-0.2219,-0.1591,0.2886,0.5565
I:0283:0.4822,-0.0427,0.0851,0.1186,-0.4451,0.3920,0.4655,0.0361
F:0.9962@390
A:0.9962@390
T:0284:0.6296,-0.1987,0.0256,0.0829,-0.5315,-0.1564,0.2838,-0.3331
C:0285:0.0000,0.0000,0.0000,0.0000,0.0000,0.0000,0.0000,0.0000
M:0285:0.3476,0.3193,-0.2096,-0.6522,-0.2205,-0.1591,0.2886,0.5573
I:0285:0.4822,-0.0427,0.0851,0.1186,-0.4451,0.3920,0.4655,0.0361
F:0.9961@390
A:0.9961@390
T:0287:0.6296,-0.1987,0.0256,0.0829,-0.5315,-0.1564,0.2838,-0.3331
C:0288:0.0000,0.0000,0.0000,0.0000,0.0000,0.0000,0.0000,0.0000
M:0288:0.3467,0.3188,-0.2088,-0.6525,-0.2194,-0.1596,0.2887,0.5580
I:0289:0.4822,-0.0427,0.0851,0.1186,-0.4451,0.3920,0.4655,0.0361
F:0.9958@390
A:0.9958@390
T:028a:0.6296,-0.1987,0.0256,0.0829,-0.5315,-0.1564,0.2838,-0.3331
C:028a:0.0000,0.0000,0.0000,0.0000,0.0000,0.0000,0.0000,0.0000
M:028a:0.3460,0.3183,-0.2082,-0.6528,-0.2182,-0.1604,0.2890,0.5587
I:028a:0.4822,-0.0427,0.0851,0.1186,-0.4451,0.3920,0.4655,0.0361
F:0.9955@390
A:0.9955@390
T:028d:0.6296,-0.1987,0.0256,0.0829,-0.5315,-0.1564,0.2838,-0.3331
C:028d:0.0000,0.0000,0.0000,0.0000,0.0000,0.0000,0.0000,0.0000
M:028d:0.3454,0.3178,-0.2076,-0.6532,-0.2170,-0.1612,0.2893,0.5595
I:028d:0.4822,-0.0427,0.0851,0.1186,-0.4451,0.3920,0.4655,0.0361
F:0.9955@390
A:0.9955@390
T:028e:0.6296,-0.1987,0.0256,0.0829,-0.5315,-0.1564,0.2838,-0.3331
C:028e:0.0000,0.0000,0.0000,0.0000,0.0000,0.0000,0.0000,0.0000
M:028e:0.3451,0.3177,-0.2064,-0.6534,-0.2164,-0.1612,0.2892,0.5601
I:028f:0.4822,-0.0427,0.0851,0.1186,-0.4451,0.3920,0.4655,0.0361
F:0.9953@390
A:0.9953@390
T:0290:0.6296,-0.1987,0.0256,0.0829,-0.5315,-0.1564,0.2838,-0.3331
C:0290:0.0000,0.0000,0.0000,0.0000,0.0000,0.0000,0.0000,0.0000
M:0290:0.3444,0.3176,-0.2055,-0.6536,-0.2160,-0.1615,0.2892,0.5605
I:0290:0.4822,-0.0427,0.0851,0.1186,-0.4451,0.3920,0.4655,0.0361
F:0.9953@390
A:0.9953@390
T:0292:0.6296,-0.1987,0.0256,0.0829,-0.5315,-0.1564,0.2838,-0.3331
C:0292:0.0000,0.0000,0.0000,0.0000,0.0000,0.0000,0.0000,0.0000
M:0292:0.3439,0.3174,-0.2049,-0.6538,-0.2157,-0.1621,0.2893,0.5610
I:0293:0.4822,-0.0427,0.0851,0.1186,-0.4451,0.3920,0.4655,0.0361
F:0.9953@390
A:0.9953@390
T:0294:0.6296,-0.1987,0.0256,0.0829,-0.5315,-0.1564,0.2838,-0.3331
C:0294:0.0000,0.0000,0.0000,0.0000,0.0000,0.0000,0.0000,0.0000
M:0294:0.3435,0.3172,-0.2044,-0.6541,-0.2152,-0.1628,0.2895,0.5614
I:0294:0.4822,-0.0427,0.0851,0.1186,-0.4451,0.3920,0.4655,0.0361
F:0.9953@390
A:0.9953@390
T:0296:0.6296,-0.1987,0.0256,0.0829,-0.5315,-0.1564,0.2838,-0.3331
C:0296:0.0000,0.0000,0.0000,0.0000,0.0000,0.0000,0.0000,0.0000
M:0296:0.3432,0.3171,-0.2040,-0.6544,-0.2146,-0.1635,0.2896,0.5619
I:0296:0.4822,-0.0427,0.0851,0.1186,-0.4451,0.3920,0.4655,0.0361
F:0.9953@390
A:0.9953@390
T:0297:0.6296,-0.1987,0.0256,0.0829,-0.5315,-0.1564,0.2838,-0.3331
C:0297:0.0000,0.0000,0.0000,0.0000,0.0000,0.0000,0.0000,0.0000
M:0297:0.3430,0.3171,-0.2033,-0.6546,-0.2142,-0.1637,0.2896,0.5623
I:0297:0.4822,-0.0427,0.0851,0.1186,-0.4451,0.3920,0.4655,0.0361
F:0.9953@390
A:0.9953@390
T:0298:0.6296,-0.1987,0.0256,0.0829,-0.5315,-0.1564,0.2838,-0.3331
C:0299:0.0000,0.0000,0.0000,0.0000,0.0000,0.0000,0.0000,0.0000
M:0299:0.3427,0.3171,-0.2027,-0.6547,-0.2141,-0.1638,0.2895,0.5626
I:0299:0.4822,-0.0427,0.0851,0.1186,-0.4451,0.3920,0.4655,0.0361
F:0.9953@390
A:0.9953@390
T:029b:0.6296,-0.1987,0.0256,0.0829,-0.5315,-0.1564,0.2838,-0.3331
C:029b:0.0000,0.0000,0.0000,0.0000,0.0000,0.0000,0.0000,0.0000
M:029b:0.3421,0.3168,-0.2028,-0.6550,-0.2134,-0.1649,0.2898,0.5630
I:029c:0.4822,-0.0427,0.0851,0.1186,-0.4451,0.3920,0.4655,0.0361
F:0.9953@390
A:0.9953@390
T:029e:0.6296,-0.1987,0.0256,0.0829,-0.5315,-0.1564,0.2838,-0.3331
C:029e:0.0000,0.0000,0.0000,0.0000,0.0000,0.0000,0.0000,0.0000
M:029e:0.3418,0.3164,-0.2030,-0.6554,-0.2122,-0.1661,0.2902,0.5636
I:029e:0.4822,-0.0427,0.0851,0.1186,-0.4451,0.3920,0.4655,0.0361
F:0.9952@390
A:0.9952@390
T:02a0:0.6296,-0.1987,0.0256,0.0829,-0.5315,-0.1564,0.2838,-0.3331
C:02a0:0.0000,0.0000,0.0000,0.0000,0.0000,0.0000,0.0000,0.0000
M:02a0:0.3416,0.3161,-0.2028,-0.6558,-0.2108,-0.1666,0.2905,0.5643
I:02a1:0.4822,-0.0427,0.0851,0.1186,-0.4451,0.3920,0.4655,0.0361
F:0.9952@390
A:0.9952@390
T:02a2:0.6296,-0.1987,0.0256,0.0829,-0.5315,-0.1564,0.2838,-0.3331
C:02a2:0.0000,0.0000,0.0000,0.0000,0.0000,0.0000,0.0000,0.0000
M:02a2:0.3412,0.3158,-0.2023,-0.6560,-0.2095,-0.1669,0.2905,0.5650
I:02a2:0.4822,-0.0427,0.0851,0.1186,-0.4451,0.3920,0.4655,0.0361
F:0.9949@390
A:0.9949@390
T:02a4:0.6296,-0.1987,0.0256,0.0829,-0.5315,-0.1564,0.2838,-0.3331
C:02a4:0.0000,0.0000,0.0000,0.0000,0.0000,0.0000,0.0000,0.0000
M:02a4:0.3407,0.3155,-0.2016,-0.6563,-0.2085,-0.1671,0.2906,0.5656
I:02a4:0.4822,-0.0427,0.0851,0.1186,-0.4451,0.3920,0.4655,0.0361
F:0.9949@390
A:0.9949@390
T:02a5:0.6296,-0.1987,0.0256,0.0829,-0.5315,-0.1564,0.2838,-0.3331
C:02a5:0.0000,0.0000,0.0000,0.0000,0.0000,0.0000,0.0000,0.0000
M:02a5:0.3402,0.3154,-0.2006,-0.6564,-0.2079,-0.1670,0.2905,0.5660
I:02a5:0.4822,-0.0427,0.0851,0.1186,-0.4451,0.3920,0.4655,0.0361
F:0.9949@390
A:0.9949@390
T:02a6:0.6296,-0.1987,0.0256,0.0829,-0.5315,-0.1564,0.2838,-0.3331
C:02a6:0.0000,0.0000,0.0000,0.0000,0.0000,0.0000,0.0000,0.0000
M:02a6:0.3396,0.3153,-0.1997,-0.6565,-0.2077,-0.1671,0.2905,0.5663
I:02a6:0.4822,-0.0427,0.0851,0.1186,-0.4451,0.3920,0.4655,0.0361
F:0.9945@390
A:0.9945@390
T:02a8:0.6296,-0.1987,0.0256,0.0829,-0.5315,-0.1564,0.2838,-0.3331
C:02a8:0.0000,0.0000,0.0000,0.0000,0.0000,0.0000,0.0000,0.0000
M:02a8:0.3391,0.3150,-0.1993,-0.6567,-0.2075,-0.1677,0.2906,0.5665
I:02a8:0.4822,-0.0427,0.0851,0.1186,-0.4451,0.3920,0.4655,0.0361
F:0.9945@390
A:0.9945@390
T:02aa:0.6296,-0.1987,0.0256,0.0829,-0.5315,-0.1564,0.2838,-0.3331
C:02aa:0.0000,0.0000,0.0000,0.0000,0.0000,0.0000,0.0000,0.0000
M:02ab:0.3388,0.3147,-0.1991,-0.6569,-0.2070,-0.1686,0.2909,0.5669
I:02ab:0.4822,-0.0427,0.0851,0.1186,-0.4451,0.3920,0.4655,0.0361
F:0.9945@390
A:0.9945@390
T:02ac:0.6296,-0.1987,0.0256,0.0829,-0.5315,-0.1564,0.2838,-0.3331
C:02ac:0.0000,0.0000,0.0000,0.0000,0.0000,0.0000,0.0000,0.0000
M:02ac:0.3385,0.3145,-0.1989,-0.6572,-0.2063,-0.1693,0.2911,0.5673
I:02ac:0.4822,-0.0427,0.0851,0.1186,-0.4451,0.3920,0.4655,0.0361
F:0.9945@390
A:0.9945@390
T:02ae:0.6296,-0.1987,0.0256,0.0829,-0.5315,-0.1564,0.2838,-0.3331
C:02ae:0.0000,0.0000,0.0000,0.0000,0.0000,0.0000,0.0000,0.0000
M:02ae:0.3383,0.3143,-0.1988,-0.6575,-0.2053,-0.1699,0.2912,0.5679
I:02af:0.4822,-0.0427,0.0851,0.1186,-0.4451,0.3920,0.4655,0.0361
F:0.9945@390
A:0.9945@390
T:02b0:0.6296,-0.1987,0.0256,0.0829,-0.5315,-0.1564,0.2838,-0.3331
C:02b0:0.0000,0.0000,0.0000,0.0000,0.0000,0.0000,0.0000,0.0000
M:02b0:0.3380,0.3140,-0.1985,-0.6577,-0.2042,-0.1704,0.2914,0.5684
I:02b0:0.4822,-0.0427,0.0851,0.1186,-0.4451,0.3920,0.4655,0.0361
F:0.9942@390
A:0.9942@390
T:02b3:0.6296,-0.1987,0.0256,0.0829,-0.5315,-0.1564,0.2838,-0.3331
C:02b3:0.0000,0.0000,0.0000,0.0000,0.0000,0.0000,0.0000,0.0000
M:02b3:0.3375,0.3137,-0.1981,-0.6580,-0.2032,-0.1708,0.2915,0.5690
I:02b3:0.4822,-0.0427,0.0851,0.1186,-0.4451,0.3920,0.4655,0.0361
F:0.9942@390
A:0.9942@390
T:02b5:0.6296,-0.1987,0.0256,0.0829,-0.5315,-0.1564,0.2838,-0.3331
C:02b5:0.0000,0.0000,0.0000,0.0000,0.0000,0.0000,0.0000,0.0000
M:02b5:0.3371,0.3134,-0.1976,-0.6582,-0.2022,-0.1712,0.2916,0.5695
I:02b5:0.4822,-0.0427,0.0851,0.1186,-0.4451,0.3920,0.4655,0.0361
F:0.9942@390
A:0.9942@390
T:02b6:0.6296,-0.1987,0.0256,0.0829,-0.5315,-0.1564,0.2838,-0.3331
C:02b6:0.0000,0.0000,0.0000,0.0000,0.0000,0.0000,0.0000,0.0000
M:02b6:0.3365,0.3131,-0.1971,-0.6584,-0.2012,-0.1716,0.2917,0.5700
I:02b6:0.4822,-0.0427,0.0851,0.1186,-0.4451,0.3920,0.4655,0.0361
F:0.9942@390
A:0.9942@390
T:02b8:0.6296,-0.1987,0.0256,0.0829,-0.5315,-0.1564,0.2838,-0.3331
C:02b8:0.0000,0.0000,0.0000,0.0000,0.0000,0.0000,0.0000,0.0000
M:02b8:0.3360,0.3127,-0.1966,-0.6587,-0.2003,-0.1720,0.2919,0.5705
I:02b9:0.4822,-0.0427,0.0851,0.1186,-0.4451,0.3920,0.4655,0.0361
F:0.9939@390
A:0.9939@390
T:02ba:0.6296,-0.1987,0.0256,0.0829,-0.5315,-0.1564,0.2838,-0.3331
C:02ba:0.0000,0.0000,0.0000,0.0000,0.0000,0.0000,0.0000,0.0000
M:02ba:0.3356,0.3124,-0.1961,-0.6589,-0.1994,-0.1725,0.2920,0.5709
I:02ba:0.4822,-0.0427,0.0851,0.1186,-0.4451,0.3920,0.4655,0.0361
F:0.9936@390
A:0.9936@390
{
  "exo_version": "0.12",
  "last_tick": 700,
  "attractor": {
    "events": 1,
    "sim_mean": 0.9936
  },
  "memory": {
    "unique_patterns": 2,
    "familiarity_mean": 0.9936
  },
  "path_dependency_index": 1.9150,
  "sedimentation": true
}

T:02bd:0.6296,-0.1987,0.0256,0.0829,-0.5315,-0.1564,0.2838,-0.3331
C:02bd:0.0000,0.0000,0.0000,0.0000,0.0000,0.0000,0.0000,0.0000
M:02bd:0.3351,0.3121,-0.1955,-0.6591,-0.1986,-0.1730,0.2921,0.5714
I:02bd:0.4822,-0.0427,0.0851,0.1186,-0.4451,0.3920,0.4655,0.0361
F:0.9936@390
A:0.9936@390
T:02be:0.6296,-0.1987,0.0256,0.0829,-0.5315,-0.1564,0.2838,-0.3331
C:02be:0.0000,0.0000,0.0000,0.0000,0.0000,0.0000,0.0000,0.0000
M:02be:0.3346,0.3118,-0.1950,-0.6593,-0.1977,-0.1735,0.2923,0.5719
I:02be:0.4822,-0.0427,0.0851,0.1186,-0.4451,0.3920,0.4655,0.0361
F:0.9936@390
A:0.9936@390
T:02c0:0.6296,-0.1987,0.0256,0.0829,-0.5315,-0.1564,0.2838,-0.3331
C:02c0:0.0000,0.0000,0.0000,0.0000,0.0000,0.0000,0.0000,0.0000
M:02c0:0.3342,0.3115,-0.1945,-0.6596,-0.1969,-0.1740,0.2924,0.5724
I:02c1:0.4822,-0.0427,0.0851,0.1186,-0.4451,0.3920,0.4655,0.0361
F:0.9936@390
A:0.9936@390
T:02c2:0.6296,-0.1987,0.0256,0.0829,-0.5315,-0.1564,0.2838,-0.3331
C:02c3:0.0000,0.0000,0.0000,0.0000,0.0000,0.0000,0.0000,0.0000
M:02c3:0.3337,0.3112,-0.1940,-0.6598,-0.1960,-0.1745,0.2925,0.5729
I:02c3:0.4822,-0.0427,0.0851,0.1186,-0.4451,0.3920,0.4655,0.0361
F:0.9936@390
A:0.9936@390
T:02c4:0.6296,-0.1987,0.0256,0.0829,-0.5315,-0.1564,0.2838,-0.3331
C:02c4:0.0000,0.0000,0.0000,0.0000,0.0000,0.0000,0.0000,0.0000
M:02c5:0.3333,0.3109,-0.1935,-0.6600,-0.1952,-0.1750,0.2926,0.5733
I:02c5:0.4822,-0.0427,0.0851,0.1186,-0.4451,0.3920,0.4655,0.0361
F:0.9934@390
A:0.9934@390
T:02c6:0.6296,-0.1987,0.0256,0.0829,-0.5315,-0.1564,0.2838,-0.3331
C:02c6:0.0000,0.0000,0.0000,0.0000,0.0000,0.0000,0.0000,0.0000
M:02c6:0.3328,0.3106,-0.1930,-0.6603,-0.1943,-0.1754,0.2928,0.5738
I:02c7:0.4822,-0.0427,0.0851,0.1186,-0.4451,0.3920,0.4655,0.0361
F:0.9934@390
A:0.9934@390
T:02c8:0.6296,-0.1987,0.0256,0.0829,-0.5315,-0.1564,0.2838,-0.3331
C:02c8:0.0000,0.0000,0.0000,0.0000,0.0000,0.0000,0.0000,0.0000
M:02c8:0.3323,0.3103,-0.1925,-0.6605,-0.1934,-0.1759,0.2929,0.5743
I:02c8:0.4822,-0.0427,0.0851,0.1186,-0.4451,0.3920,0.4655,0.0361
F:0.9934@390
A:0.9934@390
T:02c9:0.6296,-0.1987,0.0256,0.0829,-0.5315,-0.1564,0.2838,-0.3331
C:02c9:0.0000,0.0000,0.0000,0.0000,0.0000,0.0000,0.0000,0.0000
M:02ca:0.3320,0.3102,-0.1917,-0.6606,-0.1928,-0.1760,0.2929,0.5747
I:02ca:0.4822,-0.0427,0.0851,0.1186,-0.4451,0.3920,0.4655,0.0361
F:0.9934@390
A:0.9934@390
T:02cb:0.6296,-0.1987,0.0256,0.0829,-0.5315,-0.1564,0.2838,-0.3331
C:02cb:0.0000,0.0000,0.0000,0.0000,0.0000,0.0000,0.0000,0.0000
M:02cb:0.3314,0.3099,-0.1912,-0.6608,-0.1923,-0.1765,0.2929,0.5750
I:02cc:0.4822,-0.0427,0.0851,0.1186,-0.4451,0.3920,0.4655,0.0361
F:0.9933@390
A:0.9933@390
T:02cd:0.6296,-0.1987,0.0256,0.0829,-0.5315,-0.1564,0.2838,-0.3331
C:02cd:0.0000,0.0000,0.0000,0.0000,0.0000,0.0000,0.0000,0.0000
M:02cd:0.3310,0.3097,-0.1908,-0.6610,-0.1916,-0.1771,0.2931,0.5754
I:02cd:0.4822,-0.0427,0.0851,0.1186,-0.4451,0.3920,0.4655,0.0361
F:0.9933@390
A:0.9933@390
T:02cf:0.6296,-0.1987,0.0256,0.0829,-0.5315,-0.1564,0.2838,-0.3331
C:02cf:0.0000,0.0000,0.0000,0.0000,0.0000,0.0000,0.0000,0.0000
M:02d0:0.3306,0.3094,-0.1905,-0.6613,-0.1908,-0.1777,0.2933,0.5759
I:02d0:0.4822,-0.0427,0.0851,0.1186,-0.4451,0.3920,0.4655,0.0361
F:0.9933@390
A:0.9933@390
T:02d1:0.6296,-0.1987,0.0256,0.0829,-0.5315,-0.1564,0.2838,-0.3331
C:02d1:0.0000,0.0000,0.0000,0.0000,0.0000,0.0000,0.0000,0.0000
M:02d2:0.3302,0.3091,-0.1901,-0.6615,-0.1899,-0.1782,0.2934,0.5763
I:02d2:0.4822,-0.0427,0.0851,0.1186,-0.4451,0.3920,0.4655,0.0361
F:0.9929@390
A:0.9929@390
T:02d3:0.6296,-0.1987,0.0256,0.0829,-0.5315,-0.1564,0.2838,-0.3331
C:02d3:0.0000,0.0000,0.0000,0.0000,0.0000,0.0000,0.0000,0.0000
M:02d4:0.3298,0.3088,-0.1897,-0.6617,-0.1889,-0.1787,0.2935,0.5768
I:02d4:0.4822,-0.0427,0.0851,0.1186,-0.4451,0.3920,0.4655,0.0361
F:0.9925@390
A:0.9925@390
T:02d6:0.6296,-0.1987,0.0256,0.0829,-0.5315,-0.1564,0.2838,-0.3331
C:02d6:0.0000,0.0000,0.0000,0.0000,0.0000,0.0000,0.0000,0.0000
M:02d6:0.3292,0.3083,-0.1896,-0.6620,-0.1875,-0.1796,0.2938,0.5774
I:02d6:0.4822,-0.0427,0.0851,0.1186,-0.4451,0.3920,0.4655,0.0361
F:0.9925@390
A:0.9925@390
T:02d8:0.6296,-0.1987,0.0256,0.0829,-0.5315,-0.1564,0.2838,-0.3331
C:02d8:0.0000,0.0000,0.0000,0.0000,0.0000,0.0000,0.0000,0.0000
M:02d8:0.3288,0.3079,-0.1891,-0.6623,-0.1862,-0.1800,0.2940,0.5780
I:02d8:0.4822,-0.0427,0.0851,0.1186,-0.4451,0.3920,0.4655,0.0361
F:0.9925@390
A:0.9925@390
T:02da:0.6296,-0.1987,0.0256,0.0829,-0.5315,-0.1564,0.2838,-0.3331
C:02da:0.0000,0.0000,0.0000,0.0000,0.0000,0.0000,0.0000,0.0000
M:02da:0.3283,0.3075,-0.1884,-0.6625,-0.1850,-0.1803,0.2940,0.5785
I:02db:0.4822,-0.0427,0.0851,0.1186,-0.4451,0.3920,0.4655,0.0361
F:0.9922@390
A:0.9922@390
T:02dc:0.6296,-0.1987,0.0256,0.0829,-0.5315,-0.1564,0.2838,-0.3331
C:02dc:0.0000,0.0000,0.0000,0.0000,0.0000,0.0000,0.0000,0.0000
M:02dc:0.3277,0.3072,-0.1876,-0.6627,-0.1840,-0.1806,0.2941,0.5790
I:02dc:0.4822,-0.0427,0.0851,0.1186,-0.4451,0.3920,0.4655,0.0361
F:0.9922@390
A:0.9922@390
T:02de:0.6296,-0.1987,0.0256,0.0829,-0.5315,-0.1564,0.2838,-0.3331
C:02de:0.0000,0.0000,0.0000,0.0000,0.0000,0.0000,0.0000,0.0000
M:02de:0.3270,0.3068,-0.1868,-0.6629,-0.1832,-0.1810,0.2942,0.5794
I:02de:0.4822,-0.0427,0.0851,0.1186,-0.4451,0.3920,0.4655,0.0361
F:0.9922@390
A:0.9922@390
T:02e0:0.6296,-0.1987,0.0256,0.0829,-0.5315,-0.1564,0.2838,-0.3331
C:02e0:0.0000,0.0000,0.0000,0.0000,0.0000,0.0000,0.0000,0.0000
M:02e0:0.3264,0.3065,-0.1861,-0.6631,-0.1824,-0.1814,0.2943,0.5799
I:02e0:0.4822,-0.0427,0.0851,0.1186,-0.4451,0.3920,0.4655,0.0361
F:0.9922@390
A:0.9922@390
T:02e1:0.6296,-0.1987,0.0256,0.0829,-0.5315,-0.1564,0.2838,-0.3331
C:02e2:0.0000,0.0000,0.0000,0.0000,0.0000,0.0000,0.0000,0.0000
M:02e2:0.3260,0.3063,-0.1852,-0.6632,-0.1820,-0.1815,0.2943,0.5802
I:02e2:0.4822,-0.0427,0.0851,0.1186,-0.4451,0.3920,0.4655,0.0361
F:0.9919@390
A:0.9919@390
T:02e5:0.6296,-0.1987,0.0256,0.0829,-0.5315,-0.1564,0.2838,-0.3331
C:02e5:0.0000,0.0000,0.0000,0.0000,0.0000,0.0000,0.0000,0.0000
M:02e5:0.3252,0.3057,-0.1853,-0.6635,-0.1810,-0.1829,0.2946,0.5807
I:02e5:0.4822,-0.0427,0.0851,0.1186,-0.4451,0.3920,0.4655,0.0361
F:0.9919@390
A:0.9919@390
T:02e7:0.6296,-0.1987,0.0256,0.0829,-0.5315,-0.1564,0.2838,-0.3331
C:02e7:0.0000,0.0000,0.0000,0.0000,0.0000,0.0000,0.0000,0.0000
M:02e7:0.3251,0.3055,-0.1846,-0.6638,-0.1800,-0.1832,0.2947,0.5812
I:02e7:0.4822,-0.0427,0.0851,0.1186,-0.4451,0.3920,0.4655,0.0361
F:0.9914@390
A:0.9914@390
T:02e8:0.6296,-0.1987,0.0256,0.0829,-0.5315,-0.1564,0.2838,-0.3331
C:02e9:0.0000,0.0000,0.0000,0.0000,0.0000,0.0000,0.0000,0.0000
M:02e9:0.3246,0.3053,-0.1839,-0.6640,-0.1791,-0.1835,0.2947,0.5817
I:02e9:0.4822,-0.0427,0.0851,0.1186,-0.4451,0.3920,0.4655,0.0361
F:0.9914@390
A:0.9914@390
T:02ea:0.6296,-0.1987,0.0256,0.0829,-0.5315,-0.1564,0.2838,-0.3331
C:02ea:0.0000,0.0000,0.0000,0.0000,0.0000,0.0000,0.0000,0.0000
M:02ea:0.3241,0.3050,-0.1834,-0.6642,-0.1782,-0.1840,0.2948,0.5821
I:02ea:0.4822,-0.0427,0.0851,0.1186,-0.4451,0.3920,0.4655,0.0361
F:0.9914@390
A:0.9914@390
T:02eb:0.6296,-0.1987,0.0256,0.0829,-0.5315,-0.1564,0.2838,-0.3331
C:02eb:0.0000,0.0000,0.0000,0.0000,0.0000,0.0000,0.0000,0.0000
M:02eb:0.3236,0.3049,-0.1824,-0.6643,-0.1777,-0.1840,0.2948,0.5824
I:02eb:0.4822,-0.0427,0.0851,0.1186,-0.4451,0.3920,0.4655,0.0361
F:0.9914@390
A:0.9914@390
T:02ec:0.6296,-0.1987,0.0256,0.0829,-0.5315,-0.1564,0.2838,-0.3331
C:02ed:0.0000,0.0000,0.0000,0.0000,0.0000,0.0000,0.0000,0.0000
M:02ed:0.3231,0.3048,-0.1815,-0.6644,-0.1775,-0.1841,0.2947,0.5827
I:02ed:0.4822,-0.0427,0.0851,0.1186,-0.4451,0.3920,0.4655,0.0361
F:0.9914@390
A:0.9914@390
T:02ee:0.6296,-0.1987,0.0256,0.0829,-0.5315,-0.1564,0.2838,-0.3331
C:02ee:0.0000,0.0000,0.0000,0.0000,0.0000,0.0000,0.0000,0.0000
M:02ee:0.3226,0.3046,-0.1811,-0.6646,-0.1772,-0.1847,0.2948,0.5829
I:02ee:0.4822,-0.0427,0.0851,0.1186,-0.4451,0.3920,0.4655,0.0361
F:0.9914@390
A:0.9914@390
T:02f0:0.6296,-0.1987,0.0256,0.0829,-0.5315,-0.1564,0.2838,-0.3331
C:02f0:0.0000,0.0000,0.0000,0.0000,0.0000,0.0000,0.0000,0.0000
M:02f0:0.3222,0.3043,-0.1809,-0.6648,-0.1766,-0.1855,0.2950,0.5832
I:02f0:0.4822,-0.0427,0.0851,0.1186,-0.4451,0.3920,0.4655,0.0361
F:0.9914@390
A:0.9914@390
T:02f1:0.6296,-0.1987,0.0256,0.0829,-0.5315,-0.1564,0.2838,-0.3331
C:02f1:0.0000,0.0000,0.0000,0.0000,0.0000,0.0000,0.0000,0.0000
M:02f2:0.3221,0.3042,-0.1804,-0.6650,-0.1761,-0.1858,0.2951,0.5836
I:02f2:0.4822,-0.0427,0.0851,0.1186,-0.4451,0.3920,0.4655,0.0361
F:0.9914@390
A:0.9914@390
T:02f4:0.6296,-0.1987,0.0256,0.0829,-0.5315,-0.1564,0.2838,-0.3331
C:02f4:0.0000,0.0000,0.0000,0.0000,0.0000,0.0000,0.0000,0.0000
M:02f5:0.3217,0.3039,-0.1802,-0.6652,-0.1753,-0.1863,0.2952,0.5840
I:02f5:0.4822,-0.0427,0.0851,0.1186,-0.4451,0.3920,0.4655,0.0361
F:0.9914@390
A:0.9914@390
T:02f6:0.6296,-0.1987,0.0256,0.0829,-0.5315,-0.1564,0.2838,-0.3331
C:02f6:0.0000,0.0000,0.0000,0.0000,0.0000,0.0000,0.0000,0.0000
M:02f6:0.3212,0.3034,-0.1804,-0.6655,-0.1741,-0.1873,0.2955,0.5844
I:02f6:0.4822,-0.0427,0.0851,0.1186,-0.4451,0.3920,0.4655,0.0361
F:0.9914@390
A:0.9914@390
T:02f8:0.6296,-0.1987,0.0256,0.0829,-0.5315,-0.1564,0.2838,-0.3331
C:02f8:0.0000,0.0000,0.0000,0.0000,0.0000,0.0000,0.0000,0.0000
M:02f8:0.3208,0.3030,-0.1801,-0.6657,-0.1726,-0.1878,0.2957,0.5850
I:02f8:0.4822,-0.0427,0.0851,0.1186,-0.4451,0.3920,0.4655,0.0361
F:0.9914@390
A:0.9914@390
T:02fb:0.6296,-0.1987,0.0256,0.0829,-0.5315,-0.1564,0.2838,-0.3331
C:02fb:0.0000,0.0000,0.0000,0.0000,0.0000,0.0000,0.0000,0.0000
M:02fb:0.3204,0.3026,-0.1795,-0.6660,-0.1711,-0.1881,0.2958,0.5856
I:02fb:0.4822,-0.0427,0.0851,0.1186,-0.4451,0.3920,0.4655,0.0361
F:0.9912@390
A:0.9912@390
T:02fd:0.6296,-0.1987,0.0256,0.0829,-0.5315,-0.1564,0.2838,-0.3331
C:02fd:0.0000,0.0000,0.0000,0.0000,0.0000,0.0000,0.0000,0.0000
M:02fd:0.3196,0.3021,-0.1791,-0.6662,-0.1696,-0.1887,0.2960,0.5861
I:02fd:0.4822,-0.0427,0.0851,0.1186,-0.4451,0.3920,0.4655,0.0361
F:0.9905@390
A:0.9905@390
T:02fe:0.6296,-0.1987,0.0256,0.0829,-0.5315,-0.1564,0.2838,-0.3331
C:02fe:0.0000,0.0000,0.0000,0.0000,0.0000,0.0000,0.0000,0.0000
M:02ff:0.3191,0.3018,-0.1780,-0.6664,-0.1685,-0.1886,0.2959,0.5866
I:02ff:0.4822,-0.0427,0.0851,0.1186,-0.4451,0.3920,0.4655,0.0361
F:0.9905@390
A:0.9905@390
T:0301:0.6296,-0.1987,0.0256,0.0829,-0.5315,-0.1564,0.2838,-0.3331
C:0301:0.0000,0.0000,0.0000,0.0000,0.0000,0.0000,0.0000,0.0000
M:0301:0.3183,0.3014,-0.1770,-0.6665,-0.1677,-0.1888,0.2959,0.5870
I:0301:0.4822,-0.0427,0.0851,0.1186,-0.4451,0.3920,0.4655,0.0361
F:0.9905@390
A:0.9905@390
T:0303:0.6296,-0.1987,0.0256,0.0829,-0.5315,-0.1564,0.2838,-0.3331
C:0303:0.0000,0.0000,0.0000,0.0000,0.0000,0.0000,0.0000,0.0000
M:0303:0.3176,0.3010,-0.1762,-0.6666,-0.1671,-0.1893,0.2960,0.5873
I:0303:0.4822,-0.0427,0.0851,0.1186,-0.4451,0.3920,0.4655,0.0361
F:0.9905@390
A:0.9905@390
T:0304:0.6296,-0.1987,0.0256,0.0829,-0.5315,-0.1564,0.2838,-0.3331
C:0304:0.0000,0.0000,0.0000,0.0000,0.0000,0.0000,0.0000,0.0000
M:0304:0.3170,0.3006,-0.1755,-0.6668,-0.1664,-0.1898,0.2962,0.5877
I:0304:0.4822,-0.0427,0.0851,0.1186,-0.4451,0.3920,0.4655,0.0361
F:0.9905@390
A:0.9905@390
T:0306:0.6296,-0.1987,0.0256,0.0829,-0.5315,-0.1564,0.2838,-0.3331
C:0306:0.0000,0.0000,0.0000,0.0000,0.0000,0.0000,0.0000,0.0000
M:0306:0.3166,0.3003,-0.1749,-0.6670,-0.1657,-0.1904,0.2963,0.5881
I:0307:0.4822,-0.0427,0.0851,0.1186,-0.4451,0.3920,0.4655,0.0361
F:0.9901@390
A:0.9901@390
T:0308:0.6296,-0.1987,0.0256,0.0829,-0.5315,-0.1564,0.2838,-0.3331
C:0308:0.0000,0.0000,0.0000,0.0000,0.0000,0.0000,0.0000,0.0000
M:0308:0.3161,0.3000,-0.1744,-0.6672,-0.1649,-0.1910,0.2964,0.5885
I:0309:0.4822,-0.0427,0.0851,0.1186,-0.4451,0.3920,0.4655,0.0361
F:0.9900@390
A:0.9900@390
T:030a:0.6296,-0.1987,0.0256,0.0829,-0.5315,-0.1564,0.2838,-0.3331
C:030a:0.0000,0.0000,0.0000,0.0000,0.0000,0.0000,0.0000,0.0000
M:030a:0.3157,0.2997,-0.1739,-0.6674,-0.1640,-0.1915,0.2965,0.5889
I:030b:0.4822,-0.0427,0.0851,0.1186,-0.4451,0.3920,0.4655,0.0361
F:0.9900@390
A:0.9900@390
T:030c:0.6296,-0.1987,0.0256,0.0829,-0.5315,-0.1564,0.2838,-0.3331
C:030c:0.0000,0.0000,0.0000,0.0000,0.0000,0.0000,0.0000,0.0000
M:030d:0.3152,0.2994,-0.1734,-0.6676,-0.1630,-0.1920,0.2966,0.5893
I:030e:0.4822,-0.0427,0.0851,0.1186,-0.4451,0.3920,0.4655,0.0361
F:0.9900@390
A:0.9900@390
T:030f:0.6296,-0.1987,0.0256,0.0829,-0.5315,-0.1564,0.2838,-0.3331
C:030f:0.0000,0.0000,0.0000,0.0000,0.0000,0.0000,0.0000,0.0000
M:0310:0.3145,0.2989,-0.1732,-0.6679,-0.1617,-0.1929,0.2968,0.5898
I:0310:0.4822,-0.0427,0.0851,0.1186,-0.4451,0.3920,0.4655,0.0361
F:0.9900@390
A:0.9900@390
T:0312:0.6296,-0.1987,0.0256,0.0829,-0.5315,-0.1564,0.2838,-0.3331
C:0312:0.0000,0.0000,0.0000,0.0000,0.0000,0.0000,0.0000,0.0000
M:0313:0.3139,0.2983,-0.1729,-0.6682,-0.1600,-0.1937,0.2971,0.5905
I:0313:0.4822,-0.0427,0.0851,0.1186,-0.4451,0.3920,0.4655,0.0361
F:0.9896@390
A:0.9896@390
T:0314:0.6296,-0.1987,0.0256,0.0829,-0.5315,-0.1564,0.2838,-0.3331
C:0314:0.0000,0.0000,0.0000,0.0000,0.0000,0.0000,0.0000,0.0000
M:0314:0.3134,0.2979,-0.1721,-0.6685,-0.1584,-0.1940,0.2972,0.5911
I:0314:0.4822,-0.0427,0.0851,0.1186,-0.4451,0.3920,0.4655,0.0361
F:0.9891@390
A:0.9891@390
T:0316:0.6296,-0.1987,0.0256,0.0829,-0.5315,-0.1564,0.2838,-0.3331
C:0316:0.0000,0.0000,0.0000,0.0000,0.0000,0.0000,0.0000,0.0000
M:0317:0.3127,0.2975,-0.1710,-0.6687,-0.1572,-0.1941,0.2972,0.5916
I:0317:0.4822,-0.0427,0.0851,0.1186,-0.4451,0.3920,0.4655,0.0361
F:0.9891@390
A:0.9891@390
T:0318:0.6296,-0.1987,0.0256,0.0829,-0.5315,-0.1564,0.2838,-0.3331
C:0318:0.0000,0.0000,0.0000,0.0000,0.0000,0.0000,0.0000,0.0000
M:0318:0.3119,0.2971,-0.1699,-0.6688,-0.1562,-0.1943,0.2972,0.5920
I:0319:0.4822,-0.0427,0.0851,0.1186,-0.4451,0.3920,0.4655,0.0361
F:0.9888@390
A:0.9888@390
T:031a:0.6296,-0.1987,0.0256,0.0829,-0.5315,-0.1564,0.2838,-0.3331
C:031a:0.0000,0.0000,0.0000,0.0000,0.0000,0.0000,0.0000,0.0000
M:031a:0.3111,0.2967,-0.1689,-0.6690,-0.1555,-0.1947,0.2972,0.5923
I:031a:0.4822,-0.0427,0.0851,0.1186,-0.4451,0.3920,0.4655,0.0361
F:0.9888@390
A:0.9888@390
T:031c:0.6296,-0.1987,0.0256,0.0829,-0.5315,-0.1564,0.2838,-0.3331
C:031c:0.0000,0.0000,0.0000,0.0000,0.0000,0.0000,0.0000,0.0000
M:031d:0.3104,0.2963,-0.1680,-0.6691,-0.1549,-0.1952,0.2973,0.5927
I:031d:0.4822,-0.0427,0.0851,0.1186,-0.4451,0.3920,0.4655,0.0361
F:0.9888@390
A:0.9888@390
T:031e:0.6296,-0.1987,0.0256,0.0829,-0.5315,-0.1564,0.2838,-0.3331
C:031e:0.0000,0.0000,0.0000,0.0000,0.0000,0.0000,0.0000,0.0000
M:031e:0.3098,0.2960,-0.1672,-0.6693,-0.1543,-0.1958,0.2974,0.5930
I:031f:0.4822,-0.0427,0.0851,0.1186,-0.4451,0.3920,0.4655,0.0361
F:0.9885@390
A:0.9885@390
{
  "exo_version": "0.12",
  "last_tick": 800,
  "attractor": {
    "events": 1,
    "sim_mean": 0.9885
  },
  "memory": {
    "unique_patterns": 2,
    "familiarity_mean": 0.9885
  },
  "path_dependency_index": 1.9150,
  "sedimentation": true
}

T:0321:0.6296,-0.1987,0.0256,0.0829,-0.5315,-0.1564,0.2838,-0.3331
C:0321:0.0000,0.0000,0.0000,0.0000,0.0000,0.0000,0.0000,0.0000
M:0321:0.3093,0.2957,-0.1666,-0.6695,-0.1537,-0.1964,0.2975,0.5934
I:0321:0.4822,-0.0427,0.0851,0.1186,-0.4451,0.3920,0.4655,0.0361
F:0.9885@390
A:0.9885@390
T:0323:0.6296,-0.1987,0.0256,0.0829,-0.5315,-0.1564,0.2838,-0.3331
C:0323:0.0000,0.0000,0.0000,0.0000,0.0000,0.0000,0.0000,0.0000
M:0323:0.3088,0.2953,-0.1664,-0.6698,-0.1526,-0.1973,0.2977,0.5939
I:0324:0.4822,-0.0427,0.0851,0.1186,-0.4451,0.3920,0.4655,0.0361
F:0.9885@390
A:0.9885@390
T:0325:0.6296,-0.1987,0.0256,0.0829,-0.5315,-0.1564,0.2838,-0.3331
C:0325:0.0000,0.0000,0.0000,0.0000,0.0000,0.0000,0.0000,0.0000
M:0325:0.3084,0.2949,-0.1659,-0.6700,-0.1513,-0.1979,0.2979,0.5944
I:0326:0.4822,-0.0427,0.0851,0.1186,-0.4451,0.3920,0.4655,0.0361
F:0.9884@390
A:0.9884@390
T:0327:0.6296,-0.1987,0.0256,0.0829,-0.5315,-0.1564,0.2838,-0.3331
C:0328:0.0000,0.0000,0.0000,0.0000,0.0000,0.0000,0.0000,0.0000
M:0328:0.3078,0.2946,-0.1651,-0.6702,-0.1501,-0.1982,0.2979,0.5949
I:0328:0.4822,-0.0427,0.0851,0.1186,-0.4451,0.3920,0.4655,0.0361
F:0.9884@390
A:0.9884@390
T:032a:0.6296,-0.1987,0.0256,0.0829,-0.5315,-0.1564,0.2838,-0.3331
C:032a:0.0000,0.0000,0.0000,0.0000,0.0000,0.0000,0.0000,0.0000
M:032a:0.3070,0.2941,-0.1647,-0.6705,-0.1487,-0.1989,0.2980,0.5954
I:032a:0.4822,-0.0427,0.0851,0.1186,-0.4451,0.3920,0.4655,0.0361
F:0.9878@390
A:0.9878@390
T:032b:0.6296,-0.1987,0.0256,0.0829,-0.5315,-0.1564,0.2838,-0.3331
C:032c:0.0000,0.0000,0.0000,0.0000,0.0000,0.0000,0.0000,0.0000
M:032c:0.3065,0.2939,-0.1634,-0.6706,-0.1477,-0.1988,0.2980,0.5958
I:032c:0.4822,-0.0427,0.0851,0.1186,-0.4451,0.3920,0.4655,0.0361
F:0.9878@390
A:0.9878@390
T:032d:0.6296,-0.1987,0.0256,0.0829,-0.5315,-0.1564,0.2838,-0.3331
C:032d:0.0000,0.0000,0.0000,0.0000,0.0000,0.0000,0.0000,0.0000
M:032e:0.3057,0.2935,-0.1624,-0.6708,-0.1471,-0.1991,0.2980,0.5961
I:032f:0.4822,-0.0427,0.0851,0.1186,-0.4451,0.3920,0.4655,0.0361
F:0.9878@390
A:0.9878@390
T:0330:0.6296,-0.1987,0.0256,0.0829,-0.5315,-0.1564,0.2838,-0.3331
C:0330:0.0000,0.0000,0.0000,0.0000,0.0000,0.0000,0.0000,0.0000
M:0330:0.3049,0.2930,-0.1619,-0.6710,-0.1461,-0.2000,0.2982,0.5965
I:0331:0.4822,-0.0427,0.0851,0.1186,-0.4451,0.3920,0.4655,0.0361
F:0.9878@390
A:0.9878@390
T:0332:0.6296,-0.1987,0.0256,0.0829,-0.5315,-0.1564,0.2838,-0.3331
C:0332:0.0000,0.0000,0.0000,0.0000,0.0000,0.0000,0.0000,0.0000
M:0332:0.3044,0.2926,-0.1612,-0.6712,-0.1451,-0.2005,0.2984,0.5970
I:0332:0.4822,-0.0427,0.0851,0.1186,-0.4451,0.3920,0.4655,0.0361
F:0.9874@390
A:0.9874@390
T:0334:0.6296,-0.1987,0.0256,0.0829,-0.5315,-0.1564,0.2838,-0.3331
C:0334:0.0000,0.0000,0.0000,0.0000,0.0000,0.0000,0.0000,0.0000
M:0334:0.3038,0.2922,-0.1604,-0.6714,-0.1441,-0.2010,0.2984,0.5974
I:0334:0.4822,-0.0427,0.0851,0.1186,-0.4451,0.3920,0.4655,0.0361
F:0.9874@390
A:0.9874@390
T:0336:0.6296,-0.1987,0.0256,0.0829,-0.5315,-0.1564,0.2838,-0.3331
C:0336:0.0000,0.0000,0.0000,0.0000,0.0000,0.0000,0.0000,0.0000
M:0336:0.3032,0.2919,-0.1596,-0.6716,-0.1432,-0.2014,0.2984,0.5978
I:0336:0.4822,-0.0427,0.0851,0.1186,-0.4451,0.3920,0.4655,0.0361
F:0.9871@390
A:0.9871@390
T:0337:0.6296,-0.1987,0.0256,0.0829,-0.5315,-0.1564,0.2838,-0.3331
C:0337:0.0000,0.0000,0.0000,0.0000,0.0000,0.0000,0.0000,0.0000
M:0337:0.3027,0.2918,-0.1585,-0.6717,-0.1427,-0.2014,0.2983,0.5981
I:0337:0.4822,-0.0427,0.0851,0.1186,-0.4451,0.3920,0.4655,0.0361
F:0.9871@390
A:0.9871@390
T:033a:0.6296,-0.1987,0.0256,0.0829,-0.5315,-0.1564,0.2838,-0.3331
C:033a:0.0000,0.0000,0.0000,0.0000,0.0000,0.0000,0.0000,0.0000
M:033b:0.3022,0.2917,-0.1573,-0.6718,-0.1427,-0.2015,0.2982,0.5983
I:033b:0.4822,-0.0427,0.0851,0.1186,-0.4451,0.3920,0.4655,0.0361
F:0.9871@390
A:0.9871@390
T:033c:0.6296,-0.1987,0.0256,0.0829,-0.5315,-0.1564,0.2838,-0.3331
C:033c:0.0000,0.0000,0.0000,0.0000,0.0000,0.0000,0.0000,0.0000
M:033d:0.3012,0.2911,-0.1575,-0.6720,-0.1418,-0.2029,0.2986,0.5986
I:033d:0.4822,-0.0427,0.0851,0.1186,-0.4451,0.3920,0.4655,0.0361
F:0.9871@390
A:0.9871@390
T:033e:0.6296,-0.1987,0.0256,0.0829,-0.5315,-0.1564,0.2838,-0.3331
C:033e:0.0000,0.0000,0.0000,0.0000,0.0000,0.0000,0.0000,0.0000
M:033e:0.3010,0.2907,-0.1572,-0.6723,-0.1405,-0.2037,0.2989,0.5991
I:033e:0.4822,-0.0427,0.0851,0.1186,-0.4451,0.3920,0.4655,0.0361
F:0.9871@390
A:0.9871@390
T:0340:0.6296,-0.1987,0.0256,0.0829,-0.5315,-0.1564,0.2838,-0.3331
C:0340:0.0000,0.0000,0.0000,0.0000,0.0000,0.0000,0.0000,0.0000
M:0340:0.3007,0.2903,-0.1567,-0.6725,-0.1392,-0.2041,0.2990,0.5996
I:0341:0.4822,-0.0427,0.0851,0.1186,-0.4451,0.3920,0.4655,0.0361
F:0.9866@390
A:0.9866@390
T:0342:0.6296,-0.1987,0.0256,0.0829,-0.5315,-0.1564,0.2838,-0.3331
C:0342:0.0000,0.0000,0.0000,0.0000,0.0000,0.0000,0.0000,0.0000
M:0343:0.3001,0.2900,-0.1559,-0.6727,-0.1379,-0.2044,0.2990,0.6001
I:0343:0.4822,-0.0427,0.0851,0.1186,-0.4451,0.3920,0.4655,0.0361
F:0.9860@390
A:0.9860@390
T:0345:0.6296,-0.1987,0.0256,0.0829,-0.5315,-0.1564,0.2838,-0.3331
C:0345:0.0000,0.0000,0.0000,0.0000,0.0000,0.0000,0.0000,0.0000
M:0346:0.2992,0.2894,-0.1554,-0.6730,-0.1363,-0.2050,0.2991,0.6006
I:0346:0.4822,-0.0427,0.0851,0.1186,-0.4451,0.3920,0.4655,0.0361
F:0.9857@390
A:0.9857@390
T:0348:0.6296,-0.1987,0.0256,0.0829,-0.5315,-0.1564,0.2838,-0.3331
C:0348:0.0000,0.0000,0.0000,0.0000,0.0000,0.0000,0.0000,0.0000
M:0348:0.2983,0.2887,-0.1548,-0.6732,-0.1346,-0.2057,0.2994,0.6011
I:0349:0.4822,-0.0427,0.0851,0.1186,-0.4451,0.3920,0.4655,0.0361
F:0.9857@390
A:0.9857@390
T:034a:0.6296,-0.1987,0.0256,0.0829,-0.5315,-0.1564,0.2838,-0.3331
C:034a:0.0000,0.0000,0.0000,0.0000,0.0000,0.0000,0.0000,0.0000
M:034a:0.2976,0.2882,-0.1537,-0.6734,-0.1330,-0.2059,0.2994,0.6016
I:034a:0.4822,-0.0427,0.0851,0.1186,-0.4451,0.3920,0.4655,0.0361
F:0.9857@390
A:0.9857@390
T:034c:0.6296,-0.1987,0.0256,0.0829,-0.5315,-0.1564,0.2838,-0.3331
C:034c:0.0000,0.0000,0.0000,0.0000,0.0000,0.0000,0.0000,0.0000
M:034c:0.2968,0.2878,-0.1524,-0.6736,-0.1319,-0.2061,0.2994,0.6021
I:034d:0.4822,-0.0427,0.0851,0.1186,-0.4451,0.3920,0.4655,0.0361
F:0.9857@390
A:0.9857@390
T:034e:0.6296,-0.1987,0.0256,0.0829,-0.5315,-0.1564,0.2838,-0.3331
C:034e:0.0000,0.0000,0.0000,0.0000,0.0000,0.0000,0.0000,0.0000
M:034e:0.2959,0.2873,-0.1510,-0.6737,-0.1311,-0.2064,0.2993,0.6024
I:034e:0.4822,-0.0427,0.0851,0.1186,-0.4451,0.3920,0.4655,0.0361
F:0.9857@390
A:0.9857@390
T:0350:0.6296,-0.1987,0.0256,0.0829,-0.5315,-0.1564,0.2838,-0.3331
C:0350:0.0000,0.0000,0.0000,0.0000,0.0000,0.0000,0.0000,0.0000
M:0350:0.2950,0.2870,-0.1499,-0.6738,-0.1306,-0.2068,0.2993,0.6027
I:0351:0.4822,-0.0427,0.0851,0.1186,-0.4451,0.3920,0.4655,0.0361
F:0.9853@390
A:0.9853@390
T:0352:0.6296,-0.1987,0.0256,0.0829,-0.5315,-0.1564,0.2838,-0.3331
C:0352:0.0000,0.0000,0.0000,0.0000,0.0000,0.0000,0.0000,0.0000
M:0353:0.2943,0.2866,-0.1489,-0.6739,-0.1302,-0.2073,0.2994,0.6030
I:0353:0.4822,-0.0427,0.0851,0.1186,-0.4451,0.3920,0.4655,0.0361
F:0.9853@390
A:0.9853@390
T:0354:0.6296,-0.1987,0.0256,0.0829,-0.5315,-0.1564,0.2838,-0.3331
C:0354:0.0000,0.0000,0.0000,0.0000,0.0000,0.0000,0.0000,0.0000
M:0354:0.2938,0.2864,-0.1481,-0.6741,-0.1297,-0.2080,0.2995,0.6033
I:0354:0.4822,-0.0427,0.0851,0.1186,-0.4451,0.3920,0.4655,0.0361
F:0.9847@390
A:0.9847@390
T:0356:0.6296,-0.1987,0.0256,0.0829,-0.5315,-0.1564,0.2838,-0.3331
C:0357:0.0000,0.0000,0.0000,0.0000,0.0000,0.0000,0.0000,0.0000
M:0357:0.2933,0.2861,-0.1474,-0.6743,-0.1291,-0.2086,0.2996,0.6037
I:0357:0.4822,-0.0427,0.0851,0.1186,-0.4451,0.3920,0.4655,0.0361
F:0.9847@390
A:0.9847@390
T:0359:0.6296,-0.1987,0.0256,0.0829,-0.5315,-0.1564,0.2838,-0.3331
C:0359:0.0000,0.0000,0.0000,0.0000,0.0000,0.0000,0.0000,0.0000
M:0359:0.2928,0.2859,-0.1469,-0.6745,-0.1284,-0.2092,0.2996,0.6040
I:0359:0.4822,-0.0427,0.0851,0.1186,-0.4451,0.3920,0.4655,0.0361
F:0.9847@390
A:0.9847@390
T:035b:0.6296,-0.1987,0.0256,0.0829,-0.5315,-0.1564,0.2838,-0.3331
C:035b:0.0000,0.0000,0.0000,0.0000,0.0000,0.0000,0.0000,0.0000
M:035b:0.2922,0.2854,-0.1467,-0.6748,-0.1271,-0.2101,0.2999,0.6045
I:035c:0.4822,-0.0427,0.0851,0.1186,-0.4451,0.3920,0.4655,0.0361
F:0.9843@390
A:0.9843@390
T:035d:0.6296,-0.1987,0.0256,0.0829,-0.5315,-0.1564,0.2838,-0.3331
C:035d:0.0000,0.0000,0.0000,0.0000,0.0000,0.0000,0.0000,0.0000
M:035d:0.2918,0.2850,-0.1461,-0.6750,-0.1257,-0.2106,0.3000,0.6050
I:035e:0.4822,-0.0427,0.0851,0.1186,-0.4451,0.3920,0.4655,0.0361
F:0.9843@390
A:0.9843@390
T:035f:0.6296,-0.1987,0.0256,0.0829,-0.5315,-0.1564,0.2838,-0.3331
C:035f:0.0000,0.0000,0.0000,0.0000,0.0000,0.0000,0.0000,0.0000
M:035f:0.2911,0.2847,-0.1453,-0.6752,-0.1244,-0.2108,0.3000,0.6054
I:0360:0.4822,-0.0427,0.0851,0.1186,-0.4451,0.3920,0.4655,0.0361
F:0.9843@390
A:0.9843@390
T:0361:0.6296,-0.1987,0.0256,0.0829,-0.5315,-0.1564,0.2838,-0.3331
C:0361:0.0000,0.0000,0.0000,0.0000,0.0000,0.0000,0.0000,0.0000
M:0361:0.2903,0.2843,-0.1442,-0.6754,-0.1232,-0.2111,0.3000,0.6058
I:0361:0.4822,-0.0427,0.0851,0.1186,-0.4451,0.3920,0.4655,0.0361
F:0.9843@390
A:0.9843@390
T:0362:0.6296,-0.1987,0.0256,0.0829,-0.5315,-0.1564,0.2838,-0.3331
C:0363:0.0000,0.0000,0.0000,0.0000,0.0000,0.0000,0.0000,0.0000
M:0363:0.2896,0.2841,-0.1428,-0.6755,-0.1226,-0.2110,0.2999,0.6061
I:0363:0.4822,-0.0427,0.0851,0.1186,-0.4451,0.3920,0.4655,0.0361
F:0.9839@390
A:0.9839@390
T:0364:0.6296,-0.1987,0.0256,0.0829,-0.5315,-0.1564,0.2838,-0.3331
C:0364:0.0000,0.0000,0.0000,0.0000,0.0000,0.0000,0.0000,0.0000
M:0364:0.2887,0.2837,-0.1417,-0.6755,-0.1223,-0.2114,0.2998,0.6063
I:0364:0.4822,-0.0427,0.0851,0.1186,-0.4451,0.3920,0.4655,0.0361
F:0.9839@390
A:0.9839@390
T:0365:0.6296,-0.1987,0.0256,0.0829,-0.5315,-0.1564,0.2838,-0.3331
C:0365:0.0000,0.0000,0.0000,0.0000,0.0000,0.0000,0.0000,0.0000
M:0365:0.2882,0.2836,-0.1406,-0.6756,-0.1223,-0.2116,0.2998,0.6065
I:0367:0.4822,-0.0427,0.0851,0.1186,-0.4451,0.3920,0.4655,0.0361
F:0.9839@390
A:0.9839@390
T:0368:0.6296,-0.1987,0.0256,0.0829,-0.5315,-0.1564,0.2838,-0.3331
C:0368:0.0000,0.0000,0.0000,0.0000,0.0000,0.0000,0.0000,0.0000
M:0368:0.2875,0.2832,-0.1404,-0.6758,-0.1219,-0.2127,0.3000,0.6067
I:0369:0.4822,-0.0427,0.0851,0.1186,-0.4451,0.3920,0.4655,0.0361
F:0.9838@390
A:0.9838@390
T:036a:0.6296,-0.1987,0.0256,0.0829,-0.5315,-0.1564,0.2838,-0.3331
C:036a:0.0000,0.0000,0.0000,0.0000,0.0000,0.0000,0.0000,0.0000
M:036a:0.2872,0.2828,-0.1401,-0.6761,-0.1209,-0.2135,0.3003,0.6071
I:036a:0.4822,-0.0427,0.0851,0.1186,-0.4451,0.3920,0.4655,0.0361
F:0.9838@390
A:0.9838@390
T:036c:0.6296,-0.1987,0.0256,0.0829,-0.5315,-0.1564,0.2838,-0.3331
C:036c:0.0000,0.0000,0.0000,0.0000,0.0000,0.0000,0.0000,0.0000
M:036c:0.2869,0.2825,-0.1397,-0.6763,-0.1198,-0.2141,0.3004,0.6076
I:036d:0.4822,-0.0427,0.0851,0.1186,-0.4451,0.3920,0.4655,0.0361
F:0.9828@390
A:0.9828@390
T:036e:0.6296,-0.1987,0.0256,0.0829,-0.5315,-0.1564,0.2838,-0.3331
C:036e:0.0000,0.0000,0.0000,0.0000,0.0000,0.0000,0.0000,0.0000
M:036e:0.2864,0.2822,-0.1392,-0.6765,-0.1185,-0.2145,0.3004,0.6080
I:036f:0.4822,-0.0427,0.0851,0.1186,-0.4451,0.3920,0.4655,0.0361
F:0.9828@390
A:0.9828@390
T:0370:0.6296,-0.1987,0.0256,0.0829,-0.5315,-0.1564,0.2838,-0.3331
C:0370:0.0000,0.0000,0.0000,0.0000,0.0000,0.0000,0.0000,0.0000
M:0370:0.2857,0.2818,-0.1385,-0.6767,-0.1171,-0.2148,0.3004,0.6084
I:0371:0.4822,-0.0427,0.0851,0.1186,-0.4451,0.3920,0.4655,0.0361
F:0.9828@390
A:0.9828@390
T:0372:0.6296,-0.1987,0.0256,0.0829,-0.5315,-0.1564,0.2838,-0.3331
C:0373:0.0000,0.0000,0.0000,0.0000,0.0000,0.0000,0.0000,0.0000
M:0374:0.2849,0.2814,-0.1376,-0.6768,-0.1159,-0.2150,0.3005,0.6088
I:0374:0.4822,-0.0427,0.0851,0.1186,-0.4451,0.3920,0.4655,0.0361
F:0.9828@390
A:0.9828@390
T:0375:0.6296,-0.1987,0.0256,0.0829,-0.5315,-0.1564,0.2838,-0.3331
C:0376:0.0000,0.0000,0.0000,0.0000,0.0000,0.0000,0.0000,0.0000
M:0377:0.2840,0.2808,-0.1369,-0.6770,-0.1145,-0.2157,0.3007,0.6092
I:0377:0.4822,-0.0427,0.0851,0.1186,-0.4451,0.3920,0.4655,0.0361
F:0.9828@390
A:0.9828@390
T:0378:0.6296,-0.1987,0.0256,0.0829,-0.5315,-0.1564,0.2838,-0.3331
C:0378:0.0000,0.0000,0.0000,0.0000,0.0000,0.0000,0.0000,0.0000
M:0379:0.2831,0.2800,-0.1363,-0.6773,-0.1128,-0.2165,0.3009,0.6097
I:0379:0.4822,-0.0427,0.0851,0.1186,-0.4451,0.3920,0.4655,0.0361
F:0.9828@390
A:0.9828@390
T:037a:0.6296,-0.1987,0.0256,0.0829,-0.5315,-0.1564,0.2838,-0.3331
C:037a:0.0000,0.0000,0.0000,0.0000,0.0000,0.0000,0.0000,0.0000
M:037a:0.2825,0.2795,-0.1351,-0.6775,-0.1112,-0.2167,0.3010,0.6101
I:037a:0.4822,-0.0427,0.0851,0.1186,-0.4451,0.3920,0.4655,0.0361
F:0.9822@390
A:0.9822@390
T:037c:0.6296,-0.1987,0.0256,0.0829,-0.5315,-0.1564,0.2838,-0.3331
C:037c:0.0000,0.0000,0.0000,0.0000,0.0000,0.0000,0.0000,0.0000
M:037c:0.2816,0.2790,-0.1337,-0.6776,-0.1101,-0.2169,0.3009,0.6106
I:037d:0.4822,-0.0427,0.0851,0.1186,-0.4451,0.3920,0.4655,0.0361
F:0.9822@390
A:0.9822@390
T:037e:0.6296,-0.1987,0.0256,0.0829,-0.5315,-0.1564,0.2838,-0.3331
C:037e:0.0000,0.0000,0.0000,0.0000,0.0000,0.0000,0.0000,0.0000
M:037e:0.2806,0.2786,-0.1323,-0.6777,-0.1093,-0.2171,0.3008,0.6109
I:037f:0.4822,-0.0427,0.0851,0.1186,-0.4451,0.3920,0.4655,0.0361
F:0.9815@390
A:0.9815@390
T:0380:0.6296,-0.1987,0.0256,0.0829,-0.5315,-0.1564,0.2838,-0.3331
C:0380:0.0000,0.0000,0.0000,0.0000,0.0000,0.0000,0.0000,0.0000
M:0380:0.2797,0.2782,-0.1309,-0.6778,-0.1088,-0.2175,0.3008,0.6112
I:0381:0.4822,-0.0427,0.0851,0.1186,-0.4451,0.3920,0.4655,0.0361
F:0.9811@390
A:0.9811@390
T:0382:0.6296,-0.1987,0.0256,0.0829,-0.5315,-0.1564,0.2838,-0.3331
C:0382:0.0000,0.0000,0.0000,0.0000,0.0000,0.0000,0.0000,0.0000
M:0382:0.2789,0.2779,-0.1298,-0.6779,-0.1085,-0.2181,0.3008,0.6114
I:0382:0.4822,-0.0427,0.0851,0.1186,-0.4451,0.3920,0.4655,0.0361
F:0.9807@390
A:0.9807@390
{
  "exo_version": "0.12",
  "last_tick": 900,
  "attractor": {
    "events": 1,
    "sim_mean": 0.9807
  },
  "memory": {
    "unique_patterns": 2,
    "familiarity_mean": 0.9807
  },
  "path_dependency_index": 1.9150,
  "sedimentation": true
}

T:0385:0.6296,-0.1987,0.0256,0.0829,-0.5315,-0.1564,0.2838,-0.3331
C:0385:0.0000,0.0000,0.0000,0.0000,0.0000,0.0000,0.0000,0.0000
M:0385:0.2783,0.2776,-0.1289,-0.6781,-0.1081,-0.2187,0.3009,0.6117
I:0385:0.4822,-0.0427,0.0851,0.1186,-0.4451,0.3920,0.4655,0.0361
F:0.9807@390
A:0.9807@390
T:0387:0.6296,-0.1987,0.0256,0.0829,-0.5315,-0.1564,0.2838,-0.3331
C:0387:0.0000,0.0000,0.0000,0.0000,0.0000,0.0000,0.0000,0.0000
M:0387:0.2777,0.2772,-0.1286,-0.6783,-0.1073,-0.2198,0.3011,0.6121
I:0388:0.4822,-0.0427,0.0851,0.1186,-0.4451,0.3920,0.4655,0.0361
F:0.9807@390
A:0.9807@390
T:038a:0.6296,-0.1987,0.0256,0.0829,-0.5315,-0.1564,0.2838,-0.3331
C:038a:0.0000,0.0000,0.0000,0.0000,0.0000,0.0000,0.0000,0.0000
M:038a:0.2773,0.2769,-0.1280,-0.6786,-0.1061,-0.2204,0.3013,0.6125
I:038a:0.4822,-0.0427,0.0851,0.1186,-0.4451,0.3920,0.4655,0.0361
F:0.9802@390
A:0.9802@390
T:038b:0.6296,-0.1987,0.0256,0.0829,-0.5315,-0.1564,0.2838,-0.3331
C:038b:0.0000,0.0000,0.0000,0.0000,0.0000,0.0000,0.0000,0.0000
M:038b:0.2768,0.2766,-0.1272,-0.6788,-0.1049,-0.2208,0.3013,0.6129
I:038b:0.4822,-0.0427,0.0851,0.1186,-0.4451,0.3920,0.4655,0.0361
F:0.9802@390
A:0.9802@390
T:038d:0.6296,-0.1987,0.0256,0.0829,-0.5315,-0.1564,0.2838,-0.3331
C:038d:0.0000,0.0000,0.0000,0.0000,0.0000,0.0000,0.0000,0.0000
M:038d:0.2760,0.2762,-0.1263,-0.6790,-0.1038,-0.2211,0.3012,0.6133
I:038d:0.4822,-0.0427,0.0851,0.1186,-0.4451,0.3920,0.4655,0.0361
F:0.9802@390
A:0.9802@390
T:038f:0.6296,-0.1987,0.0256,0.0829,-0.5315,-0.1564,0.2838,-0.3331
C:038f:0.0000,0.0000,0.0000,0.0000,0.0000,0.0000,0.0000,0.0000
M:038f:0.2752,0.2759,-0.1253,-0.6791,-0.1028,-0.2214,0.3012,0.6136
I:038f:0.4822,-0.0427,0.0851,0.1186,-0.4451,0.3920,0.4655,0.0361
F:0.9802@390
A:0.9802@390
T:0391:0.6296,-0.1987,0.0256,0.0829,-0.5315,-0.1564,0.2838,-0.3331
C:0391:0.0000,0.0000,0.0000,0.0000,0.0000,0.0000,0.0000,0.0000
M:0391:0.2744,0.2755,-0.1242,-0.6792,-0.1019,-0.2218,0.3013,0.6140
I:0392:0.4822,-0.0427,0.0851,0.1186,-0.4451,0.3920,0.4655,0.0361
F:0.9802@390
A:0.9802@390
T:0394:0.6296,-0.1987,0.0256,0.0829,-0.5315,-0.1564,0.2838,-0.3331
C:0394:0.0000,0.0000,0.0000,0.0000,0.0000,0.0000,0.0000,0.0000
M:0394:0.2736,0.2751,-0.1231,-0.6794,-0.1012,-0.2222,0.3013,0.6142
I:0394:0.4822,-0.0427,0.0851,0.1186,-0.4451,0.3920,0.4655,0.0361
F:0.9802@390
A:0.9802@390
T:0396:0.6296,-0.1987,0.0256,0.0829,-0.5315,-0.1564,0.2838,-0.3331
C:0396:0.0000,0.0000,0.0000,0.0000,0.0000,0.0000,0.0000,0.0000
M:0396:0.2729,0.2747,-0.1222,-0.6795,-0.1005,-0.2227,0.3014,0.6145
I:0397:0.4822,-0.0427,0.0851,0.1186,-0.4451,0.3920,0.4655,0.0361
F:0.9802@390
A:0.9802@390
T:0398:0.6296,-0.1987,0.0256,0.0829,-0.5315,-0.1564,0.2838,-0.3331
C:0398:0.0000,0.0000,0.0000,0.0000,0.0000,0.0000,0.0000,0.0000
M:0398:0.2721,0.2742,-0.1217,-0.6797,-0.0995,-0.2236,0.3016,0.6149
I:0399:0.4822,-0.0427,0.0851,0.1186,-0.4451,0.3920,0.4655,0.0361
F:0.9795@390
A:0.9795@390
T:039a:0.6296,-0.1987,0.0256,0.0829,-0.5315,-0.1564,0.2838,-0.3331
C:039a:0.0000,0.0000,0.0000,0.0000,0.0000,0.0000,0.0000,0.0000
M:039a:0.2716,0.2738,-0.1209,-0.6799,-0.0982,-0.2241,0.3017,0.6153
I:039a:0.4822,-0.0427,0.0851,0.1186,-0.4451,0.3920,0.4655,0.0361
F:0.9795@390
A:0.9795@390
T:039c:0.6296,-0.1987,0.0256,0.0829,-0.5315,-0.1564,0.2838,-0.3331
C:039c:0.0000,0.0000,0.0000,0.0000,0.0000,0.0000,0.0000,0.0000
M:039c:0.2709,0.2734,-0.1199,-0.6801,-0.0971,-0.2245,0.3017,0.6157
I:039d:0.4822,-0.0427,0.0851,0.1186,-0.4451,0.3920,0.4655,0.0361
F:0.9789@390
A:0.9789@390
T:039e:0.6296,-0.1987,0.0256,0.0829,-0.5315,-0.1564,0.2838,-0.3331
C:039e:0.0000,0.0000,0.0000,0.0000,0.0000,0.0000,0.0000,0.0000
M:039e:0.2701,0.2731,-0.1188,-0.6803,-0.0961,-0.2248,0.3016,0.6161
I:039e:0.4822,-0.0427,0.0851,0.1186,-0.4451,0.3920,0.4655,0.0361
F:0.9789@390
A:0.9789@390
T:03a0:0.6296,-0.1987,0.0256,0.0829,-0.5315,-0.1564,0.2838,-0.3331
C:03a0:0.0000,0.0000,0.0000,0.0000,0.0000,0.0000,0.0000,0.0000
M:03a0:0.2693,0.2727,-0.1177,-0.6804,-0.0953,-0.2251,0.3016,0.6164
I:03a1:0.4822,-0.0427,0.0851,0.1186,-0.4451,0.3920,0.4655,0.0361
F:0.9784@390
A:0.9784@390
T:03a2:0.6296,-0.1987,0.0256,0.0829,-0.5315,-0.1564,0.2838,-0.3331
C:03a2:0.0000,0.0000,0.0000,0.0000,0.0000,0.0000,0.0000,0.0000
M:03a2:0.2685,0.2723,-0.1166,-0.6805,-0.0945,-0.2255,0.3017,0.6167
I:03a2:0.4822,-0.0427,0.0851,0.1186,-0.4451,0.3920,0.4655,0.0361
F:0.9784@390
A:0.9784@390
T:03a3:0.6296,-0.1987,0.0256,0.0829,-0.5315,-0.1564,0.2838,-0.3331
C:03a3:0.0000,0.0000,0.0000,0.0000,0.0000,0.0000,0.0000,0.0000
M:03a3:0.2679,0.2722,-0.1151,-0.6806,-0.0943,-0.2256,0.3015,0.6169
I:03a3:0.4822,-0.0427,0.0851,0.1186,-0.4451,0.3920,0.4655,0.0361
F:0.9784@390
A:0.9784@390
T:03a5:0.6296,-0.1987,0.0256,0.0829,-0.5315,-0.1564,0.2838,-0.3331
C:03a6:0.0000,0.0000,0.0000,0.0000,0.0000,0.0000,0.0000,0.0000
M:03a6:0.2671,0.2719,-0.1142,-0.6807,-0.0942,-0.2262,0.3015,0.6171
I:03a6:0.4822,-0.0427,0.0851,0.1186,-0.4451,0.3920,0.4655,0.0361
F:0.9784@390
A:0.9784@390
T:03a7:0.6296,-0.1987,0.0256,0.0829,-0.5315,-0.1564,0.2838,-0.3331
C:03a7:0.0000,0.0000,0.0000,0.0000,0.0000,0.0000,0.0000,0.0000
M:03a8:0.2665,0.2717,-0.1135,-0.6809,-0.0939,-0.2269,0.3016,0.6173
I:03a8:0.4822,-0.0427,0.0851,0.1186,-0.4451,0.3920,0.4655,0.0361
F:0.9784@390
A:0.9784@390
T:03a9:0.6296,-0.1987,0.0256,0.0829,-0.5315,-0.1564,0.2838,-0.3331
C:03a9:0.0000,0.0000,0.0000,0.0000,0.0000,0.0000,0.0000,0.0000
M:03a9:0.2661,0.2714,-0.1131,-0.6811,-0.0933,-0.2276,0.3018,0.6176
I:03aa:0.4822,-0.0427,0.0851,0.1186,-0.4451,0.3920,0.4655,0.0361
F:0.9784@390
A:0.9784@390
T:03ab:0.6296,-0.1987,0.0256,0.0829,-0.5315,-0.1564,0.2838,-0.3331
C:03ab:0.0000,0.0000,0.0000,0.0000,0.0000,0.0000,0.0000,0.0000
M:03ab:0.2657,0.2711,-0.1127,-0.6813,-0.0923,-0.2282,0.3019,0.6179
I:03ab:0.4822,-0.0427,0.0851,0.1186,-0.4451,0.3920,0.4655,0.0361
F:0.9784@390
A:0.9784@390
T:03ad:0.6296,-0.1987,0.0256,0.0829,-0.5315,-0.1564,0.2838,-0.3331
C:03ad:0.0000,0.0000,0.0000,0.0000,0.0000,0.0000,0.0000,0.0000
M:03ad:0.2653,0.2708,-0.1122,-0.6815,-0.0912,-0.2287,0.3020,0.6183
I:03ae:0.4822,-0.0427,0.0851,0.1186,-0.4451,0.3920,0.4655,0.0361
F:0.9784@390
A:0.9784@390
T:03af:0.6296,-0.1987,0.0256,0.0829,-0.5315,-0.1564,0.2838,-0.3331
C:03af:0.0000,0.0000,0.0000,0.0000,0.0000,0.0000,0.0000,0.0000
M:03af:0.2646,0.2705,-0.1116,-0.6817,-0.0898,-0.2291,0.3020,0.6187
I:03af:0.4822,-0.0427,0.0851,0.1186,-0.4451,0.3920,0.4655,0.0361
F:0.9777@390
A:0.9777@390
T:03b0:0.6296,-0.1987,0.0256,0.0829,-0.5315,-0.1564,0.2838,-0.3331
C:03b0:0.0000,0.0000,0.0000,0.0000,0.0000,0.0000,0.0000,0.0000
M:03b1:0.2640,0.2702,-0.1103,-0.6818,-0.0889,-0.2290,0.3019,0.6190
I:03b1:0.4822,-0.0427,0.0851,0.1186,-0.4451,0.3920,0.4655,0.0361
F:0.9777@390
A:0.9777@390
T:03b2:0.6296,-0.1987,0.0256,0.0829,-0.5315,-0.1564,0.2838,-0.3331
C:03b2:0.0000,0.0000,0.0000,0.0000,0.0000,0.0000,0.0000,0.0000
M:03b2:0.2631,0.2699,-0.1092,-0.6819,-0.0883,-0.2293,0.3019,0.6192
I:03b3:0.4822,-0.0427,0.0851,0.1186,-0.4451,0.3920,0.4655,0.0361
F:0.9769@390
A:0.9769@390
T:03b5:0.6296,-0.1987,0.0256,0.0829,-0.5315,-0.1564,0.2838,-0.3331
C:03b5:0.0000,0.0000,0.0000,0.0000,0.0000,0.0000,0.0000,0.0000
M:03b5:0.2622,0.2695,-0.1083,-0.6820,-0.0876,-0.2298,0.3019,0.6194
I:03b5:0.4822,-0.0427,0.0851,0.1186,-0.4451,0.3920,0.4655,0.0361
F:0.9769@390
A:0.9769@390
T:03b6:0.6296,-0.1987,0.0256,0.0829,-0.5315,-0.1564,0.2838,-0.3331
C:03b6:0.0000,0.0000,0.0000,0.0000,0.0000,0.0000,0.0000,0.0000
M:03b7:0.2615,0.2690,-0.1074,-0.6821,-0.0869,-0.2303,0.3021,0.6197
I:03b7:0.4822,-0.0427,0.0851,0.1186,-0.4451,0.3920,0.4655,0.0361
F:0.9764@390
A:0.9764@390
T:03b8:0.6296,-0.1987,0.0256,0.0829,-0.5315,-0.1564,0.2838,-0.3331
C:03b8:0.0000,0.0000,0.0000,0.0000,0.0000,0.0000,0.0000,0.0000
M:03b8:0.2610,0.2687,-0.1066,-0.6823,-0.0862,-0.2309,0.3021,0.6200
I:03b8:0.4822,-0.0427,0.0851,0.1186,-0.4451,0.3920,0.4655,0.0361
F:0.9760@390
A:0.9760@390
T:03ba:0.6296,-0.1987,0.0256,0.0829,-0.5315,-0.1564,0.2838,-0.3331
C:03ba:0.0000,0.0000,0.0000,0.0000,0.0000,0.0000,0.0000,0.0000
M:03ba:0.2604,0.2683,-0.1059,-0.6824,-0.0853,-0.2314,0.3022,0.6203
I:03bb:0.4822,-0.0427,0.0851,0.1186,-0.4451,0.3920,0.4655,0.0361
F:0.9760@390
A:0.9760@390
T:03bc:0.6296,-0.1987,0.0256,0.0829,-0.5315,-0.1564,0.2838,-0.3331
C:03bc:0.0000,0.0000,0.0000,0.0000,0.0000,0.0000,0.0000,0.0000
M:03bc:0.2598,0.2679,-0.1051,-0.6826,-0.0843,-0.2319,0.3022,0.6206
I:03bd:0.4822,-0.0427,0.0851,0.1186,-0.4451,0.3920,0.4655,0.0361
F:0.9755@390
A:0.9755@390
T:03be:0.6296,-0.1987,0.0256,0.0829,-0.5315,-0.1564,0.2838,-0.3331
C:03be:0.0000,0.0000,0.0000,0.0000,0.0000,0.0000,0.0000,0.0000
M:03be:0.2591,0.2676,-0.1043,-0.6828,-0.0833,-0.2323,0.3023,0.6210
I:03bf:0.4822,-0.0427,0.0851,0.1186,-0.4451,0.3920,0.4655,0.0361
F:0.9755@390
A:0.9755@390
T:03c0:0.6296,-0.1987,0.0256,0.0829,-0.5315,-0.1564,0.2838,-0.3331
C:03c0:0.0000,0.0000,0.0000,0.0000,0.0000,0.0000,0.0000,0.0000
M:03c0:0.2583,0.2672,-0.1034,-0.6829,-0.0823,-0.2327,0.3023,0.6213
I:03c0:0.4822,-0.0427,0.0851,0.1186,-0.4451,0.3920,0.4655,0.0361
F:0.9755@390
A:0.9755@390
T:03c1:0.6296,-0.1987,0.0256,0.0829,-0.5315,-0.1564,0.2838,-0.3331
C:03c1:0.0000,0.0000,0.0000,0.0000,0.0000,0.0000,0.0000,0.0000
M:03c1:0.2577,0.2670,-0.1019,-0.6830,-0.0817,-0.2327,0.3022,0.6215
I:03c1:0.4822,-0.0427,0.0851,0.1186,-0.4451,0.3920,0.4655,0.0361
F:0.9755@390
A:0.9755@390
T:03c3:0.6296,-0.1987,0.0256,0.0829,-0.5315,-0.1564,0.2838,-0.3331
C:03c3:0.0000,0.0000,0.0000,0.0000,0.0000,0.0000,0.0000,0.0000
M:03c3:0.2570,0.2669,-0.1004,-0.6830,-0.0817,-0.2327,0.3020,0.6217
I:03c3:0.4822,-0.0427,0.0851,0.1186,-0.4451,0.3920,0.4655,0.0361
F:0.9755@390
A:0.9755@390
T:03c5:0.6296,-0.1987,0.0256,0.0829,-0.5315,-0.1564,0.2838,-0.3331
C:03c5:0.0000,0.0000,0.0000,0.0000,0.0000,0.0000,0.0000,0.0000
M:03c5:0.2560,0.2665,-0.1000,-0.6832,-0.0814,-0.2337,0.3022,0.6219
I:03c6:0.4822,-0.0427,0.0851,0.1186,-0.4451,0.3920,0.4655,0.0361
F:0.9755@390
A:0.9755@390
T:03c7:0.6296,-0.1987,0.0256,0.0829,-0.5315,-0.1564,0.2838,-0.3331
C:03c7:0.0000,0.0000,0.0000,0.0000,0.0000,0.0000,0.0000,0.0000
M:03c7:0.2556,0.2661,-0.0995,-0.6834,-0.0807,-0.2345,0.3024,0.6222
I:03c8:0.4822,-0.0427,0.0851,0.1186,-0.4451,0.3920,0.4655,0.0361
F:0.9750@390
A:0.9750@390
T:03c9:0.6296,-0.1987,0.0256,0.0829,-0.5315,-0.1564,0.2838,-0.3331
C:03c9:0.0000,0.0000,0.0000,0.0000,0.0000,0.0000,0.0000,0.0000
M:03c9:0.2552,0.2657,-0.0991,-0.6836,-0.0796,-0.2351,0.3025,0.6225
I:03ca:0.4822,-0.0427,0.0851,0.1186,-0.4451,0.3920,0.4655,0.0361
F:0.9742@390
A:0.9742@390
T:03cb:0.6296,-0.1987,0.0256,0.0829,-0.5315,-0.1564,0.2838,-0.3331
C:03cb:0.0000,0.0000,0.0000,0.0000,0.0000,0.0000,0.0000,0.0000
M:03cb:0.2547,0.2654,-0.0985,-0.6838,-0.0784,-0.2355,0.3026,0.6229
I:03cc:0.4822,-0.0427,0.0851,0.1186,-0.4451,0.3920,0.4655,0.0361
F:0.9742@390
A:0.9742@390
T:03cd:0.6296,-0.1987,0.0256,0.0829,-0.5315,-0.1564,0.2838,-0.3331
C:03cd:0.0000,0.0000,0.0000,0.0000,0.0000,0.0000,0.0000,0.0000
M:03cd:0.2540,0.2650,-0.0977,-0.6839,-0.0771,-0.2359,0.3026,0.6233
I:03ce:0.4822,-0.0427,0.0851,0.1186,-0.4451,0.3920,0.4655,0.0361
F:0.9742@390
A:0.9742@390
T:03d0:0.6296,-0.1987,0.0256,0.0829,-0.5315,-0.1564,0.2838,-0.3331
C:03d0:0.0000,0.0000,0.0000,0.0000,0.0000,0.0000,0.0000,0.0000
M:03d0:0.2532,0.2646,-0.0967,-0.6841,-0.0758,-0.2361,0.3026,0.6236
I:03d0:0.4822,-0.0427,0.0851,0.1186,-0.4451,0.3920,0.4655,0.0361
F:0.9742@390
A:0.9742@390
T:03d1:0.6296,-0.1987,0.0256,0.0829,-0.5315,-0.1564,0.2838,-0.3331
C:03d2:0.0000,0.0000,0.0000,0.0000,0.0000,0.0000,0.0000,0.0000
M:03d2:0.2523,0.2641,-0.0955,-0.6842,-0.0747,-0.2364,0.3026,0.6239
I:03d2:0.4822,-0.0427,0.0851,0.1186,-0.4451,0.3920,0.4655,0.0361
F:0.9742@390
A:0.9742@390
T:03d3:0.6296,-0.1987,0.0256,0.0829,-0.5315,-0.1564,0.2838,-0.3331
C:03d3:0.0000,0.0000,0.0000,0.0000,0.0000,0.0000,0.0000,0.0000
M:03d3:0.2513,0.2636,-0.0941,-0.6843,-0.0738,-0.2367,0.3026,0.6242
I:03d3:0.4822,-0.0427,0.0851,0.1186,-0.4451,0.3920,0.4655,0.0361
F:0.9742@390
A:0.9742@390
T:03d5:0.6296,-0.1987,0.0256,0.0829,-0.5315,-0.1564,0.2838,-0.3331
C:03d5:0.0000,0.0000,0.0000,0.0000,0.0000,0.0000,0.0000,0.0000
M:03d5:0.2504,0.2632,-0.0928,-0.6844,-0.0731,-0.2371,0.3026,0.6244
I:03d6:0.4822,-0.0427,0.0851,0.1186,-0.4451,0.3920,0.4655,0.0361
F:0.9742@390
A:0.9742@390
T:03d7:0.6296,-0.1987,0.0256,0.0829,-0.5315,-0.1564,0.2838,-0.3331
C:03d7:0.0000,0.0000,0.0000,0.0000,0.0000,0.0000,0.0000,0.0000
M:03d7:0.2496,0.2628,-0.0916,-0.6845,-0.0726,-0.2376,0.3026,0.6247
I:03d8:0.4822,-0.0427,0.0851,0.1186,-0.4451,0.3920,0.4655,0.0361
F:0.9737@390
A:0.9737@390
T:03d9:0.6296,-0.1987,0.0256,0.0829,-0.5315,-0.1564,0.2838,-0.3331
C:03d9:0.0000,0.0000,0.0000,0.0000,0.0000,0.0000,0.0000,0.0000
M:03d9:0.2489,0.2625,-0.0906,-0.6847,-0.0721,-0.2382,0.3027,0.6249
I:03d9:0.4822,-0.0427,0.0851,0.1186,-0.4451,0.3920,0.4655,0.0361
F:0.9737@390
A:0.9737@390
T:03db:0.6296,-0.1987,0.0256,0.0829,-0.5315,-0.1564,0.2838,-0.3331
C:03db:0.0000,0.0000,0.0000,0.0000,0.0000,0.0000,0.0000,0.0000
M:03db:0.2483,0.2622,-0.0897,-0.6848,-0.0716,-0.2388,0.3027,0.6252
I:03db:0.4822,-0.0427,0.0851,0.1186,-0.4451,0.3920,0.4655,0.0361
F:0.9731@390
A:0.9731@390
T:03dc:0.6296,-0.1987,0.0256,0.0829,-0.5315,-0.1564,0.2838,-0.3331
C:03dc:0.0000,0.0000,0.0000,0.0000,0.0000,0.0000,0.0000,0.0000
M:03dc:0.2478,0.2621,-0.0884,-0.6849,-0.0714,-0.2390,0.3026,0.6254
I:03dc:0.4822,-0.0427,0.0851,0.1186,-0.4451,0.3920,0.4655,0.0361
F:0.9731@390
A:0.9731@390
T:03de:0.6296,-0.1987,0.0256,0.0829,-0.5315,-0.1564,0.2838,-0.3331
C:03de:0.0000,0.0000,0.0000,0.0000,0.0000,0.0000,0.0000,0.0000
M:03de:0.2473,0.2622,-0.0872,-0.6850,-0.0716,-0.2391,0.3024,0.6256
I:03de:0.4822,-0.0427,0.0851,0.1186,-0.4451,0.3920,0.4655,0.0361
F:0.9731@390
A:0.9731@390
T:03e0:0.6296,-0.1987,0.0256,0.0829,-0.5315,-0.1564,0.2838,-0.3331
C:03e0:0.0000,0.0000,0.0000,0.0000,0.0000,0.0000,0.0000,0.0000
M:03e0:0.2465,0.2618,-0.0871,-0.6852,-0.0712,-0.2402,0.3026,0.6258
I:03e1:0.4822,-0.0427,0.0851,0.1186,-0.4451,0.3920,0.4655,0.0361
F:0.9726@390
A:0.9726@390
T:03e2:0.6296,-0.1987,0.0256,0.0829,-0.5315,-0.1564,0.2838,-0.3331
C:03e2:0.0000,0.0000,0.0000,0.0000,0.0000,0.0000,0.0000,0.0000
M:03e2:0.2462,0.2615,-0.0869,-0.6854,-0.0702,-0.2410,0.3029,0.6261
I:03e3:0.4822,-0.0427,0.0851,0.1186,-0.4451,0.3920,0.4655,0.0361
F:0.9726@390
A:0.9726@390
T:03e4:0.6296,-0.1987,0.0256,0.0829,-0.5315,-0.1564,0.2838,-0.3331
C:03e4:0.0000,0.0000,0.0000,0.0000,0.0000,0.0000,0.0000,0.0000
M:03e4:0.2458,0.2612,-0.0865,-0.6856,-0.0689,-0.2415,0.3030,0.6265
I:03e4:0.4822,-0.0427,0.0851,0.1186,-0.4451,0.3920,0.4655,0.0361
F:0.9718@390
A:0.9718@390
T:03e6:0.6296,-0.1987,0.0256,0.0829,-0.5315,-0.1564,0.2838,-0.3331
C:03e6:0.0000,0.0000,0.0000,0.0000,0.0000,0.0000,0.0000,0.0000
M:03e6:0.2452,0.2608,-0.0859,-0.6858,-0.0673,-0.2419,0.3031,0.6269
I:03e7:0.4822,-0.0427,0.0851,0.1186,-0.4451,0.3920,0.4655,0.0361
F:0.9718@390
A:0.9718@390
{
  "exo_version": "0.12",
  "last_tick": 1000,
  "attractor": {
    "events": 1,
    "sim_mean": 0.9718
  },
  "memory": {
    "unique_patterns": 2,
    "familiarity_mean": 0.9503
  },
  "path_dependency_index": 1.9150,
  "sedimentation": true
}

T:03e9:0.6296,-0.1987,0.0256,0.0829,-0.5315,-0.1564,0.2838,-0.3331
C:03e9:0.0000,0.0000,0.0000,0.0000,0.0000,0.0000,0.0000,0.0000
M:03e9:0.3522,0.3950,0.2029,-0.5970,-0.2865,0.1250,0.0806,0.5431
I:03e9:0.4822,-0.0427,0.0851,0.1186,-0.4451,0.3920,0.4655,0.0361
F:0.9503@390
A:0.9503@390
T:03eb:0.6296,-0.1987,0.0256,0.0829,-0.5315,-0.1564,0.2838,-0.3331
C:03eb:0.0000,0.0000,0.0000,0.0000,0.0000,0.0000,0.0000,0.0000
M:03eb:0.2383,0.4463,0.2732,-0.5111,-0.4335,0.2194,0.0161,0.2461
I:03eb:0.4822,-0.0427,0.0851,0.1186,-0.4451,0.3920,0.4655,0.0361
F:0.9031@390
A:0.9031@390
T:03ec:0.6296,-0.1987,0.0256,0.0829,-0.5315,-0.1564,0.2838,-0.3331
C:03ec:0.0000,0.0000,0.0000,0.0000,0.0000,0.0000,0.0000,0.0000
M:03ed:0.1194,0.4197,0.2057,-0.4126,-0.4979,0.1401,0.0531,-0.0600
I:03ed:0.4822,-0.0427,0.0851,0.1186,-0.4451,0.3920,0.4655,0.0361
F:0.8641@390
A:0.8641@390
T:03f0:0.6296,-0.1987,0.0256,0.0829,-0.5315,-0.1564,0.2838,-0.3331
C:03f0:0.0000,0.0000,0.0000,0.0000,0.0000,0.0000,0.0000,0.0000
M:03f0:0.1327,0.3228,0.0333,-0.3056,-0.4899,-0.0137,0.0889,-0.2324
I:03f0:0.4822,-0.0427,0.0851,0.1187,-0.4452,0.3920,0.4655,0.0361
F:0.8470@390
A:0.8470@390
T:03f2:0.6296,-0.1987,0.0256,0.0829,-0.5315,-0.1564,0.2838,-0.3331
C:03f2:0.0000,0.0000,0.0000,0.0000,0.0000,0.0000,0.0000,0.0000
M:03f3:0.2147,0.1977,-0.1443,-0.2514,-0.3952,-0.1242,0.0957,-0.2684
I:03f3:0.4822,-0.0427,0.0851,0.1187,-0.4452,0.3920,0.4655,0.0361
F:1.0000@1010
A:1.0000@1010
T:03f4:0.6296,-0.1987,0.0256,0.0829,-0.5315,-0.1564,0.2838,-0.3331
C:03f4:0.0000,0.0000,0.0000,0.0000,0.0000,0.0000,0.0000,0.0000
M:03f4:0.2890,0.1023,-0.2647,-0.2507,-0.1925,-0.1553,0.0890,-0.1902
I:03f5:0.4823,-0.0426,0.0851,0.1187,-0.4452,0.3920,0.4655,0.0361
F:0.9827@1010
A:0.9827@1010
T:03f6:0.6296,-0.1987,0.0256,0.0829,-0.5315,-0.1564,0.2838,-0.3331
C:03f6:0.0000,0.0000,0.0000,0.0000,0.0000,0.0000,0.0000,0.0000
M:03f7:0.3167,0.0584,-0.3006,-0.2586,0.0169,-0.0711,0.0637,-0.0351
I:03f7:0.4823,-0.0426,0.0852,0.1187,-0.4452,0.3920,0.4655,0.0360
F:0.9346@1010
A:0.9346@1010
T:03f8:0.6296,-0.1987,0.0256,0.0829,-0.5315,-0.1564,0.2838,-0.3331
C:03f8:0.0000,0.0000,0.0000,0.0000,0.0000,0.0000,0.0000,0.0000
M:03f8:0.2793,0.0370,-0.2598,-0.2532,0.1360,0.0564,0.0515,0.0781
I:03f8:0.4824,-0.0426,0.0853,0.1188,-0.4452,0.3920,0.4655,0.0360
F:0.9380@20
A:0.9380@20
T:03fc:0.6296,-0.1987,0.0256,0.0829,-0.5315,-0.1564,0.2838,-0.3331
C:03fc:0.0000,0.0000,0.0000,0.0000,0.0000,0.0000,0.0000,0.0000
M:03fc:0.2010,-0.0031,-0.1850,-0.2201,0.1618,0.1356,0.0674,0.1174
I:03fc:0.4812,-0.0395,0.0872,0.1178,-0.4452,0.3944,0.4646,0.0360
F:0.9362@20
A:0.9362@20
T:03fd:0.6296,-0.1987,0.0256,0.0829,-0.5315,-0.1564,0.2838,-0.3331
C:03fd:0.0000,0.0000,0.0000,0.0000,0.0000,0.0000,0.0000,0.0000
M:03fe:0.1516,-0.0624,-0.1243,-0.1625,0.1207,0.1499,0.0918,0.1145
I:03fe:0.4800,-0.0380,0.0880,0.1178,-0.4449,0.3964,0.4635,0.0360
F:0.9356@20
A:0.9356@20
T:0400:0.6296,-0.1987,0.0256,0.0829,-0.5315,-0.1564,0.2838,-0.3331
C:0400:0.0000,0.0000,0.0000,0.0000,0.0000,0.0000,0.0000,0.0000
M:0400:0.1611,-0.1192,-0.1222,-0.1104,0.0599,0.1008,0.1069,0.1161
I:0401:0.4792,-0.0377,0.0880,0.1184,-0.4444,0.3976,0.4624,0.0359
F:0.9397@20
A:0.9397@20
T:0402:0.6296,-0.1987,0.0256,0.0829,-0.5315,-0.1564,0.2838,-0.3331
C:0402:0.0000,0.0000,0.0000,0.0000,0.0000,0.0000,0.0000,0.0000
M:0402:0.2121,-0.1474,-0.1618,-0.1118,0.0345,0.0311,0.1081,0.1566
I:0403:0.4786,-0.0381,0.0874,0.1190,-0.4439,0.3981,0.4616,0.0357
F:0.9448@20
A:0.9448@20
T:0404:0.6296,-0.1987,0.0256,0.0829,-0.5315,-0.1564,0.2838,-0.3331
C:0404:0.0000,0.0000,0.0000,0.0000,0.0000,0.0000,0.0000,0.0000
M:0404:0.2662,-0.1228,-0.1880,-0.1662,0.0417,0.0185,0.0992,0.2224
I:0404:0.4783,-0.0389,0.0866,0.1194,-0.4434,0.3980,0.4610,0.0355
F:0.9488@20
A:0.9488@20
T:0406:0.6296,-0.1987,0.0256,0.0829,-0.5315,-0.1564,0.2838,-0.3331
C:0406:0.0000,0.0000,0.0000,0.0000,0.0000,0.0000,0.0000,0.0000
M:0406:0.2907,-0.0502,-0.1784,-0.2281,0.0305,0.0609,0.0941,0.2704
I:0407:0.4782,-0.0397,0.0858,0.1197,-0.4431,0.3976,0.4607,0.0353
F:0.9510@20
A:0.9510@20
T:0408:0.6296,-0.1987,0.0256,0.0829,-0.5315,-0.1564,0.2838,-0.3331
C:0408:0.0000,0.0000,0.0000,0.0000,0.0000,0.0000,0.0000,0.0000
M:0408:0.2822,0.0219,-0.1524,-0.2703,-0.0301,0.0996,0.1004,0.2779
I:0408:0.4783,-0.0404,0.0851,0.1196,-0.4429,0.3971,0.4606,0.0353
F:0.9501@20
A:0.9501@20
T:040a:0.6296,-0.1987,0.0256,0.0829,-0.5315,-0.1564,0.2838,-0.3331
C:040a:0.0000,0.0000,0.0000,0.0000,0.0000,0.0000,0.0000,0.0000
M:040a:0.2709,0.0709,-0.1435,-0.2971,-0.1125,0.1011,0.1202,0.2524
I:040b:0.4785,-0.0408,0.0847,0.1194,-0.4428,0.3966,0.4608,0.0352
F:0.9478@20
A:0.9478@20
T:040c:0.6296,-0.1987,0.0256,0.0829,-0.5315,-0.1564,0.2838,-0.3331
C:040c:0.0000,0.0000,0.0000,0.0000,0.0000,0.0000,0.0000,0.0000
M:040c:0.2807,0.1004,-0.1637,-0.3190,-0.1804,0.0677,0.1432,0.2211
I:040d:0.4788,-0.0408,0.0846,0.1192,-0.4428,0.3963,0.4610,0.0353
F:0.9567@390
A:0.9567@390
T:040e:0.6296,-0.1987,0.0256,0.0829,-0.5315,-0.1564,0.2838,-0.3331
C:040e:0.0000,0.0000,0.0000,0.0000,0.0000,0.0000,0.0000,0.0000
M:040f:0.3079,0.1244,-0.1992,-0.3430,-0.2175,0.0279,0.1585,0.2097
I:0410:0.4801,-0.0439,0.0827,0.1199,-0.4428,0.3937,0.4621,0.0352
F:0.9637@390
A:0.9637@390
T:0411:0.6296,-0.1987,0.0256,0.0829,-0.5315,-0.1564,0.2838,-0.3331
C:0412:0.0000,0.0000,0.0000,0.0000,0.0000,0.0000,0.0000,0.0000
M:0412:0.3364,0.1519,-0.2306,-0.3700,-0.2291,0.0092,0.1648,0.2198
I:0412:0.4813,-0.0452,0.0820,0.1197,-0.4432,0.3917,0.4634,0.0353
F:0.9714@390
A:0.9714@390
T:0413:0.6296,-0.1987,0.0256,0.0829,-0.5315,-0.1564,0.2838,-0.3331
C:0413:0.0000,0.0000,0.0000,0.0000,0.0000,0.0000,0.0000,0.0000
M:0413:0.3545,0.1808,-0.2488,-0.3949,-0.2311,0.0145,0.1675,0.2355
I:0413:0.4822,-0.0453,0.0822,0.1190,-0.4438,0.3905,0.4645,0.0355
F:0.9764@390
A:0.9764@390
T:0415:0.6296,-0.1987,0.0256,0.0829,-0.5315,-0.1564,0.2838,-0.3331
C:0415:0.0000,0.0000,0.0000,0.0000,0.0000,0.0000,0.0000,0.0000
M:0416:0.3606,0.2038,-0.2572,-0.4132,-0.2353,0.0271,0.1721,0.2441
I:0416:0.4828,-0.0447,0.0830,0.1183,-0.4443,0.3902,0.4654,0.0358
F:0.9794@390
A:0.9794@390
T:0418:0.6296,-0.1987,0.0256,0.0829,-0.5315,-0.1564,0.2838,-0.3331
C:0418:0.0000,0.0000,0.0000,0.0000,0.0000,0.0000,0.0000,0.0000
M:0418:0.3611,0.2177,-0.2622,-0.4247,-0.2432,0.0341,0.1795,0.2447
I:0418:0.4830,-0.0437,0.0839,0.1178,-0.4448,0.3905,0.4659,0.0360
F:0.9800@390
A:0.9800@390
T:0419:0.6296,-0.1987,0.0256,0.0829,-0.5315,-0.1564,0.2838,-0.3331
C:0419:0.0000,0.0000,0.0000,0.0000,0.0000,0.0000,0.0000,0.0000
M:0419:0.3620,0.2243,-0.2678,-0.4317,-0.2515,0.0328,0.1872,0.2427
I:041a:0.4830,-0.0427,0.0849,0.1176,-0.4451,0.3910,0.4662,0.0361
F:0.9813@390
A:0.9813@390
T:041b:0.6296,-0.1987,0.0256,0.0829,-0.5315,-0.1564,0.2838,-0.3331
C:041b:0.0000,0.0000,0.0000,0.0000,0.0000,0.0000,0.0000,0.0000
M:041d:0.3656,0.2275,-0.2742,-0.4368,-0.2571,0.0276,0.1930,0.2431
I:041d:0.4829,-0.0420,0.0855,0.1177,-0.4453,0.3916,0.4662,0.0362
F:0.9818@390
A:0.9818@390
T:041e:0.6296,-0.1987,0.0256,0.0829,-0.5315,-0.1564,0.2838,-0.3331
C:041f:0.0000,0.0000,0.0000,0.0000,0.0000,0.0000,0.0000,0.0000
M:041f:0.3704,0.2303,-0.2802,-0.4417,-0.2593,0.0230,0.1967,0.2474
I:041f:0.4826,-0.0417,0.0859,0.1179,-0.4454,0.3921,0.4660,0.0362
F:0.9825@390
A:0.9825@390
T:0420:0.6296,-0.1987,0.0256,0.0829,-0.5315,-0.1564,0.2838,-0.3331
C:0420:0.0000,0.0000,0.0000,0.0000,0.0000,0.0000,0.0000,0.0000
M:0420:0.3747,0.2341,-0.2839,-0.4467,-0.2602,0.0221,0.1985,0.2538
I:0421:0.4824,-0.0417,0.0860,0.1183,-0.4454,0.3924,0.4658,0.0362
F:0.9834@390
A:0.9834@390
T:0422:0.6296,-0.1987,0.0256,0.0829,-0.5315,-0.1564,0.2838,-0.3331
C:0422:0.0000,0.0000,0.0000,0.0000,0.0000,0.0000,0.0000,0.0000
M:0422:0.3773,0.2384,-0.2857,-0.4511,-0.2615,0.0234,0.2000,0.2596
I:0422:0.4821,-0.0419,0.0858,0.1186,-0.4453,0.3925,0.4656,0.0361
F:0.9838@390
A:0.9838@390
T:0424:0.6296,-0.1987,0.0256,0.0829,-0.5315,-0.1564,0.2838,-0.3331
C:0424:0.0000,0.0000,0.0000,0.0000,0.0000,0.0000,0.0000,0.0000
M:0424:0.3786,0.2422,-0.2864,-0.4549,-0.2638,0.0245,0.2016,0.2636
I:0425:0.4820,-0.0423,0.0855,0.1188,-0.4452,0.3925,0.4654,0.0361
F:0.9851@390
A:0.9851@390
T:0426:0.6296,-0.1987,0.0256,0.0829,-0.5315,-0.1564,0.2838,-0.3331
C:0426:0.0000,0.0000,0.0000,0.0000,0.0000,0.0000,0.0000,0.0000
M:0426:0.3794,0.2452,-0.2870,-0.4580,-0.2668,0.0245,0.2035,0.2664
I:0427:0.4820,-0.0426,0.0852,0.1190,-0.4451,0.3923,0.4653,0.0360
F:0.9851@390
A:0.9851@390
T:0428:0.6296,-0.1987,0.0256,0.0829,-0.5315,-0.1564,0.2838,-0.3331
C:0428:0.0000,0.0000,0.0000,0.0000,0.0000,0.0000,0.0000,0.0000
M:0428:0.3803,0.2478,-0.2876,-0.4608,-0.2698,0.0233,0.2052,0.2687
I:0429:0.4820,-0.0429,0.0850,0.1190,-0.4451,0.3921,0.4653,0.0360
F:0.9855@390
A:0.9855@390
T:042a:0.6296,-0.1987,0.0256,0.0829,-0.5315,-0.1564,0.2838,-0.3331
C:042a:0.0000,0.0000,0.0000,0.0000,0.0000,0.0000,0.0000,0.0000
M:042a:0.3815,0.2501,-0.2883,-0.4634,-0.2724,0.0219,0.2065,0.2710
I:042a:0.4820,-0.0430,0.0848,0.1189,-0.4450,0.3920,0.4653,0.0360
F:0.9866@390
A:0.9866@390
T:042b:0.6296,-0.1987,0.0256,0.0829,-0.5315,-0.1564,0.2838,-0.3331
C:042c:0.0000,0.0000,0.0000,0.0000,0.0000,0.0000,0.0000,0.0000
M:042c:0.3829,0.2527,-0.2887,-0.4658,-0.2748,0.0214,0.2074,0.2733
I:042c:0.4821,-0.0431,0.0848,0.1188,-0.4450,0.3918,0.4654,0.0361
F:0.9866@390
A:0.9866@390
T:042d:0.6296,-0.1987,0.0256,0.0829,-0.5315,-0.1564,0.2838,-0.3331
C:042e:0.0000,0.0000,0.0000,0.0000,0.0000,0.0000,0.0000,0.0000
M:042e:0.3837,0.2550,-0.2892,-0.4680,-0.2768,0.0204,0.2083,0.2752
I:042e:0.4822,-0.0430,0.0848,0.1187,-0.4451,0.3918,0.4655,0.0361
F:0.9866@390
A:0.9866@390
T:042f:0.6296,-0.1987,0.0256,0.0829,-0.5315,-0.1564,0.2838,-0.3331
C:042f:0.0000,0.0000,0.0000,0.0000,0.0000,0.0000,0.0000,0.0000
M:042f:0.3845,0.2571,-0.2896,-0.4702,-0.2785,0.0195,0.2091,0.2771
I:0430:0.4822,-0.0429,0.0849,0.1186,-0.4451,0.3918,0.4655,0.0361
F:0.9874@390
A:0.9874@390
T:0431:0.6296,-0.1987,0.0256,0.0829,-0.5315,-0.1564,0.2838,-0.3331
C:0431:0.0000,0.0000,0.0000,0.0000,0.0000,0.0000,0.0000,0.0000
M:0431:0.3851,0.2590,-0.2899,-0.4722,-0.2799,0.0187,0.2099,0.2790
I:0432:0.4822,-0.0428,0.0850,0.1185,-0.4451,0.3918,0.4655,0.0361
F:0.9874@390
A:0.9874@390
T:0433:0.6296,-0.1987,0.0256,0.0829,-0.5315,-0.1564,0.2838,-0.3331
C:0433:0.0000,0.0000,0.0000,0.0000,0.0000,0.0000,0.0000,0.0000
M:0433:0.3856,0.2607,-0.2900,-0.4741,-0.2812,0.0180,0.2106,0.2808
I:0434:0.4822,-0.0427,0.0851,0.1185,-0.4451,0.3919,0.4656,0.0361
F:0.9885@390
A:0.9885@390
T:0435:0.6296,-0.1987,0.0256,0.0829,-0.5315,-0.1564,0.2838,-0.3331
C:0436:0.0000,0.0000,0.0000,0.0000,0.0000,0.0000,0.0000,0.0000
M:0437:0.3860,0.2622,-0.2900,-0.4759,-0.2823,0.0173,0.2113,0.2825
I:0437:0.4822,-0.0426,0.0851,0.1185,-0.4451,0.3919,0.4656,0.0361
F:0.9882@390
A:0.9882@390
T:0439:0.6296,-0.1987,0.0256,0.0829,-0.5315,-0.1564,0.2838,-0.3331
C:0439:0.0000,0.0000,0.0000,0.0000,0.0000,0.0000,0.0000,0.0000
M:0439:0.3862,0.2632,-0.2905,-0.4779,-0.2829,0.0153,0.2124,0.2847
I:043a:0.4822,-0.0426,0.0852,0.1185,-0.4452,0.3920,0.4655,0.0361
F:0.9882@390
A:0.9882@390
T:043b:0.6296,-0.1987,0.0256,0.0829,-0.5315,-0.1564,0.2838,-0.3331
C:043b:0.0000,0.0000,0.0000,0.0000,0.0000,0.0000,0.0000,0.0000
M:043b:0.3867,0.2647,-0.2902,-0.4798,-0.2835,0.0149,0.2131,0.2872
I:043c:0.4822,-0.0426,0.0852,0.1186,-0.4451,0.3920,0.4655,0.0361
F:0.9882@390
A:0.9882@390
T:043d:0.6296,-0.1987,0.0256,0.0829,-0.5315,-0.1564,0.2838,-0.3331
C:043d:0.0000,0.0000,0.0000,0.0000,0.0000,0.0000,0.0000,0.0000
M:043d:0.3871,0.2662,-0.2897,-0.4816,-0.2845,0.0148,0.2136,0.2894
I:043d:0.4822,-0.0426,0.0851,0.1186,-0.4451,0.3920,0.4655,0.0361
F:0.9888@390
A:0.9888@390
T:043e:0.6296,-0.1987,0.0256,0.0829,-0.5315,-0.1564,0.2838,-0.3331
C:043f:0.0000,0.0000,0.0000,0.0000,0.0000,0.0000,0.0000,0.0000
M:043f:0.3873,0.2678,-0.2890,-0.4830,-0.2860,0.0149,0.2140,0.2909
I:043f:0.4822,-0.0427,0.0851,0.1186,-0.4451,0.3920,0.4655,0.0361
F:0.9895@390
A:0.9895@390
T:0440:0.6296,-0.1987,0.0256,0.0829,-0.5315,-0.1564,0.2838,-0.3331
C:0440:0.0000,0.0000,0.0000,0.0000,0.0000,0.0000,0.0000,0.0000
M:0440:0.3873,0.2691,-0.2888,-0.4844,-0.2875,0.0140,0.2147,0.2920
I:0440:0.4822,-0.0427,0.0851,0.1186,-0.4451,0.3920,0.4655,0.0361
F:0.9895@390
A:0.9895@390
T:0442:0.6296,-0.1987,0.0256,0.0829,-0.5315,-0.1564,0.2838,-0.3331
C:0443:0.0000,0.0000,0.0000,0.0000,0.0000,0.0000,0.0000,0.0000
M:0443:0.3876,0.2701,-0.2888,-0.4858,-0.2887,0.0128,0.2153,0.2933
I:0443:0.4822,-0.0427,0.0851,0.1186,-0.4451,0.3920,0.4655,0.0361
F:0.9897@390
A:0.9897@390
T:0444:0.6296,-0.1987,0.0256,0.0829,-0.5315,-0.1564,0.2838,-0.3331
C:0444:0.0000,0.0000,0.0000,0.0000,0.0000,0.0000,0.0000,0.0000
M:0445:0.3880,0.2713,-0.2888,-0.4872,-0.2895,0.0118,0.2158,0.2948
I:0445:0.4822,-0.0427,0.0850,0.1186,-0.4451,0.3920,0.4655,0.0361
F:0.9897@390
A:0.9897@390
T:0446:0.6296,-0.1987,0.0256,0.0829,-0.5315,-0.1564,0.2838,-0.3331
C:0446:0.0000,0.0000,0.0000,0.0000,0.0000,0.0000,0.0000,0.0000
M:0446:0.3883,0.2724,-0.2887,-0.4886,-0.2901,0.0111,0.2163,0.2965
I:0447:0.4822,-0.0427,0.0850,0.1186,-0.4451,0.3919,0.4655,0.0361
F:0.9897@390
A:0.9897@390
T:0449:0.6296,-0.1987,0.0256,0.0829,-0.5315,-0.1564,0.2838,-0.3331
C:0449:0.0000,0.0000,0.0000,0.0000,0.0000,0.0000,0.0000,0.0000
M:044a:0.3885,0.2735,-0.2885,-0.4900,-0.2908,0.0105,0.2168,0.2981
I:044a:0.4822,-0.0427,0.0850,0.1186,-0.4451,0.3919,0.4655,0.0361
F:0.9900@390
A:0.9900@390
T:044b:0.6296,-0.1987,0.0256,0.0829,-0.5315,-0.1564,0.2838,-0.3331
C:044b:0.0000,0.0000,0.0000,0.0000,0.0000,0.0000,0.0000,0.0000
M:044b:0.3885,0.2743,-0.2885,-0.4915,-0.2912,0.0092,0.2175,0.2999
I:044b:0.4822,-0.0427,0.0851,0.1186,-0.4451,0.3919,0.4655,0.0361
F:0.9903@390
A:0.9903@390
{
  "exo_version": "0.12",
  "last_tick": 1100,
  "attractor": {
    "events": 1,
    "sim_mean": 0.9903
  },
  "memory": {
    "unique_patterns": 3,
    "familiarity_mean": 0.9910
  },
  "path_dependency_index": 1.9150,
  "sedimentation": true
}

T:044d:0.6296,-0.1987,0.0256,0.0829,-0.5315,-0.1564,0.2838,-0.3331
C:044d:0.0000,0.0000,0.0000,0.0000,0.0000,0.0000,0.0000,0.0000
M:044d:0.3889,0.2756,-0.2879,-0.4928,-0.2920,0.0094,0.2178,0.3016
I:044e:0.4822,-0.0427,0.0851,0.1186,-0.4451,0.3919,0.4655,0.0361
F:0.9910@390
A:0.9910@390
T:044f:0.6296,-0.1987,0.0256,0.0829,-0.5315,-0.1564,0.2838,-0.3331
C:044f:0.0000,0.0000,0.0000,0.0000,0.0000,0.0000,0.0000,0.0000
M:044f:0.3888,0.2764,-0.2878,-0.4942,-0.2926,0.0082,0.2184,0.3032
I:044f:0.4822,-0.0427,0.0851,0.1186,-0.4451,0.3919,0.4655,0.0361
F:0.9910@390
A:0.9910@390
T:0451:0.6296,-0.1987,0.0256,0.0829,-0.5315,-0.1564,0.2838,-0.3331
C:0451:0.0000,0.0000,0.0000,0.0000,0.0000,0.0000,0.0000,0.0000
M:0451:0.3890,0.2773,-0.2875,-0.4956,-0.2932,0.0074,0.2190,0.3049
I:0451:0.4822,-0.0427,0.0851,0.1186,-0.4451,0.3920,0.4655,0.0361
F:0.9910@390
A:0.9910@390
T:0453:0.6296,-0.1987,0.0256,0.0829,-0.5315,-0.1564,0.2838,-0.3331
C:0453:0.0000,0.0000,0.0000,0.0000,0.0000,0.0000,0.0000,0.0000
M:0453:0.3893,0.2785,-0.2869,-0.4967,-0.2942,0.0075,0.2193,0.3064
I:0454:0.4822,-0.0427,0.0851,0.1186,-0.4451,0.3920,0.4655,0.0361
F:0.9910@390
A:0.9910@390
T:0455:0.6296,-0.1987,0.0256,0.0829,-0.5315,-0.1564,0.2838,-0.3331
C:0455:0.0000,0.0000,0.0000,0.0000,0.0000,0.0000,0.0000,0.0000
M:0456:0.3892,0.2793,-0.2869,-0.4980,-0.2949,0.0061,0.2199,0.3077
I:0456:0.4822,-0.0427,0.0851,0.1186,-0.4451,0.3920,0.4655,0.0361
F:0.9910@390
A:0.9910@390
T:0457:0.6296,-0.1987,0.0256,0.0829,-0.5315,-0.1564,0.2838,-0.3331
C:0457:0.0000,0.0000,0.0000,0.0000,0.0000,0.0000,0.0000,0.0000
M:0457:0.3894,0.2802,-0.2867,-0.4993,-0.2954,0.0052,0.2204,0.3094
I:0458:0.4822,-0.0427,0.0851,0.1186,-0.4451,0.3920,0.4655,0.0361
F:0.9913@390
A:0.9913@390
T:045a:0.6296,-0.1987,0.0256,0.0829,-0.5315,-0.1564,0.2838,-0.3331
C:045a:0.0000,0.0000,0.0000,0.0000,0.0000,0.0000,0.0000,0.0000
M:045a:0.3896,0.2811,-0.2864,-0.5006,-0.2959,0.0047,0.2208,0.3111
I:045a:0.4822,-0.0427,0.0851,0.1186,-0.4451,0.3920,0.4655,0.0361
F:0.9921@390
A:0.9921@390
T:045c:0.6296,-0.1987,0.0256,0.0829,-0.5315,-0.1564,0.2838,-0.3331
C:045c:0.0000,0.0000,0.0000,0.0000,0.0000,0.0000,0.0000,0.0000
M:045c:0.3896,0.2819,-0.2863,-0.5020,-0.2963,0.0034,0.2215,0.3129
I:045c:0.4822,-0.0427,0.0851,0.1186,-0.4451,0.3920,0.4655,0.0361
F:0.9921@390
A:0.9921@390
T:045e:0.6296,-0.1987,0.0256,0.0829,-0.5315,-0.1564,0.2838,-0.3331
C:045e:0.0000,0.0000,0.0000,0.0000,0.0000,0.0000,0.0000,0.0000
M:045e:0.3898,0.2829,-0.2859,-0.5034,-0.2968,0.0029,0.2219,0.3147
I:045e:0.4822,-0.0427,0.0851,0.1186,-0.4451,0.3920,0.4655,0.0361
F:0.9921@390
A:0.9921@390
T:0460:0.6296,-0.1987,0.0256,0.0829,-0.5315,-0.1564,0.2838,-0.3331
C:0460:0.0000,0.0000,0.0000,0.0000,0.0000,0.0000,0.0000,0.0000
M:0461:0.3899,0.2839,-0.2854,-0.5047,-0.2975,0.0025,0.2223,0.3164
I:0461:0.4822,-0.0427,0.0851,0.1186,-0.4451,0.3920,0.4655,0.0361
F:0.9921@390
A:0.9921@390
T:0462:0.6296,-0.1987,0.0256,0.0829,-0.5315,-0.1564,0.2838,-0.3331
C:0462:0.0000,0.0000,0.0000,0.0000,0.0000,0.0000,0.0000,0.0000
M:0462:0.3900,0.2848,-0.2850,-0.5059,-0.2982,0.0019,0.2228,0.3179
I:0462:0.4822,-0.0427,0.0851,0.1186,-0.4451,0.3920,0.4655,0.0361
F:0.9921@390
A:0.9921@390
T:0463:0.6296,-0.1987,0.0256,0.0829,-0.5315,-0.1564,0.2838,-0.3331
C:0464:0.0000,0.0000,0.0000,0.0000,0.0000,0.0000,0.0000,0.0000
M:0464:0.3901,0.2859,-0.2843,-0.5069,-0.2992,0.0018,0.2231,0.3191
I:0464:0.4822,-0.0427,0.0851,0.1186,-0.4451,0.3920,0.4655,0.0361
F:0.9921@390
A:0.9921@390
T:0465:0.6296,-0.1987,0.0256,0.0829,-0.5315,-0.1564,0.2838,-0.3331
C:0465:0.0000,0.0000,0.0000,0.0000,0.0000,0.0000,0.0000,0.0000
M:0465:0.3901,0.2868,-0.2842,-0.5080,-0.3001,0.0008,0.2235,0.3202
I:0466:0.4822,-0.0427,0.0851,0.1186,-0.4451,0.3920,0.4655,0.0361
F:0.9925@390
A:0.9925@390
T:0468:0.6296,-0.1987,0.0256,0.0829,-0.5315,-0.1564,0.2838,-0.3331
C:0468:0.0000,0.0000,0.0000,0.0000,0.0000,0.0000,0.0000,0.0000
M:0468:0.3902,0.2873,-0.2844,-0.5092,-0.3004,-0.0009,0.2242,0.3216
I:0468:0.4822,-0.0427,0.0851,0.1186,-0.4451,0.3920,0.4655,0.0361
F:0.9925@390
A:0.9925@390
T:046a:0.6296,-0.1987,0.0256,0.0829,-0.5315,-0.1564,0.2838,-0.3331
C:046a:0.0000,0.0000,0.0000,0.0000,0.0000,0.0000,0.0000,0.0000
M:046a:0.3905,0.2881,-0.2841,-0.5105,-0.3006,-0.0016,0.2246,0.3234
I:046a:0.4822,-0.0427,0.0851,0.1186,-0.4451,0.3920,0.4655,0.0361
F:0.9928@390
A:0.9928@390
T:046c:0.6296,-0.1987,0.0256,0.0829,-0.5315,-0.1564,0.2838,-0.3331
C:046c:0.0000,0.0000,0.0000,0.0000,0.0000,0.0000,0.0000,0.0000
M:046c:0.3906,0.2891,-0.2837,-0.5117,-0.3010,-0.0020,0.2249,0.3251
I:046d:0.4822,-0.0427,0.0851,0.1186,-0.4451,0.3920,0.4655,0.0361
F:0.9928@390
A:0.9928@390
T:046e:0.6296,-0.1987,0.0256,0.0829,-0.5315,-0.1564,0.2838,-0.3331
C:046e:0.0000,0.0000,0.0000,0.0000,0.0000,0.0000,0.0000,0.0000
M:046e:0.3906,0.2899,-0.2833,-0.5128,-0.3015,-0.0024,0.2253,0.3266
I:046e:0.4822,-0.0427,0.0851,0.1186,-0.4451,0.3920,0.4655,0.0361
F:0.9928@390
A:0.9928@390
T:0470:0.6296,-0.1987,0.0256,0.0829,-0.5315,-0.1564,0.2838,-0.3331
C:0470:0.0000,0.0000,0.0000,0.0000,0.0000,0.0000,0.0000,0.0000
M:0470:0.3906,0.2907,-0.2829,-0.5139,-0.3021,-0.0031,0.2258,0.3280
I:0470:0.4822,-0.0427,0.0851,0.1186,-0.4451,0.3920,0.4655,0.0361
F:0.9930@390
A:0.9930@390
T:0471:0.6296,-0.1987,0.0256,0.0829,-0.5315,-0.1564,0.2838,-0.3331
C:0471:0.0000,0.0000,0.0000,0.0000,0.0000,0.0000,0.0000,0.0000
M:0471:0.3907,0.2916,-0.2824,-0.5149,-0.3028,-0.0032,0.2260,0.3292
I:0471:0.4822,-0.0427,0.0851,0.1186,-0.4451,0.3920,0.4655,0.0361
F:0.9930@390
A:0.9930@390
T:0473:0.6296,-0.1987,0.0256,0.0829,-0.5315,-0.1564,0.2838,-0.3331
C:0473:0.0000,0.0000,0.0000,0.0000,0.0000,0.0000,0.0000,0.0000
M:0473:0.3908,0.2925,-0.2819,-0.5157,-0.3038,-0.0035,0.2263,0.3300
I:0473:0.4822,-0.0427,0.0851,0.1186,-0.4451,0.3920,0.4655,0.0361
F:0.9930@390
A:0.9930@390
T:0475:0.6296,-0.1987,0.0256,0.0829,-0.5315,-0.1564,0.2838,-0.3331
C:0475:0.0000,0.0000,0.0000,0.0000,0.0000,0.0000,0.0000,0.0000
M:0475:0.3907,0.2929,-0.2822,-0.5167,-0.3042,-0.0052,0.2269,0.3310
I:0476:0.4822,-0.0427,0.0851,0.1186,-0.4451,0.3920,0.4655,0.0361
F:0.9935@390
A:0.9935@390
T:0477:0.6296,-0.1987,0.0256,0.0829,-0.5315,-0.1564,0.2838,-0.3331
C:0477:0.0000,0.0000,0.0000,0.0000,0.0000,0.0000,0.0000,0.0000
M:0477:0.3910,0.2935,-0.2821,-0.5178,-0.3043,-0.0062,0.2273,0.3326
I:0477:0.4822,-0.0427,0.0851,0.1186,-0.4451,0.3920,0.4655,0.0361
F:0.9935@390
A:0.9935@390
T:0479:0.6296,-0.1987,0.0256,0.0829,-0.5315,-0.1564,0.2838,-0.3331
C:0479:0.0000,0.0000,0.0000,0.0000,0.0000,0.0000,0.0000,0.0000
M:0479:0.3911,0.2942,-0.2818,-0.5189,-0.3044,-0.0067,0.2276,0.3342
I:0479:0.4822,-0.0427,0.0851,0.1186,-0.4451,0.3920,0.4655,0.0361
F:0.9935@390
A:0.9935@390
T:047b:0.6296,-0.1987,0.0256,0.0829,-0.5315,-0.1564,0.2838,-0.3331
C:047b:0.0000,0.0000,0.0000,0.0000,0.0000,0.0000,0.0000,0.0000
M:047c:0.3911,0.2950,-0.2815,-0.5200,-0.3046,-0.0071,0.2280,0.3357
I:047c:0.4822,-0.0427,0.0851,0.1186,-0.4451,0.3920,0.4655,0.0361
F:0.9935@390
A:0.9935@390
T:047d:0.6296,-0.1987,0.0256,0.0829,-0.5315,-0.1564,0.2838,-0.3331
C:047d:0.0000,0.0000,0.0000,0.0000,0.0000,0.0000,0.0000,0.0000
M:047d:0.3911,0.2956,-0.2811,-0.5210,-0.3050,-0.0077,0.2284,0.3371
I:047d:0.4822,-0.0427,0.0851,0.1186,-0.4451,0.3920,0.4655,0.0361
F:0.9937@390
A:0.9937@390
T:047f:0.6296,-0.1987,0.0256,0.0829,-0.5315,-0.1564,0.2838,-0.3331
C:047f:0.0000,0.0000,0.0000,0.0000,0.0000,0.0000,0.0000,0.0000
M:047f:0.3911,0.2962,-0.2808,-0.5220,-0.3054,-0.0083,0.2288,0.3384
I:0480:0.4822,-0.0427,0.0851,0.1186,-0.4451,0.3920,0.4655,0.0361
F:0.9937@390
A:0.9937@390
T:0481:0.6296,-0.1987,0.0256,0.0829,-0.5315,-0.1564,0.2838,-0.3331
C:0481:0.0000,0.0000,0.0000,0.0000,0.0000,0.0000,0.0000,0.0000
M:0482:0.3911,0.2969,-0.2805,-0.5230,-0.3057,-0.0091,0.2292,0.3398
I:0482:0.4822,-0.0427,0.0851,0.1186,-0.4451,0.3920,0.4655,0.0361
F:0.9937@390
A:0.9937@390
T:0483:0.6296,-0.1987,0.0256,0.0829,-0.5315,-0.1564,0.2838,-0.3331
C:0484:0.0000,0.0000,0.0000,0.0000,0.0000,0.0000,0.0000,0.0000
M:0484:0.3912,0.2975,-0.2802,-0.5240,-0.3061,-0.0098,0.2296,0.3412
I:0484:0.4822,-0.0427,0.0851,0.1186,-0.4451,0.3920,0.4655,0.0361
F:0.9942@390
A:0.9942@390
T:0486:0.6296,-0.1987,0.0256,0.0829,-0.5315,-0.1564,0.2838,-0.3331
C:0486:0.0000,0.0000,0.0000,0.0000,0.0000,0.0000,0.0000,0.0000
M:0486:0.3911,0.2980,-0.2802,-0.5251,-0.3062,-0.0111,0.2301,0.3427
I:0487:0.4822,-0.0427,0.0851,0.1186,-0.4451,0.3920,0.4655,0.0361
F:0.9946@390
A:0.9946@390
T:0488:0.6296,-0.1987,0.0256,0.0829,-0.5315,-0.1564,0.2838,-0.3331
C:0488:0.0000,0.0000,0.0000,0.0000,0.0000,0.0000,0.0000,0.0000
M:0488:0.3913,0.2986,-0.2798,-0.5262,-0.3063,-0.0117,0.2305,0.3445
I:0488:0.4822,-0.0427,0.0851,0.1186,-0.4451,0.3920,0.4655,0.0361
F:0.9947@390
A:0.9947@390
T:048a:0.6296,-0.1987,0.0256,0.0829,-0.5315,-0.1564,0.2838,-0.3331
C:048a:0.0000,0.0000,0.0000,0.0000,0.0000,0.0000,0.0000,0.0000
M:048a:0.3913,0.2994,-0.2793,-0.5273,-0.3067,-0.0121,0.2308,0.3460
I:048b:0.4822,-0.0427,0.0851,0.1186,-0.4451,0.3920,0.4655,0.0361
F:0.9947@390
A:0.9947@390
T:048c:0.6296,-0.1987,0.0256,0.0829,-0.5315,-0.1564,0.2838,-0.3331
C:048c:0.0000,0.0000,0.0000,0.0000,0.0000,0.0000,0.0000,0.0000
M:048d:0.3913,0.3001,-0.2789,-0.5283,-0.3071,-0.0126,0.2312,0.3474
I:048d:0.4822,-0.0427,0.0851,0.1186,-0.4451,0.3920,0.4655,0.0361
F:0.9948@390
A:0.9948@390
T:048e:0.6296,-0.1987,0.0256,0.0829,-0.5315,-0.1564,0.2838,-0.3331
C:048e:0.0000,0.0000,0.0000,0.0000,0.0000,0.0000,0.0000,0.0000
M:048e:0.3913,0.3008,-0.2785,-0.5293,-0.3076,-0.0133,0.2316,0.3487
I:048f:0.4822,-0.0427,0.0851,0.1186,-0.4451,0.3920,0.4655,0.0361
F:0.9948@390
A:0.9948@390
T:0491:0.6296,-0.1987,0.0256,0.0829,-0.5315,-0.1564,0.2838,-0.3331
C:0491:0.0000,0.0000,0.0000,0.0000,0.0000,0.0000,0.0000,0.0000
M:0491:0.3912,0.3012,-0.2785,-0.5304,-0.3078,-0.0147,0.2322,0.3502
I:0492:0.4822,-0.0427,0.0851,0.1186,-0.4451,0.3920,0.4655,0.0361
F:0.9955@390
A:0.9955@390
T:0493:0.6296,-0.1987,0.0256,0.0829,-0.5315,-0.1564,0.2838,-0.3331
C:0493:0.0000,0.0000,0.0000,0.0000,0.0000,0.0000,0.0000,0.0000
M:0494:0.3914,0.3019,-0.2781,-0.5315,-0.3079,-0.0154,0.2326,0.3519
I:0494:0.4822,-0.0427,0.0851,0.1186,-0.4451,0.3920,0.4655,0.0361
F:0.9955@390
A:0.9955@390
T:0495:0.6296,-0.1987,0.0256,0.0829,-0.5315,-0.1564,0.2838,-0.3331
C:0495:0.0000,0.0000,0.0000,0.0000,0.0000,0.0000,0.0000,0.0000
M:0495:0.3914,0.3026,-0.2777,-0.5325,-0.3083,-0.0158,0.2329,0.3534
I:0496:0.4822,-0.0427,0.0851,0.1186,-0.4451,0.3920,0.4655,0.0361
F:0.9955@390
A:0.9955@390
T:0497:0.6296,-0.1987,0.0256,0.0829,-0.5315,-0.1564,0.2838,-0.3331
C:0497:0.0000,0.0000,0.0000,0.0000,0.0000,0.0000,0.0000,0.0000
M:0497:0.3914,0.3033,-0.2772,-0.5335,-0.3087,-0.0164,0.2332,0.3548
I:0497:0.4822,-0.0427,0.0851,0.1186,-0.4451,0.3920,0.4655,0.0361
F:0.9955@390
A:0.9955@390
T:0499:0.6296,-0.1987,0.0256,0.0829,-0.5315,-0.1564,0.2838,-0.3331
C:0499:0.0000,0.0000,0.0000,0.0000,0.0000,0.0000,0.0000,0.0000
M:049a:0.3914,0.3040,-0.2769,-0.5345,-0.3091,-0.0171,0.2336,0.3561
I:049a:0.4822,-0.0427,0.0851,0.1186,-0.4451,0.3920,0.4655,0.0361
F:0.9955@390
A:0.9955@390
T:049b:0.6296,-0.1987,0.0256,0.0829,-0.5315,-0.1564,0.2838,-0.3331
C:049b:0.0000,0.0000,0.0000,0.0000,0.0000,0.0000,0.0000,0.0000
M:049b:0.3914,0.3046,-0.2766,-0.5354,-0.3095,-0.0178,0.2340,0.3573
I:049c:0.4822,-0.0427,0.0851,0.1186,-0.4451,0.3920,0.4655,0.0361
F:0.9955@390
A:0.9955@390
T:049e:0.6296,-0.1987,0.0256,0.0829,-0.5315,-0.1564,0.2838,-0.3331
C:049e:0.0000,0.0000,0.0000,0.0000,0.0000,0.0000,0.0000,0.0000
M:049e:0.3914,0.3052,-0.2763,-0.5364,-0.3098,-0.0186,0.2344,0.3586
I:049e:0.4822,-0.0427,0.0851,0.1186,-0.4451,0.3920,0.4655,0.0361
F:0.9955@390
A:0.9955@390
T:04a0:0.6296,-0.1987,0.0256,0.0829,-0.5315,-0.1564,0.2838,-0.3331
C:04a0:0.0000,0.0000,0.0000,0.0000,0.0000,0.0000,0.0000,0.0000
M:04a0:0.3915,0.3058,-0.2760,-0.5373,-0.3101,-0.0193,0.2347,0.3599
I:04a0:0.4822,-0.0427,0.0851,0.1186,-0.4451,0.3920,0.4655,0.0361
F:0.9954@390
A:0.9954@390
T:04a2:0.6296,-0.1987,0.0256,0.0829,-0.5315,-0.1564,0.2838,-0.3331
C:04a2:0.0000,0.0000,0.0000,0.0000,0.0000,0.0000,0.0000,0.0000
M:04a3:0.3914,0.3062,-0.2760,-0.5383,-0.3101,-0.0206,0.2352,0.3614
I:04a3:0.4822,-0.0427,0.0851,0.1186,-0.4451,0.3920,0.4655,0.0361
F:0.9960@390
A:0.9960@390
T:04a4:0.6296,-0.1987,0.0256,0.0829,-0.5315,-0.1564,0.2838,-0.3331
C:04a4:0.0000,0.0000,0.0000,0.0000,0.0000,0.0000,0.0000,0.0000
M:04a4:0.3915,0.3068,-0.2757,-0.5394,-0.3101,-0.0212,0.2356,0.3630
I:04a4:0.4822,-0.0427,0.0851,0.1186,-0.4451,0.3920,0.4655,0.0361
F:0.9960@390
A:0.9960@390
T:04a6:0.6296,-0.1987,0.0256,0.0829,-0.5315,-0.1564,0.2838,-0.3331
C:04a7:0.0000,0.0000,0.0000,0.0000,0.0000,0.0000,0.0000,0.0000
M:04a7:0.3915,0.3075,-0.2752,-0.5403,-0.3103,-0.0216,0.2359,0.3645
I:04a7:0.4822,-0.0427,0.0851,0.1186,-0.4451,0.3920,0.4655,0.0361
F:0.9962@390
A:0.9962@390
T:04a8:0.6296,-0.1987,0.0256,0.0829,-0.5315,-0.1564,0.2838,-0.3331
C:04a8:0.0000,0.0000,0.0000,0.0000,0.0000,0.0000,0.0000,0.0000
M:04a8:0.3915,0.3081,-0.2748,-0.5413,-0.3106,-0.0222,0.2362,0.3658
I:04a8:0.4822,-0.0427,0.0851,0.1186,-0.4451,0.3920,0.4655,0.0361
F:0.9962@390
A:0.9962@390
T:04aa:0.6296,-0.1987,0.0256,0.0829,-0.5315,-0.1564,0.2838,-0.3331
C:04aa:0.0000,0.0000,0.0000,0.0000,0.0000,0.0000,0.0000,0.0000
M:04aa:0.3914,0.3086,-0.2744,-0.5421,-0.3110,-0.0229,0.2366,0.3670
I:04ab:0.4822,-0.0427,0.0851,0.1186,-0.4451,0.3920,0.4655,0.0361
F:0.9962@390
A:0.9962@390
T:04ac:0.6296,-0.1987,0.0256,0.0829,-0.5315,-0.1564,0.2838,-0.3331
C:04ac:0.0000,0.0000,0.0000,0.0000,0.0000,0.0000,0.0000,0.0000
M:04ac:0.3914,0.3092,-0.2741,-0.5430,-0.3113,-0.0236,0.2370,0.3683
I:04ac:0.4822,-0.0427,0.0851,0.1186,-0.4451,0.3920,0.4655,0.0361
F:0.9962@390
A:0.9962@390
T:04af:0.6296,-0.1987,0.0256,0.0829,-0.5315,-0.1564,0.2838,-0.3331
C:04af:0.0000,0.0000,0.0000,0.0000,0.0000,0.0000,0.0000,0.0000
M:04af:0.3913,0.3095,-0.2741,-0.5440,-0.3113,-0.0250,0.2375,0.3697
I:04b0:0.4822,-0.0427,0.0851,0.1186,-0.4451,0.3920,0.4655,0.0361
F:0.9962@390
A:0.9962@390
T:04b1:0.6296,-0.1987,0.0256,0.0829,-0.5315,-0.1564,0.2838,-0.3331
C:04b2:0.0000,0.0000,0.0000,0.0000,0.0000,0.0000,0.0000,0.0000
M:04b2:0.3915,0.3101,-0.2738,-0.5450,-0.3113,-0.0256,0.2378,0.3712
I:04b2:0.4822,-0.0427,0.0851,0.1186,-0.4451,0.3920,0.4655,0.0361
F:0.9966@390
A:0.9966@390
T:04b4:0.6296,-0.1987,0.0256,0.0829,-0.5315,-0.1564,0.2838,-0.3331
C:04b4:0.0000,0.0000,0.0000,0.0000,0.0000,0.0000,0.0000,0.0000
M:04b4:0.3914,0.3105,-0.2736,-0.5461,-0.3112,-0.0266,0.2383,0.3729
I:04b4:0.4822,-0.0427,0.0851,0.1186,-0.4451,0.3920,0.4655,0.0361
F:0.9966@390
A:0.9966@390
T:04b6:0.6296,-0.1987,0.0256,0.0829,-0.5315,-0.1564,0.2838,-0.3331
C:04b6:0.0000,0.0000,0.0000,0.0000,0.0000,0.0000,0.0000,0.0000
M:04b7:0.3914,0.3111,-0.2731,-0.5471,-0.3113,-0.0271,0.2386,0.3745
I:04b7:0.4822,-0.0427,0.0851,0.1186,-0.4451,0.3920,0.4655,0.0361
F:0.9966@390
A:0.9966@390
T:04b8:0.6296,-0.1987,0.0256,0.0829,-0.5315,-0.1564,0.2838,-0.3331
C:04b8:0.0000,0.0000,0.0000,0.0000,0.0000,0.0000,0.0000,0.0000
M:04b8:0.3914,0.3117,-0.2726,-0.5480,-0.3115,-0.0275,0.2389,0.3758
I:04b9:0.4822,-0.0427,0.0851,0.1186,-0.4451,0.3920,0.4655,0.0361
F:0.9966@390
A:0.9966@390
T:04bb:0.6296,-0.1987,0.0256,0.0829,-0.5315,-0.1564,0.2838,-0.3331
C:04bb:0.0000,0.0000,0.0000,0.0000,0.0000,0.0000,0.0000,0.0000
M:04bc:0.3913,0.3123,-0.2722,-0.5488,-0.3119,-0.0281,0.2393,0.3771
I:04bc:0.4822,-0.0427,0.0851,0.1186,-0.4451,0.3920,0.4655,0.0361
F:0.9966@390
A:0.9966@390
T:04bd:0.6296,-0.1987,0.0256,0.0829,-0.5315,-0.1564,0.2838,-0.3331
C:04bd:0.0000,0.0000,0.0000,0.0000,0.0000,0.0000,0.0000,0.0000
M:04be:0.3911,0.3126,-0.2721,-0.5498,-0.3120,-0.0295,0.2398,0.3784
I:04be:0.4822,-0.0427,0.0851,0.1186,-0.4451,0.3920,0.4655,0.0361
F:0.9966@390
A:0.9966@390
T:04bf:0.6296,-0.1987,0.0256,0.0829,-0.5315,-0.1564,0.2838,-0.3331
C:04bf:0.0000,0.0000,0.0000,0.0000,0.0000,0.0000,0.0000,0.0000
M:04c0:0.3913,0.3131,-0.2717,-0.5508,-0.3120,-0.0302,0.2402,0.3799
I:04c0:0.4822,-0.0427,0.0851,0.1186,-0.4451,0.3920,0.4655,0.0361
F:0.9971@390
A:0.9971@390
T:04c2:0.6296,-0.1987,0.0256,0.0829,-0.5315,-0.1564,0.2838,-0.3331
C:04c2:0.0000,0.0000,0.0000,0.0000,0.0000,0.0000,0.0000,0.0000
M:04c2:0.3912,0.3136,-0.2716,-0.5518,-0.3120,-0.0313,0.2406,0.3815
I:04c3:0.4822,-0.0427,0.0851,0.1186,-0.4451,0.3920,0.4655,0.0361
F:0.9974@390
A:0.9974@390
T:04c4:0.6296,-0.1987,0.0256,0.0829,-0.5315,-0.1564,0.2838,-0.3331
C:04c4:0.0000,0.0000,0.0000,0.0000,0.0000,0.0000,0.0000,0.0000
M:04c4:0.3912,0.3141,-0.2711,-0.5527,-0.3120,-0.0318,0.2409,0.3830
I:04c5:0.4822,-0.0427,0.0851,0.1186,-0.4451,0.3920,0.4655,0.0361
F:0.9974@390
A:0.9974@390
T:04c6:0.6296,-0.1987,0.0256,0.0829,-0.5315,-0.1564,0.2838,-0.3331
C:04c6:0.0000,0.0000,0.0000,0.0000,0.0000,0.0000,0.0000,0.0000
M:04c6:0.3912,0.3147,-0.2706,-0.5536,-0.3122,-0.0322,0.2412,0.3844
I:04c7:0.4822,-0.0427,0.0851,0.1186,-0.4451,0.3920,0.4655,0.0361
F:0.9974@390
A:0.9974@390
T:04c8:0.6296,-0.1987,0.0256,0.0829,-0.5315,-0.1564,0.2838,-0.3331
C:04c8:0.0000,0.0000,0.0000,0.0000,0.0000,0.0000,0.0000,0.0000
M:04c8:0.3911,0.3153,-0.2702,-0.5545,-0.3125,-0.0328,0.2415,0.3856
I:04c8:0.4822,-0.0427,0.0851,0.1186,-0.4451,0.3920,0.4655,0.0361
F:0.9974@390
A:0.9974@390
T:04ca:0.6296,-0.1987,0.0256,0.0829,-0.5315,-0.1564,0.2838,-0.3331
C:04ca:0.0000,0.0000,0.0000,0.0000,0.0000,0.0000,0.0000,0.0000
M:04cb:0.3910,0.3158,-0.2698,-0.5553,-0.3128,-0.0336,0.2419,0.3867
I:04cb:0.4822,-0.0427,0.0851,0.1186,-0.4451,0.3920,0.4655,0.0361
F:0.9975@390
A:0.9975@390
T:04cd:0.6296,-0.1987,0.0256,0.0829,-0.5315,-0.1564,0.2838,-0.3331
C:04cd:0.0000,0.0000,0.0000,0.0000,0.0000,0.0000,0.0000,0.0000
M:04cd:0.3909,0.3161,-0.2698,-0.5562,-0.3128,-0.0349,0.2424,0.3880
I:04cd:0.4822,-0.0427,0.0851,0.1186,-0.4451,0.3920,0.4655,0.0361
F:0.9975@390
A:0.9975@390
T:04ce:0.6296,-0.1987,0.0256,0.0829,-0.5315,-0.1564,0.2838,-0.3331
C:04ce:0.0000,0.0000,0.0000,0.0000,0.0000,0.0000,0.0000,0.0000
M:04cf:0.3911,0.3167,-0.2692,-0.5570,-0.3130,-0.0350,0.2425,0.3893
I:04cf:0.4822,-0.0427,0.0851,0.1186,-0.4451,0.3920,0.4655,0.0361
F:0.9975@390
A:0.9975@390
T:04d1:0.6296,-0.1987,0.0256,0.0829,-0.5315,-0.1564,0.2838,-0.3331
C:04d1:0.0000,0.0000,0.0000,0.0000,0.0000,0.0000,0.0000,0.0000
M:04d1:0.3910,0.3172,-0.2688,-0.5577,-0.3133,-0.0356,0.2428,0.3904
I:04d1:0.4822,-0.0427,0.0851,0.1186,-0.4451,0.3920,0.4655,0.0361
F:0.9978@390
A:0.9978@390
T:04d3:0.6296,-0.1987,0.0256,0.0829,-0.5315,-0.1564,0.2838,-0.3331
C:04d3:0.0000,0.0000,0.0000,0.0000,0.0000,0.0000,0.0000,0.0000
M:04d3:0.3908,0.3175,-0.2689,-0.5586,-0.3132,-0.0369,0.2433,0.3916
I:04d4:0.4822,-0.0427,0.0851,0.1186,-0.4451,0.3920,0.4655,0.0361
F:0.9978@390
A:0.9978@390
T:04d5:0.6296,-0.1987,0.0256,0.0829,-0.5315,-0.1564,0.2838,-0.3331
C:04d5:0.0000,0.0000,0.0000,0.0000,0.0000,0.0000,0.0000,0.0000
M:04d6:0.3909,0.3179,-0.2686,-0.5595,-0.3131,-0.0376,0.2436,0.3930
I:04d6:0.4822,-0.0427,0.0851,0.1186,-0.4451,0.3920,0.4655,0.0361
F:0.9978@390
A:0.9978@390
T:04d7:0.6296,-0.1987,0.0256,0.0829,-0.5315,-0.1564,0.2838,-0.3331
C:04d7:0.0000,0.0000,0.0000,0.0000,0.0000,0.0000,0.0000,0.0000
M:04d7:0.3909,0.3184,-0.2682,-0.5603,-0.3131,-0.0381,0.2439,0.3943
I:04d7:0.4822,-0.0427,0.0851,0.1186,-0.4451,0.3920,0.4655,0.0361
F:0.9979@390
A:0.9979@390
T:04d9:0.6296,-0.1987,0.0256,0.0829,-0.5315,-0.1564,0.2838,-0.3331
C:04d9:0.0000,0.0000,0.0000,0.0000,0.0000,0.0000,0.0000,0.0000
M:04d9:0.3908,0.3188,-0.2678,-0.5611,-0.3132,-0.0387,0.2442,0.3955
I:04da:0.4822,-0.0427,0.0851,0.1186,-0.4451,0.3920,0.4655,0.0361
F:0.9979@390
A:0.9979@390
T:04dc:0.6296,-0.1987,0.0256,0.0829,-0.5315,-0.1564,0.2838,-0.3331
C:04dc:0.0000,0.0000,0.0000,0.0000,0.0000,0.0000,0.0000,0.0000
M:04dc:0.3907,0.3192,-0.2675,-0.5618,-0.3133,-0.0393,0.2445,0.3966
I:04dc:0.4822,-0.0427,0.0851,0.1186,-0.4451,0.3920,0.4655,0.0361
F:0.9979@390
A:0.9979@390
T:04de:0.6296,-0.1987,0.0256,0.0829,-0.5315,-0.1564,0.2838,-0.3331
C:04de:0.0000,0.0000,0.0000,0.0000,0.0000,0.0000,0.0000,0.0000
M:04de:0.3906,0.3196,-0.2672,-0.5626,-0.3134,-0.0400,0.2448,0.3978
I:04df:0.4822,-0.0427,0.0851,0.1186,-0.4451,0.3920,0.4655,0.0361
F:0.9981@390
A:0.9981@390
T:04e0:0.6296,-0.1987,0.0256,0.0829,-0.5315,-0.1564,0.2838,-0.3331
C:04e1:0.0000,0.0000,0.0000,0.0000,0.0000,0.0000,0.0000,0.0000
M:04e1:0.3905,0.3198,-0.2672,-0.5634,-0.3132,-0.0413,0.2453,0.3990
I:04e1:0.4822,-0.0427,0.0851,0.1186,-0.4451,0.3920,0.4655,0.0361
F:0.9981@390
A:0.9981@390
T:04e2:0.6296,-0.1987,0.0256,0.0829,-0.5315,-0.1564,0.2838,-0.3331
C:04e2:0.0000,0.0000,0.0000,0.0000,0.0000,0.0000,0.0000,0.0000
M:04e2:0.3906,0.3202,-0.2669,-0.5643,-0.3130,-0.0419,0.2456,0.4005
I:04e3:0.4822,-0.0427,0.0851,0.1186,-0.4451,0.3920,0.4655,0.0361
F:0.9984@390
A:0.9984@390
T:04e4:0.6296,-0.1987,0.0256,0.0829,-0.5315,-0.1564,0.2838,-0.3331
C:04e4:0.0000,0.0000,0.0000,0.0000,0.0000,0.0000,0.0000,0.0000
M:04e4:0.3905,0.3206,-0.2664,-0.5650,-0.3130,-0.0424,0.2459,0.4018
I:04e4:0.4822,-0.0427,0.0851,0.1186,-0.4451,0.3920,0.4655,0.0361
F:0.9984@390
A:0.9984@390
T:04e6:0.6296,-0.1987,0.0256,0.0829,-0.5315,-0.1564,0.2838,-0.3331
C:04e6:0.0000,0.0000,0.0000,0.0000,0.0000,0.0000,0.0000,0.0000
M:04e6:0.3904,0.3210,-0.2660,-0.5658,-0.3130,-0.0430,0.2461,0.4029
I:04e6:0.4822,-0.0427,0.0851,0.1186,-0.4451,0.3920,0.4655,0.0361
F:0.9984@390
A:0.9984@390
T:04e8:0.6296,-0.1987,0.0256,0.0829,-0.5315,-0.1564,0.2838,-0.3331
C:04e8:0.0000,0.0000,0.0000,0.0000,0.0000,0.0000,0.0000,0.0000
M:04e8:0.3903,0.3214,-0.2657,-0.5665,-0.3131,-0.0436,0.2465,0.4040
I:04e9:0.4822,-0.0427,0.0851,0.1186,-0.4451,0.3920,0.4655,0.0361
F:0.9984@390
A:0.9984@390
T:04eb:0.6296,-0.1987,0.0256,0.0829,-0.5315,-0.1564,0.2838,-0.3331
C:04eb:0.0000,0.0000,0.0000,0.0000,0.0000,0.0000,0.0000,0.0000
M:04eb:0.3902,0.3217,-0.2654,-0.5672,-0.3132,-0.0443,0.2468,0.4051
I:04eb:0.4822,-0.0427,0.0851,0.1186,-0.4451,0.3920,0.4655,0.0361
F:0.9984@390
A:0.9984@390
T:04ec:0.6296,-0.1987,0.0256,0.0829,-0.5315,-0.1564,0.2838,-0.3331
C:04ec:0.0000,0.0000,0.0000,0.0000,0.0000,0.0000,0.0000,0.0000
M:04ed:0.3902,0.3221,-0.2651,-0.5679,-0.3132,-0.0450,0.2471,0.4062
I:04ed:0.4822,-0.0427,0.0851,0.1186,-0.4451,0.3920,0.4655,0.0361
F:0.9984@390
A:0.9984@390
T:04ee:0.6296,-0.1987,0.0256,0.0829,-0.5315,-0.1564,0.2838,-0.3331
C:04ee:0.0000,0.0000,0.0000,0.0000,0.0000,0.0000,0.0000,0.0000
M:04ee:0.3901,0.3224,-0.2648,-0.5687,-0.3132,-0.0457,0.2474,0.4073
I:04ee:0.4822,-0.0427,0.0851,0.1186,-0.4451,0.3920,0.4655,0.0361
F:0.9984@390
A:0.9984@390
T:04f1:0.6296,-0.1987,0.0256,0.0829,-0.5315,-0.1564,0.2838,-0.3331
C:04f2:0.0000,0.0000,0.0000,0.0000,0.0000,0.0000,0.0000,0.0000
M:04f2:0.3900,0.3226,-0.2649,-0.5695,-0.3130,-0.0470,0.2478,0.4086
I:04f2:0.4822,-0.0427,0.0851,0.1186,-0.4451,0.3920,0.4655,0.0361
F:0.9984@390
A:0.9984@390
T:04f3:0.6296,-0.1987,0.0256,0.0829,-0.5315,-0.1564,0.2838,-0.3331
C:04f3:0.0000,0.0000,0.0000,0.0000,0.0000,0.0000,0.0000,0.0000
M:04f3:0.3900,0.3229,-0.2645,-0.5703,-0.3127,-0.0476,0.2481,0.4099
I:04f3:0.4822,-0.0427,0.0851,0.1186,-0.4451,0.3920,0.4655,0.0361
F:0.9985@390
A:0.9985@390
T:04f5:0.6296,-0.1987,0.0256,0.0829,-0.5315,-0.1564,0.2838,-0.3331
C:04f5:0.0000,0.0000,0.0000,0.0000,0.0000,0.0000,0.0000,0.0000
M:04f5:0.3899,0.3233,-0.2641,-0.5710,-0.3126,-0.0480,0.2484,0.4112
I:04f5:0.4822,-0.0427,0.0851,0.1186,-0.4451,0.3920,0.4655,0.0361
F:0.9987@390
A:0.9987@390
T:04f7:0.6296,-0.1987,0.0256,0.0829,-0.5315,-0.1564,0.2838,-0.3331
C:04f7:0.0000,0.0000,0.0000,0.0000,0.0000,0.0000,0.0000,0.0000
M:04f8:0.3898,0.3236,-0.2637,-0.5717,-0.3126,-0.0486,0.2486,0.4123
I:04f8:0.4822,-0.0427,0.0851,0.1186,-0.4451,0.3920,0.4655,0.0361
F:0.9987@390
A:0.9987@390
T:04f9:0.6296,-0.1987,0.0256,0.0829,-0.5315,-0.1564,0.2838,-0.3331
C:04f9:0.0000,0.0000,0.0000,0.0000,0.0000,0.0000,0.0000,0.0000
M:04f9:0.3897,0.3240,-0.2634,-0.5724,-0.3126,-0.0492,0.2489,0.4134
I:04fa:0.4822,-0.0427,0.0851,0.1186,-0.4451,0.3920,0.4655,0.0361
F:0.9987@390
A:0.9987@390
T:04fb:0.6296,-0.1987,0.0256,0.0829,-0.5315,-0.1564,0.2838,-0.3331
C:04fb:0.0000,0.0000,0.0000,0.0000,0.0000,0.0000,0.0000,0.0000
M:04fb:0.3896,0.3243,-0.2631,-0.5731,-0.3126,-0.0499,0.2492,0.4144
I:04fb:0.4822,-0.0427,0.0851,0.1186,-0.4451,0.3920,0.4655,0.0361
F:0.9987@390
A:0.9987@390
T:04fd:0.6296,-0.1987,0.0256,0.0829,-0.5315,-0.1564,0.2838,-0.3331
C:04fd:0.0000,0.0000,0.0000,0.0000,0.0000,0.0000,0.0000,0.0000
M:04fd:0.3896,0.3247,-0.2625,-0.5736,-0.3128,-0.0501,0.2493,0.4154
I:04fd:0.4822,-0.0427,0.0851,0.1186,-0.4451,0.3920,0.4655,0.0361
F:0.9989@390
A:0.9989@390
T:04fe:0.6296,-0.1987,0.0256,0.0829,-0.5315,-0.1564,0.2838,-0.3331
C:04fe:0.0000,0.0000,0.0000,0.0000,0.0000,0.0000,0.0000,0.0000
M:04fe:0.3894,0.3250,-0.2623,-0.5742,-0.3130,-0.0508,0.2496,0.4162
I:04fe:0.4822,-0.0427,0.0851,0.1186,-0.4451,0.3920,0.4655,0.0361
F:0.9989@390
A:0.9989@390
T:04ff:0.6296,-0.1987,0.0256,0.0829,-0.5315,-0.1564,0.2838,-0.3331
C:04ff:0.0000,0.0000,0.0000,0.0000,0.0000,0.0000,0.0000,0.0000
M:0500:0.3895,0.3254,-0.2619,-0.5747,-0.3132,-0.0511,0.2498,0.4169
I:0500:0.4822,-0.0427,0.0851,0.1186,-0.4451,0.3920,0.4655,0.0361
F:0.9989@390
A:0.9989@390
T:0501:0.6296,-0.1987,0.0256,0.0829,-0.5315,-0.1564,0.2838,-0.3331
C:0501:0.0000,0.0000,0.0000,0.0000,0.0000,0.0000,0.0000,0.0000
M:0501:0.3893,0.3256,-0.2618,-0.5753,-0.3132,-0.0520,0.2500,0.4177
I:0501:0.4822,-0.0427,0.0851,0.1186,-0.4451,0.3920,0.4655,0.0361
F:0.9989@390
A:0.9989@390
T:0503:0.6296,-0.1987,0.0256,0.0829,-0.5315,-0.1564,0.2838,-0.3331
C:0503:0.0000,0.0000,0.0000,0.0000,0.0000,0.0000,0.0000,0.0000
M:0503:0.3893,0.3258,-0.2618,-0.5759,-0.3131,-0.0528,0.2503,0.4186
I:0504:0.4822,-0.0427,0.0851,0.1186,-0.4451,0.3920,0.4655,0.0361
F:0.9989@390
A:0.9989@390
T:0505:0.6296,-0.1987,0.0256,0.0829,-0.5315,-0.1564,0.2838,-0.3331
C:0505:0.0000,0.0000,0.0000,0.0000,0.0000,0.0000,0.0000,0.0000
M:0505:0.3893,0.3260,-0.2617,-0.5765,-0.3128,-0.0536,0.2506,0.4197
I:0505:0.4822,-0.0427,0.0851,0.1186,-0.4451,0.3920,0.4655,0.0361
F:0.9989@390
A:0.9989@390
T:0507:0.6296,-0.1987,0.0256,0.0829,-0.5315,-0.1564,0.2838,-0.3331
C:0507:0.0000,0.0000,0.0000,0.0000,0.0000,0.0000,0.0000,0.0000
M:0507:0.3892,0.3262,-0.2615,-0.5772,-0.3125,-0.0542,0.2509,0.4207
I:0508:0.4822,-0.0427,0.0851,0.1186,-0.4451,0.3920,0.4655,0.0361
F:0.9991@390
A:0.9991@390
T:0509:0.6296,-0.1987,0.0256,0.0829,-0.5315,-0.1564,0.2838,-0.3331
C:0509:0.0000,0.0000,0.0000,0.0000,0.0000,0.0000,0.0000,0.0000
M:0509:0.3891,0.3264,-0.2613,-0.5778,-0.3122,-0.0547,0.2512,0.4218
I:050a:0.4822,-0.0427,0.0851,0.1186,-0.4451,0.3920,0.4655,0.0361
F:0.9991@390
A:0.9991@390
T:050b:0.6296,-0.1987,0.0256,0.0829,-0.5315,-0.1564,0.2838,-0.3331
C:050b:0.0000,0.0000,0.0000,0.0000,0.0000,0.0000,0.0000,0.0000
M:050b:0.3890,0.3266,-0.2610,-0.5784,-0.3120,-0.0553,0.2514,0.4229
I:050b:0.4822,-0.0427,0.0851,0.1186,-0.4451,0.3920,0.4655,0.0361
F:0.9991@390
A:0.9991@390
T:050e:0.6296,-0.1987,0.0256,0.0829,-0.5315,-0.1564,0.2838,-0.3331
C:050f:0.0000,0.0000,0.0000,0.0000,0.0000,0.0000,0.0000,0.0000
M:050f:0.3888,0.3266,-0.2610,-0.5791,-0.3116,-0.0565,0.2519,0.4241
I:050f:0.4822,-0.0427,0.0851,0.1186,-0.4451,0.3920,0.4655,0.0361
F:0.9991@390
A:0.9991@390
T:0510:0.6296,-0.1987,0.0256,0.0829,-0.5315,-0.1564,0.2838,-0.3331
C:0510:0.0000,0.0000,0.0000,0.0000,0.0000,0.0000,0.0000,0.0000
M:0510:0.3887,0.3268,-0.2607,-0.5799,-0.3112,-0.0571,0.2522,0.4254
I:0511:0.4822,-0.0427,0.0851,0.1186,-0.4451,0.3920,0.4655,0.0361
F:0.9991@390
A:0.9991@390
T:0512:0.6296,-0.1987,0.0256,0.0829,-0.5315,-0.1564,0.2838,-0.3331
C:0512:0.0000,0.0000,0.0000,0.0000,0.0000,0.0000,0.0000,0.0000
M:0512:0.3886,0.3271,-0.2602,-0.5805,-0.3110,-0.0575,0.2524,0.4266
I:0513:0.4822,-0.0427,0.0851,0.1186,-0.4451,0.3920,0.4655,0.0361
F:0.9992@390
A:0.9992@390
{
  "exo_version": "0.12",
  "last_tick": 1300,
  "attractor": {
    "events": 1,
    "sim_mean": 0.9992
  },
  "memory": {
    "unique_patterns": 3,
    "familiarity_mean": 0.9992
  },
  "path_dependency_index": 1.9150,
  "sedimentation": true
}

T:0514:0.6296,-0.1987,0.0256,0.0829,-0.5315,-0.1564,0.2838,-0.3331
C:0514:0.0000,0.0000,0.0000,0.0000,0.0000,0.0000,0.0000,0.0000
M:0514:0.3885,0.3273,-0.2598,-0.5812,-0.3109,-0.0581,0.2527,0.4276
I:0515:0.4822,-0.0427,0.0851,0.1186,-0.4451,0.3920,0.4655,0.0361
F:0.9992@390
A:0.9992@390
T:0516:0.6296,-0.1987,0.0256,0.0829,-0.5315,-0.1564,0.2838,-0.3331
C:0516:0.0000,0.0000,0.0000,0.0000,0.0000,0.0000,0.0000,0.0000
M:0516:0.3883,0.3276,-0.2595,-0.5818,-0.3108,-0.0587,0.2530,0.4286
I:0517:0.4822,-0.0427,0.0851,0.1186,-0.4451,0.3920,0.4655,0.0361
F:0.9992@390
A:0.9992@390
T:0518:0.6296,-0.1987,0.0256,0.0829,-0.5315,-0.1564,0.2838,-0.3331
C:0519:0.0000,0.0000,0.0000,0.0000,0.0000,0.0000,0.0000,0.0000
M:0519:0.3882,0.3278,-0.2592,-0.5824,-0.3107,-0.0594,0.2533,0.4296
I:0519:0.4822,-0.0427,0.0851,0.1186,-0.4451,0.3920,0.4655,0.0361
F:0.9992@390
A:0.9992@390
T:051b:0.6296,-0.1987,0.0256,0.0829,-0.5315,-0.1564,0.2838,-0.3331
C:051b:0.0000,0.0000,0.0000,0.0000,0.0000,0.0000,0.0000,0.0000
M:051b:0.3880,0.3279,-0.2592,-0.5831,-0.3104,-0.0607,0.2537,0.4308
I:051b:0.4822,-0.0427,0.0851,0.1186,-0.4451,0.3920,0.4655,0.0361
F:0.9995@390
A:0.9995@390
T:051c:0.6296,-0.1987,0.0256,0.0829,-0.5315,-0.1564,0.2838,-0.3331
C:051c:0.0000,0.0000,0.0000,0.0000,0.0000,0.0000,0.0000,0.0000
M:051d:0.3881,0.3283,-0.2586,-0.5837,-0.3103,-0.0607,0.2538,0.4319
I:051d:0.4822,-0.0427,0.0851,0.1186,-0.4451,0.3920,0.4655,0.0361
F:0.9995@390
A:0.9995@390
T:051e:0.6296,-0.1987,0.0256,0.0829,-0.5315,-0.1564,0.2838,-0.3331
C:051e:0.0000,0.0000,0.0000,0.0000,0.0000,0.0000,0.0000,0.0000
M:051e:0.3879,0.3285,-0.2582,-0.5843,-0.3103,-0.0613,0.2540,0.4328
I:051f:0.4822,-0.0427,0.0851,0.1186,-0.4451,0.3920,0.4655,0.0361
F:0.9995@390
A:0.9995@390
T:0520:0.6296,-0.1987,0.0256,0.0829,-0.5315,-0.1564,0.2838,-0.3331
C:0520:0.0000,0.0000,0.0000,0.0000,0.0000,0.0000,0.0000,0.0000
M:0520:0.3878,0.3288,-0.2580,-0.5849,-0.3102,-0.0620,0.2543,0.4337
I:0521:0.4822,-0.0427,0.0851,0.1186,-0.4451,0.3920,0.4655,0.0361
F:0.9995@390
A:0.9995@390
T:0522:0.6296,-0.1987,0.0256,0.0829,-0.5315,-0.1564,0.2838,-0.3331
C:0522:0.0000,0.0000,0.0000,0.0000,0.0000,0.0000,0.0000,0.0000
M:0522:0.3877,0.3289,-0.2578,-0.5855,-0.3101,-0.0627,0.2546,0.4347
I:0523:0.4822,-0.0427,0.0851,0.1186,-0.4451,0.3920,0.4655,0.0361
F:0.9995@390
A:0.9995@390
T:0524:0.6296,-0.1987,0.0256,0.0829,-0.5315,-0.1564,0.2838,-0.3331
C:0524:0.0000,0.0000,0.0000,0.0000,0.0000,0.0000,0.0000,0.0000
M:0524:0.3876,0.3291,-0.2576,-0.5861,-0.3099,-0.0634,0.2548,0.4356
I:0524:0.4822,-0.0427,0.0851,0.1186,-0.4451,0.3920,0.4655,0.0361
F:0.9995@390
A:0.9995@390
T:0526:0.6296,-0.1987,0.0256,0.0829,-0.5315,-0.1564,0.2838,-0.3331
C:0526:0.0000,0.0000,0.0000,0.0000,0.0000,0.0000,0.0000,0.0000
M:0526:0.3875,0.3293,-0.2573,-0.5867,-0.3096,-0.0641,0.2551,0.4366
I:0527:0.4822,-0.0427,0.0851,0.1186,-0.4451,0.3920,0.4655,0.0361
F:0.9995@390
A:0.9995@390
T:0529:0.6296,-0.1987,0.0256,0.0829,-0.5315,-0.1564,0.2838,-0.3331
C:0529:0.0000,0.0000,0.0000,0.0000,0.0000,0.0000,0.0000,0.0000
M:0529:0.3873,0.3293,-0.2574,-0.5873,-0.3092,-0.0653,0.2555,0.4378
I:0529:0.4822,-0.0427,0.0851,0.1186,-0.4451,0.3920,0.4655,0.0361
F:0.9995@390
A:0.9995@390
T:052b:0.6296,-0.1987,0.0256,0.0829,-0.5315,-0.1564,0.2838,-0.3331
C:052b:0.0000,0.0000,0.0000,0.0000,0.0000,0.0000,0.0000,0.0000
M:052b:0.3873,0.3295,-0.2571,-0.5880,-0.3087,-0.0659,0.2558,0.4390
I:052c:0.4822,-0.0427,0.0851,0.1186,-0.4451,0.3920,0.4655,0.0361
F:0.9995@390
A:0.9995@390
T:052d:0.6296,-0.1987,0.0256,0.0829,-0.5315,-0.1564,0.2838,-0.3331
C:052d:0.0000,0.0000,0.0000,0.0000,0.0000,0.0000,0.0000,0.0000
M:052d:0.3872,0.3298,-0.2567,-0.5887,-0.3084,-0.0663,0.2560,0.4401
I:052e:0.4822,-0.0427,0.0851,0.1186,-0.4451,0.3920,0.4655,0.0361
F:0.9996@390
A:0.9996@390
T:052f:0.6296,-0.1987,0.0256,0.0829,-0.5315,-0.1564,0.2838,-0.3331
C:052f:0.0000,0.0000,0.0000,0.0000,0.0000,0.0000,0.0000,0.0000
M:052f:0.3870,0.3300,-0.2563,-0.5892,-0.3083,-0.0668,0.2563,0.4411
I:0530:0.4822,-0.0427,0.0851,0.1186,-0.4451,0.3920,0.4655,0.0361
F:0.9996@390
A:0.9996@390
T:0531:0.6296,-0.1987,0.0256,0.0829,-0.5315,-0.1564,0.2838,-0.3331
C:0531:0.0000,0.0000,0.0000,0.0000,0.0000,0.0000,0.0000,0.0000
M:0531:0.3868,0.3301,-0.2559,-0.5898,-0.3081,-0.0674,0.2565,0.4421
I:0532:0.4822,-0.0427,0.0851,0.1186,-0.4451,0.3920,0.4655,0.0361
F:0.9996@390
A:0.9996@390
T:0533:0.6296,-0.1987,0.0256,0.0829,-0.5315,-0.1564,0.2838,-0.3331
C:0533:0.0000,0.0000,0.0000,0.0000,0.0000,0.0000,0.0000,0.0000
M:0534:0.3866,0.3303,-0.2556,-0.5904,-0.3080,-0.0681,0.2568,0.4430
I:0534:0.4822,-0.0427,0.0851,0.1186,-0.4451,0.3920,0.4655,0.0361
F:0.9997@390
A:0.9997@390
T:0535:0.6296,-0.1987,0.0256,0.0829,-0.5315,-0.1564,0.2838,-0.3331
C:0535:0.0000,0.0000,0.0000,0.0000,0.0000,0.0000,0.0000,0.0000
M:0535:0.3865,0.3305,-0.2554,-0.5910,-0.3078,-0.0688,0.2571,0.4440
I:0535:0.4822,-0.0427,0.0851,0.1186,-0.4451,0.3920,0.4655,0.0361
F:0.9997@390
A:0.9997@390
T:0537:0.6296,-0.1987,0.0256,0.0829,-0.5315,-0.1564,0.2838,-0.3331
C:0537:0.0000,0.0000,0.0000,0.0000,0.0000,0.0000,0.0000,0.0000
M:0537:0.3864,0.3307,-0.2551,-0.5915,-0.3076,-0.0695,0.2573,0.4450
I:0538:0.4822,-0.0427,0.0851,0.1186,-0.4451,0.3920,0.4655,0.0361
F:0.9997@390
A:0.9997@390
T:053b:0.6296,-0.1987,0.0256,0.0829,-0.5315,-0.1564,0.2838,-0.3331
C:053b:0.0000,0.0000,0.0000,0.0000,0.0000,0.0000,0.0000,0.0000
M:053b:0.3862,0.3307,-0.2551,-0.5922,-0.3071,-0.0707,0.2577,0.4460
I:053b:0.4822,-0.0427,0.0851,0.1186,-0.4451,0.3920,0.4655,0.0361
F:0.9997@390
A:0.9997@390
T:053d:0.6296,-0.1987,0.0256,0.0829,-0.5315,-0.1564,0.2838,-0.3331
C:053d:0.0000,0.0000,0.0000,0.0000,0.0000,0.0000,0.0000,0.0000
M:053d:0.3861,0.3307,-0.2551,-0.5930,-0.3064,-0.0718,0.2582,0.4474
I:053e:0.4822,-0.0427,0.0851,0.1186,-0.4451,0.3920,0.4655,0.0361
F:0.9997@390
A:0.9997@390
T:053f:0.6296,-0.1987,0.0256,0.0829,-0.5315,-0.1564,0.2838,-0.3331
C:053f:0.0000,0.0000,0.0000,0.0000,0.0000,0.0000,0.0000,0.0000
M:053f:0.3861,0.3309,-0.2547,-0.5936,-0.3059,-0.0722,0.2584,0.4487
I:053f:0.4822,-0.0427,0.0851,0.1186,-0.4451,0.3920,0.4655,0.0361
F:0.9997@390
A:0.9997@390
T:0541:0.6296,-0.1987,0.0256,0.0829,-0.5315,-0.1564,0.2838,-0.3331
C:0541:0.0000,0.0000,0.0000,0.0000,0.0000,0.0000,0.0000,0.0000
M:0541:0.3859,0.3311,-0.2541,-0.5943,-0.3056,-0.0726,0.2586,0.4498
I:0541:0.4822,-0.0427,0.0851,0.1186,-0.4451,0.3920,0.4655,0.0361
F:0.9997@390
A:0.9997@390
T:0543:0.6296,-0.1987,0.0256,0.0829,-0.5315,-0.1564,0.2838,-0.3331
C:0543:0.0000,0.0000,0.0000,0.0000,0.0000,0.0000,0.0000,0.0000
M:0543:0.3856,0.3313,-0.2537,-0.5948,-0.3055,-0.0731,0.2588,0.4508
I:0544:0.4822,-0.0427,0.0851,0.1186,-0.4451,0.3920,0.4655,0.0361
F:0.9998@390
A:0.9998@390
T:0545:0.6296,-0.1987,0.0256,0.0829,-0.5315,-0.1564,0.2838,-0.3331
C:0545:0.0000,0.0000,0.0000,0.0000,0.0000,0.0000,0.0000,0.0000
M:0545:0.3854,0.3315,-0.2533,-0.5954,-0.3054,-0.0737,0.2591,0.4517
I:0545:0.4822,-0.0427,0.0851,0.1186,-0.4451,0.3920,0.4655,0.0361
F:0.9998@390
A:0.9998@390
T:0548:0.6296,-0.1987,0.0256,0.0829,-0.5315,-0.1564,0.2838,-0.3331
C:0548:0.0000,0.0000,0.0000,0.0000,0.0000,0.0000,0.0000,0.0000
M:0548:0.3852,0.3316,-0.2530,-0.5959,-0.3053,-0.0745,0.2594,0.4525
I:0548:0.4822,-0.0427,0.0851,0.1186,-0.4451,0.3920,0.4655,0.0361
F:0.9998@390
A:0.9998@390
T:054a:0.6296,-0.1987,0.0256,0.0829,-0.5315,-0.1564,0.2838,-0.3331
C:054a:0.0000,0.0000,0.0000,0.0000,0.0000,0.0000,0.0000,0.0000
M:054a:0.3851,0.3318,-0.2527,-0.5964,-0.3051,-0.0752,0.2596,0.4534
I:054a:0.4822,-0.0427,0.0851,0.1186,-0.4451,0.3920,0.4655,0.0361
F:0.9998@390
A:0.9998@390
T:054c:0.6296,-0.1987,0.0256,0.0829,-0.5315,-0.1564,0.2838,-0.3331
C:054c:0.0000,0.0000,0.0000,0.0000,0.0000,0.0000,0.0000,0.0000
M:054c:0.3849,0.3318,-0.2528,-0.5971,-0.3046,-0.0764,0.2600,0.4545
I:054d:0.4822,-0.0427,0.0851,0.1186,-0.4451,0.3920,0.4655,0.0361
F:0.9998@390
A:0.9998@390
T:054e:0.6296,-0.1987,0.0256,0.0829,-0.5315,-0.1564,0.2838,-0.3331
C:054e:0.0000,0.0000,0.0000,0.0000,0.0000,0.0000,0.0000,0.0000
M:054e:0.3849,0.3319,-0.2525,-0.5977,-0.3041,-0.0770,0.2603,0.4556
I:054e:0.4822,-0.0427,0.0851,0.1186,-0.4451,0.3920,0.4655,0.0361
F:0.9998@390
A:0.9998@390
T:0550:0.6296,-0.1987,0.0256,0.0829,-0.5315,-0.1564,0.2838,-0.3331
C:0550:0.0000,0.0000,0.0000,0.0000,0.0000,0.0000,0.0000,0.0000
M:0550:0.3848,0.3321,-0.2521,-0.5983,-0.3038,-0.0775,0.2605,0.4567
I:0550:0.4822,-0.0427,0.0851,0.1186,-0.4451,0.3920,0.4655,0.0361
F:0.9998@390
A:0.9998@390
T:0552:0.6296,-0.1987,0.0256,0.0829,-0.5315,-0.1564,0.2838,-0.3331
C:0552:0.0000,0.0000,0.0000,0.0000,0.0000,0.0000,0.0000,0.0000
M:0552:0.3846,0.3323,-0.2517,-0.5989,-0.3035,-0.0780,0.2607,0.4576
I:0552:0.4822,-0.0427,0.0851,0.1186,-0.4451,0.3920,0.4655,0.0361
F:0.9998@390
A:0.9998@390
T:0554:0.6296,-0.1987,0.0256,0.0829,-0.5315,-0.1564,0.2838,-0.3331
C:0554:0.0000,0.0000,0.0000,0.0000,0.0000,0.0000,0.0000,0.0000
M:0554:0.3844,0.3324,-0.2514,-0.5994,-0.3033,-0.0786,0.2609,0.4585
I:0554:0.4822,-0.0427,0.0851,0.1186,-0.4451,0.3920,0.4655,0.0361
F:0.9998@390
A:0.9998@390
T:0555:0.6296,-0.1987,0.0256,0.0829,-0.5315,-0.1564,0.2838,-0.3331
C:0555:0.0000,0.0000,0.0000,0.0000,0.0000,0.0000,0.0000,0.0000
M:0555:0.3843,0.3327,-0.2508,-0.5998,-0.3033,-0.0787,0.2610,0.4593
I:0555:0.4822,-0.0427,0.0851,0.1186,-0.4451,0.3920,0.4655,0.0361
F:0.9998@390
A:0.9998@390
T:0556:0.6296,-0.1987,0.0256,0.0829,-0.5315,-0.1564,0.2838,-0.3331
C:0556:0.0000,0.0000,0.0000,0.0000,0.0000,0.0000,0.0000,0.0000
M:0556:0.3841,0.3330,-0.2502,-0.6002,-0.3035,-0.0789,0.2611,0.4598
I:0556:0.4822,-0.0427,0.0851,0.1186,-0.4451,0.3920,0.4655,0.0361
F:0.9999@390
A:0.9999@390
T:0558:0.6296,-0.1987,0.0256,0.0829,-0.5315,-0.1564,0.2838,-0.3331
C:0558:0.0000,0.0000,0.0000,0.0000,0.0000,0.0000,0.0000,0.0000
M:0558:0.3840,0.3332,-0.2499,-0.6005,-0.3038,-0.0793,0.2612,0.4602
I:0559:0.4822,-0.0427,0.0851,0.1186,-0.4451,0.3920,0.4655,0.0361
F:0.9999@390
A:0.9999@390
T:055a:0.6296,-0.1987,0.0256,0.0829,-0.5315,-0.1564,0.2838,-0.3331
C:055a:0.0000,0.0000,0.0000,0.0000,0.0000,0.0000,0.0000,0.0000
M:055a:0.3837,0.3331,-0.2502,-0.6009,-0.3035,-0.0808,0.2616,0.4609
I:055b:0.4822,-0.0427,0.0851,0.1186,-0.4451,0.3920,0.4655,0.0361
F:0.9999@390
A:0.9999@390
T:055d:0.6296,-0.1987,0.0256,0.0829,-0.5315,-0.1564,0.2838,-0.3331
C:055d:0.0000,0.0000,0.0000,0.0000,0.0000,0.0000,0.0000,0.0000
M:055d:0.3837,0.3329,-0.2506,-0.6016,-0.3027,-0.0822,0.2621,0.4619
I:055e:0.4822,-0.0427,0.0851,0.1186,-0.4451,0.3920,0.4655,0.0361
F:0.9999@390
A:0.9999@390
T:055f:0.6296,-0.1987,0.0256,0.0829,-0.5315,-0.1564,0.2838,-0.3331
C:055f:0.0000,0.0000,0.0000,0.0000,0.0000,0.0000,0.0000,0.0000
M:055f:0.3837,0.3330,-0.2504,-0.6022,-0.3018,-0.0827,0.2623,0.4632
I:055f:0.4822,-0.0427,0.0851,0.1186,-0.4451,0.3920,0.4655,0.0361
F:0.9999@390
A:0.9999@390
T:0561:0.6296,-0.1987,0.0256,0.0829,-0.5315,-0.1564,0.2838,-0.3331
C:0561:0.0000,0.0000,0.0000,0.0000,0.0000,0.0000,0.0000,0.0000
M:0561:0.3836,0.3331,-0.2500,-0.6028,-0.3012,-0.0830,0.2625,0.4643
I:0561:0.4822,-0.0427,0.0851,0.1186,-0.4451,0.3920,0.4655,0.0361
F:0.9999@390
A:0.9999@390
T:0562:0.6296,-0.1987,0.0256,0.0829,-0.5315,-0.1564,0.2838,-0.3331
C:0562:0.0000,0.0000,0.0000,0.0000,0.0000,0.0000,0.0000,0.0000
M:0562:0.3834,0.3334,-0.2493,-0.6032,-0.3010,-0.0829,0.2625,0.4651
I:0562:0.4822,-0.0427,0.0851,0.1186,-0.4451,0.3920,0.4655,0.0361
F:0.9999@390
A:0.9999@390
T:0563:0.6296,-0.1987,0.0256,0.0829,-0.5315,-0.1564,0.2838,-0.3331
C:0563:0.0000,0.0000,0.0000,0.0000,0.0000,0.0000,0.0000,0.0000
M:0564:0.3831,0.3336,-0.2486,-0.6035,-0.3012,-0.0829,0.2626,0.4657
I:0564:0.4822,-0.0427,0.0851,0.1186,-0.4451,0.3920,0.4655,0.0361
F:0.9999@390
A:0.9999@390
T:0565:0.6296,-0.1987,0.0256,0.0829,-0.5315,-0.1564,0.2838,-0.3331
C:0565:0.0000,0.0000,0.0000,0.0000,0.0000,0.0000,0.0000,0.0000
M:0565:0.3828,0.3336,-0.2485,-0.6039,-0.3012,-0.0838,0.2629,0.4661
I:0565:0.4822,-0.0427,0.0851,0.1186,-0.4451,0.3920,0.4655,0.0361
F:0.9999@390
A:0.9999@390
T:0567:0.6296,-0.1987,0.0256,0.0829,-0.5315,-0.1564,0.2838,-0.3331
C:0567:0.0000,0.0000,0.0000,0.0000,0.0000,0.0000,0.0000,0.0000
M:0567:0.3827,0.3336,-0.2485,-0.6043,-0.3010,-0.0847,0.2632,0.4668
I:0568:0.4822,-0.0427,0.0851,0.1186,-0.4451,0.3920,0.4655,0.0361
F:0.9999@390
A:0.9999@390
T:0569:0.6296,-0.1987,0.0256,0.0829,-0.5315,-0.1564,0.2838,-0.3331
C:0569:0.0000,0.0000,0.0000,0.0000,0.0000,0.0000,0.0000,0.0000
M:0569:0.3827,0.3336,-0.2484,-0.6048,-0.3005,-0.0856,0.2635,0.4677
I:056a:0.4822,-0.0427,0.0851,0.1186,-0.4451,0.3920,0.4655,0.0361
F:0.9999@390
A:0.9999@390
T:056b:0.6296,-0.1987,0.0256,0.0829,-0.5315,-0.1564,0.2838,-0.3331
C:056b:0.0000,0.0000,0.0000,0.0000,0.0000,0.0000,0.0000,0.0000
M:056b:0.3826,0.3336,-0.2483,-0.6053,-0.3000,-0.0862,0.2637,0.4686
I:056b:0.4822,-0.0427,0.0851,0.1186,-0.4451,0.3920,0.4655,0.0361
F:0.9999@390
A:0.9999@390
T:056d:0.6296,-0.1987,0.0256,0.0829,-0.5315,-0.1564,0.2838,-0.3331
C:056d:0.0000,0.0000,0.0000,0.0000,0.0000,0.0000,0.0000,0.0000
M:056d:0.3825,0.3337,-0.2481,-0.6058,-0.2995,-0.0868,0.2639,0.4695
I:056d:0.4822,-0.0427,0.0851,0.1186,-0.4451,0.3920,0.4655,0.0361
F:1.0000@390
A:1.0000@390
T:056f:0.6296,-0.1987,0.0256,0.0829,-0.5315,-0.1564,0.2838,-0.3331
C:056f:0.0000,0.0000,0.0000,0.0000,0.0000,0.0000,0.0000,0.0000
M:0570:0.3823,0.3337,-0.2479,-0.6063,-0.2990,-0.0873,0.2641,0.4704
I:0570:0.4822,-0.0427,0.0851,0.1186,-0.4451,0.3920,0.4655,0.0361
F:1.0000@390
A:1.0000@390
T:0573:0.6296,-0.1987,0.0256,0.0829,-0.5315,-0.1564,0.2838,-0.3331
C:0573:0.0000,0.0000,0.0000,0.0000,0.0000,0.0000,0.0000,0.0000
M:0573:0.3820,0.3336,-0.2479,-0.6068,-0.2983,-0.0884,0.2645,0.4714
I:0574:0.4822,-0.0427,0.0851,0.1186,-0.4451,0.3920,0.4655,0.0361
F:1.0000@390
A:1.0000@390
T:0575:0.6296,-0.1987,0.0256,0.0829,-0.5315,-0.1564,0.2838,-0.3331
C:0575:0.0000,0.0000,0.0000,0.0000,0.0000,0.0000,0.0000,0.0000
M:0576:0.3818,0.3334,-0.2479,-0.6075,-0.2975,-0.0895,0.2650,0.4725
I:0576:0.4822,-0.0427,0.0851,0.1186,-0.4451,0.3920,0.4655,0.0361
F:1.0000@390
A:1.0000@390
{
  "exo_version": "0.12",
  "last_tick": 1400,
  "attractor": {
    "events": 1,
    "sim_mean": 1.0000
  },
  "memory": {
    "unique_patterns": 3,
    "familiarity_mean": 1.0000
  },
  "path_dependency_index": 1.9150,
  "sedimentation": true
}

T:0579:0.6296,-0.1987,0.0256,0.0829,-0.5315,-0.1564,0.2838,-0.3331
C:0579:0.0000,0.0000,0.0000,0.0000,0.0000,0.0000,0.0000,0.0000
M:0579:0.3816,0.3333,-0.2477,-0.6082,-0.2965,-0.0904,0.2654,0.4738
I:0579:0.4822,-0.0427,0.0851,0.1186,-0.4451,0.3920,0.4655,0.0361
F:1.0000@390
A:1.0000@390
T:057b:0.6296,-0.1987,0.0256,0.0829,-0.5315,-0.1564,0.2838,-0.3331
C:057b:0.0000,0.0000,0.0000,0.0000,0.0000,0.0000,0.0000,0.0000
M:057b:0.3813,0.3332,-0.2475,-0.6088,-0.2956,-0.0912,0.2657,0.4752
I:057c:0.4822,-0.0427,0.0851,0.1186,-0.4451,0.3920,0.4655,0.0361
F:1.0000@390
A:1.0000@390
T:057d:0.6296,-0.1987,0.0256,0.0829,-0.5315,-0.1564,0.2838,-0.3331
C:057d:0.0000,0.0000,0.0000,0.0000,0.0000,0.0000,0.0000,0.0000
M:057d:0.3811,0.3333,-0.2468,-0.6094,-0.2950,-0.0915,0.2659,0.4764
I:057d:0.4822,-0.0427,0.0851,0.1186,-0.4451,0.3920,0.4655,0.0361
F:1.0000@390
A:1.0000@390
T:057f:0.6296,-0.1987,0.0256,0.0829,-0.5315,-0.1564,0.2838,-0.3331
C:057f:0.0000,0.0000,0.0000,0.0000,0.0000,0.0000,0.0000,0.0000
M:057f:0.3808,0.3334,-0.2461,-0.6099,-0.2947,-0.0918,0.2661,0.4774
I:0580:0.4822,-0.0427,0.0851,0.1186,-0.4451,0.3920,0.4655,0.0361
F:1.0000@390
A:1.0000@390
T:0582:0.6296,-0.1987,0.0256,0.0829,-0.5315,-0.1564,0.2838,-0.3331
C:0583:0.0000,0.0000,0.0000,0.0000,0.0000,0.0000,0.0000,0.0000
M:0583:0.3804,0.3333,-0.2459,-0.6105,-0.2943,-0.0929,0.2664,0.4783
I:0583:0.4822,-0.0427,0.0851,0.1186,-0.4451,0.3920,0.4655,0.0361
F:1.0000@390
A:1.0000@390
T:0585:0.6296,-0.1987,0.0256,0.0829,-0.5315,-0.1564,0.2838,-0.3331
C:0585:0.0000,0.0000,0.0000,0.0000,0.0000,0.0000,0.0000,0.0000
M:0585:0.3803,0.3334,-0.2454,-0.6110,-0.2939,-0.0936,0.2667,0.4793
I:0585:0.4822,-0.0427,0.0851,0.1186,-0.4451,0.3920,0.4655,0.0361
F:1.0000@390
A:1.0000@390
T:0587:0.6296,-0.1987,0.0256,0.0829,-0.5315,-0.1564,0.2838,-0.3331
C:0587:0.0000,0.0000,0.0000,0.0000,0.0000,0.0000,0.0000,0.0000
M:0587:0.3801,0.3335,-0.2450,-0.6115,-0.2936,-0.0941,0.2669,0.4802
I:0587:0.4822,-0.0427,0.0851,0.1186,-0.4451,0.3920,0.4655,0.0361
F:0.9999@390
A:0.9999@390
T:0589:0.6296,-0.1987,0.0256,0.0829,-0.5315,-0.1564,0.2838,-0.3331
C:0589:0.0000,0.0000,0.0000,0.0000,0.0000,0.0000,0.0000,0.0000
M:0589:0.3798,0.3335,-0.2449,-0.6121,-0.2931,-0.0953,0.2672,0.4811
I:0589:0.4822,-0.0427,0.0851,0.1186,-0.4451,0.3920,0.4655,0.0361
F:0.9999@390
A:0.9999@390
T:058b:0.6296,-0.1987,0.0256,0.0829,-0.5315,-0.1564,0.2838,-0.3331
C:058b:0.0000,0.0000,0.0000,0.0000,0.0000,0.0000,0.0000,0.0000
M:058b:0.3797,0.3336,-0.2445,-0.6127,-0.2926,-0.0959,0.2675,0.4821
I:058c:0.4822,-0.0427,0.0851,0.1186,-0.4451,0.3920,0.4655,0.0361
F:0.9999@390
A:0.9999@390
T:058d:0.6296,-0.1987,0.0256,0.0829,-0.5315,-0.1564,0.2838,-0.3331
C:058d:0.0000,0.0000,0.0000,0.0000,0.0000,0.0000,0.0000,0.0000
M:058d:0.3795,0.3337,-0.2441,-0.6132,-0.2922,-0.0964,0.2676,0.4830
I:058d:0.4822,-0.0427,0.0851,0.1186,-0.4451,0.3920,0.4655,0.0361
F:0.9999@390
A:0.9999@390
T:058f:0.6296,-0.1987,0.0256,0.0829,-0.5315,-0.1564,0.2838,-0.3331
C:058f:0.0000,0.0000,0.0000,0.0000,0.0000,0.0000,0.0000,0.0000
M:0590:0.3792,0.3338,-0.2437,-0.6136,-0.2919,-0.0969,0.2678,0.4839
I:0590:0.4822,-0.0427,0.0851,0.1186,-0.4451,0.3920,0.4655,0.0361
F:0.9999@390
A:0.9999@390
T:0591:0.6296,-0.1987,0.0256,0.0829,-0.5315,-0.1564,0.2838,-0.3331
C:0591:0.0000,0.0000,0.0000,0.0000,0.0000,0.0000,0.0000,0.0000
M:0591:0.3790,0.3339,-0.2433,-0.6141,-0.2916,-0.0975,0.2680,0.4847
I:0592:0.4822,-0.0427,0.0851,0.1186,-0.4451,0.3920,0.4655,0.0361
F:0.9999@390
A:0.9999@390
T:0593:0.6296,-0.1987,0.0256,0.0829,-0.5315,-0.1564,0.2838,-0.3331
C:0593:0.0000,0.0000,0.0000,0.0000,0.0000,0.0000,0.0000,0.0000
M:0593:0.3788,0.3339,-0.2430,-0.6145,-0.2913,-0.0982,0.2683,0.4854
I:0594:0.4822,-0.0427,0.0851,0.1186,-0.4451,0.3920,0.4655,0.0361
F:0.9999@390
A:0.9999@390
T:0595:0.6296,-0.1987,0.0256,0.0829,-0.5315,-0.1564,0.2838,-0.3331
C:0595:0.0000,0.0000,0.0000,0.0000,0.0000,0.0000,0.0000,0.0000
M:0596:0.3786,0.3340,-0.2428,-0.6150,-0.2909,-0.0988,0.2685,0.4862
I:0596:0.4822,-0.0427,0.0851,0.1186,-0.4451,0.3920,0.4655,0.0361
F:0.9999@390
A:0.9999@390
T:0597:0.6296,-0.1987,0.0256,0.0829,-0.5315,-0.1564,0.2838,-0.3331
C:0597:0.0000,0.0000,0.0000,0.0000,0.0000,0.0000,0.0000,0.0000
M:0598:0.3784,0.3340,-0.2425,-0.6155,-0.2905,-0.0995,0.2687,0.4870
I:0598:0.4822,-0.0427,0.0851,0.1186,-0.4451,0.3920,0.4655,0.0361
F:0.9999@390
A:0.9999@390
T:0599:0.6296,-0.1987,0.0256,0.0829,-0.5315,-0.1564,0.2838,-0.3331
C:0599:0.0000,0.0000,0.0000,0.0000,0.0000,0.0000,0.0000,0.0000
M:0599:0.3782,0.3340,-0.2423,-0.6159,-0.2901,-0.1001,0.2689,0.4878
I:0599:0.4822,-0.0427,0.0851,0.1186,-0.4451,0.3920,0.4655,0.0361
F:0.9999@390
A:0.9999@390
T:059b:0.6296,-0.1987,0.0256,0.0829,-0.5315,-0.1564,0.2838,-0.3331
C:059b:0.0000,0.0000,0.0000,0.0000,0.0000,0.0000,0.0000,0.0000
M:059b:0.3780,0.3340,-0.2420,-0.6163,-0.2896,-0.1007,0.2691,0.4886
I:059b:0.4822,-0.0427,0.0851,0.1186,-0.4451,0.3920,0.4655,0.0361
F:0.9998@390
A:0.9998@390
T:059d:0.6296,-0.1987,0.0256,0.0829,-0.5315,-0.1564,0.2838,-0.3331
C:059e:0.0000,0.0000,0.0000,0.0000,0.0000,0.0000,0.0000,0.0000
M:059e:0.3778,0.3340,-0.2417,-0.6168,-0.2892,-0.1013,0.2693,0.4894
I:059e:0.4822,-0.0427,0.0851,0.1186,-0.4451,0.3920,0.4655,0.0361
F:0.9998@390
A:0.9998@390
T:059f:0.6296,-0.1987,0.0256,0.0829,-0.5315,-0.1564,0.2838,-0.3331
C:059f:0.0000,0.0000,0.0000,0.0000,0.0000,0.0000,0.0000,0.0000
M:05a0:0.3776,0.3340,-0.2415,-0.6172,-0.2887,-0.1019,0.2696,0.4902
I:05a0:0.4822,-0.0427,0.0851,0.1186,-0.4451,0.3920,0.4655,0.0361
F:0.9998@390
A:0.9998@390
T:05a1:0.6296,-0.1987,0.0256,0.0829,-0.5315,-0.1564,0.2838,-0.3331
C:05a2:0.0000,0.0000,0.0000,0.0000,0.0000,0.0000,0.0000,0.0000
M:05a2:0.3774,0.3340,-0.2412,-0.6177,-0.2882,-0.1025,0.2698,0.4909
I:05a2:0.4822,-0.0427,0.0851,0.1186,-0.4451,0.3920,0.4655,0.0361
F:0.9998@390
A:0.9998@390
T:05a3:0.6296,-0.1987,0.0256,0.0829,-0.5315,-0.1564,0.2838,-0.3331
C:05a3:0.0000,0.0000,0.0000,0.0000,0.0000,0.0000,0.0000,0.0000
M:05a3:0.3772,0.3340,-0.2409,-0.6181,-0.2878,-0.1031,0.2700,0.4917
I:05a4:0.4822,-0.0427,0.0851,0.1186,-0.4451,0.3920,0.4655,0.0361
F:0.9998@390
A:0.9998@390
T:05a5:0.6296,-0.1987,0.0256,0.0829,-0.5315,-0.1564,0.2838,-0.3331
C:05a5:0.0000,0.0000,0.0000,0.0000,0.0000,0.0000,0.0000,0.0000
M:05a5:0.3770,0.3340,-0.2407,-0.6185,-0.2873,-0.1037,0.2702,0.4925
I:05a6:0.4822,-0.0427,0.0851,0.1186,-0.4451,0.3920,0.4655,0.0361
F:0.9998@390
A:0.9998@390
T:05a7:0.6296,-0.1987,0.0256,0.0829,-0.5315,-0.1564,0.2838,-0.3331
C:05a7:0.0000,0.0000,0.0000,0.0000,0.0000,0.0000,0.0000,0.0000
M:05a7:0.3768,0.3339,-0.2404,-0.6189,-0.2868,-0.1043,0.2704,0.4933
I:05a8:0.4822,-0.0427,0.0851,0.1186,-0.4451,0.3920,0.4655,0.0361
F:0.9998@390
A:0.9998@390
T:05a9:0.6296,-0.1987,0.0256,0.0829,-0.5315,-0.1564,0.2838,-0.3331
C:05a9:0.0000,0.0000,0.0000,0.0000,0.0000,0.0000,0.0000,0.0000
M:05a9:0.3765,0.3339,-0.2401,-0.6194,-0.2863,-0.1049,0.2706,0.4941
I:05a9:0.4822,-0.0427,0.0851,0.1186,-0.4451,0.3920,0.4655,0.0361
F:0.9998@390
A:0.9998@390
T:05ab:0.6296,-0.1987,0.0256,0.0829,-0.5315,-0.1564,0.2838,-0.3331
C:05ab:0.0000,0.0000,0.0000,0.0000,0.0000,0.0000,0.0000,0.0000
M:05ab:0.3763,0.3339,-0.2399,-0.6198,-0.2858,-0.1055,0.2709,0.4948
I:05ac:0.4822,-0.0427,0.0851,0.1186,-0.4451,0.3920,0.4655,0.0361
F:0.9998@390
A:0.9998@390
T:05ad:0.6296,-0.1987,0.0256,0.0829,-0.5315,-0.1564,0.2838,-0.3331
C:05ad:0.0000,0.0000,0.0000,0.0000,0.0000,0.0000,0.0000,0.0000
M:05ad:0.3761,0.3338,-0.2396,-0.6202,-0.2853,-0.1061,0.2711,0.4956
I:05ad:0.4822,-0.0427,0.0851,0.1186,-0.4451,0.3920,0.4655,0.0361
F:0.9997@390
A:0.9997@390
T:05ae:0.6296,-0.1987,0.0256,0.0829,-0.5315,-0.1564,0.2838,-0.3331
C:05af:0.0000,0.0000,0.0000,0.0000,0.0000,0.0000,0.0000,0.0000
M:05af:0.3760,0.3340,-0.2390,-0.6205,-0.2850,-0.1062,0.2711,0.4963
I:05af:0.4822,-0.0427,0.0851,0.1186,-0.4451,0.3920,0.4655,0.0361
F:0.9997@390
A:0.9997@390
T:05b0:0.6296,-0.1987,0.0256,0.0829,-0.5315,-0.1564,0.2838,-0.3331
C:05b0:0.0000,0.0000,0.0000,0.0000,0.0000,0.0000,0.0000,0.0000
M:05b0:0.3757,0.3340,-0.2388,-0.6209,-0.2848,-0.1068,0.2713,0.4968
I:05b1:0.4822,-0.0427,0.0851,0.1186,-0.4451,0.3920,0.4655,0.0361
F:0.9997@390
A:0.9997@390
T:05b2:0.6296,-0.1987,0.0256,0.0829,-0.5315,-0.1564,0.2838,-0.3331
C:05b2:0.0000,0.0000,0.0000,0.0000,0.0000,0.0000,0.0000,0.0000
M:05b2:0.3754,0.3339,-0.2386,-0.6213,-0.2844,-0.1076,0.2716,0.4975
I:05b2:0.4822,-0.0427,0.0851,0.1186,-0.4451,0.3920,0.4655,0.0361
F:0.9997@390
A:0.9997@390
T:05b4:0.6296,-0.1987,0.0256,0.0829,-0.5315,-0.1564,0.2838,-0.3331
C:05b4:0.0000,0.0000,0.0000,0.0000,0.0000,0.0000,0.0000,0.0000
M:05b4:0.3753,0.3338,-0.2385,-0.6217,-0.2839,-0.1083,0.2718,0.4982
I:05b5:0.4822,-0.0427,0.0851,0.1186,-0.4451,0.3920,0.4655,0.0361
F:0.9997@390
A:0.9997@390
T:05b6:0.6296,-0.1987,0.0256,0.0829,-0.5315,-0.1564,0.2838,-0.3331
C:05b6:0.0000,0.0000,0.0000,0.0000,0.0000,0.0000,0.0000,0.0000
M:05b6:0.3751,0.3338,-0.2383,-0.6221,-0.2833,-0.1089,0.2720,0.4990
I:05b7:0.4822,-0.0427,0.0851,0.1186,-0.4451,0.3920,0.4655,0.0361
F:0.9997@390
A:0.9997@390
T:05b8:0.6296,-0.1987,0.0256,0.0829,-0.5315,-0.1564,0.2838,-0.3331
C:05b8:0.0000,0.0000,0.0000,0.0000,0.0000,0.0000,0.0000,0.0000
M:05b8:0.3749,0.3337,-0.2381,-0.6225,-0.2827,-0.1095,0.2722,0.4997
I:05b9:0.4822,-0.0427,0.0851,0.1186,-0.4451,0.3920,0.4655,0.0361
F:0.9997@390
A:0.9997@390
T:05ba:0.6296,-0.1987,0.0256,0.0829,-0.5315,-0.1564,0.2838,-0.3331
C:05ba:0.0000,0.0000,0.0000,0.0000,0.0000,0.0000,0.0000,0.0000
M:05ba:0.3747,0.3336,-0.2378,-0.6229,-0.2821,-0.1101,0.2724,0.5005
I:05ba:0.4822,-0.0427,0.0851,0.1186,-0.4451,0.3920,0.4655,0.0361
F:0.9996@390
A:0.9996@390
T:05bb:0.6296,-0.1987,0.0256,0.0829,-0.5315,-0.1564,0.2838,-0.3331
C:05bb:0.0000,0.0000,0.0000,0.0000,0.0000,0.0000,0.0000,0.0000
M:05bb:0.3745,0.3337,-0.2373,-0.6232,-0.2817,-0.1101,0.2725,0.5012
I:05bb:0.4822,-0.0427,0.0851,0.1186,-0.4451,0.3920,0.4655,0.0361
F:0.9996@390
A:0.9996@390
T:05bd:0.6296,-0.1987,0.0256,0.0829,-0.5315,-0.1564,0.2838,-0.3331
C:05bd:0.0000,0.0000,0.0000,0.0000,0.0000,0.0000,0.0000,0.0000
M:05bd:0.3743,0.3339,-0.2367,-0.6234,-0.2817,-0.1102,0.2725,0.5016
I:05bd:0.4822,-0.0427,0.0851,0.1186,-0.4451,0.3920,0.4655,0.0361
F:0.9996@390
A:0.9996@390
T:05be:0.6296,-0.1987,0.0256,0.0829,-0.5315,-0.1564,0.2838,-0.3331
C:05be:0.0000,0.0000,0.0000,0.0000,0.0000,0.0000,0.0000,0.0000
M:05be:0.3739,0.3338,-0.2366,-0.6237,-0.2815,-0.1110,0.2727,0.5021
I:05be:0.4822,-0.0427,0.0851,0.1186,-0.4451,0.3920,0.4655,0.0361
F:0.9996@390
A:0.9996@390
T:05c0:0.6296,-0.1987,0.0256,0.0829,-0.5315,-0.1564,0.2838,-0.3331
C:05c0:0.0000,0.0000,0.0000,0.0000,0.0000,0.0000,0.0000,0.0000
M:05c0:0.3738,0.3336,-0.2366,-0.6241,-0.2811,-0.1118,0.2730,0.5026
I:05c1:0.4822,-0.0427,0.0851,0.1186,-0.4451,0.3920,0.4655,0.0361
F:0.9996@390
A:0.9996@390
T:05c2:0.6296,-0.1987,0.0256,0.0829,-0.5315,-0.1564,0.2838,-0.3331
C:05c2:0.0000,0.0000,0.0000,0.0000,0.0000,0.0000,0.0000,0.0000
M:05c2:0.3737,0.3335,-0.2365,-0.6245,-0.2804,-0.1126,0.2732,0.5034
I:05c2:0.4822,-0.0427,0.0851,0.1186,-0.4451,0.3920,0.4655,0.0361
F:0.9996@390
A:0.9996@390
T:05c4:0.6296,-0.1987,0.0256,0.0829,-0.5315,-0.1564,0.2838,-0.3331
C:05c4:0.0000,0.0000,0.0000,0.0000,0.0000,0.0000,0.0000,0.0000
M:05c4:0.3735,0.3335,-0.2364,-0.6249,-0.2797,-0.1132,0.2735,0.5041
I:05c4:0.4822,-0.0427,0.0851,0.1186,-0.4451,0.3920,0.4655,0.0361
F:0.9995@390
A:0.9995@390
T:05c6:0.6296,-0.1987,0.0256,0.0829,-0.5315,-0.1564,0.2838,-0.3331
C:05c6:0.0000,0.0000,0.0000,0.0000,0.0000,0.0000,0.0000,0.0000
M:05c6:0.3733,0.3334,-0.2362,-0.6253,-0.2790,-0.1137,0.2736,0.5049
I:05c6:0.4822,-0.0427,0.0851,0.1186,-0.4451,0.3920,0.4655,0.0361
F:0.9995@390
A:0.9995@390
T:05c7:0.6296,-0.1987,0.0256,0.0829,-0.5315,-0.1564,0.2838,-0.3331
C:05c7:0.0000,0.0000,0.0000,0.0000,0.0000,0.0000,0.0000,0.0000
M:05c7:0.3732,0.3335,-0.2356,-0.6256,-0.2786,-0.1137,0.2737,0.5056
I:05c7:0.4822,-0.0427,0.0851,0.1186,-0.4451,0.3920,0.4655,0.0361
F:0.9995@390
A:0.9995@390
T:05c9:0.6296,-0.1987,0.0256,0.0829,-0.5315,-0.1564,0.2838,-0.3331
C:05ca:0.0000,0.0000,0.0000,0.0000,0.0000,0.0000,0.0000,0.0000
M:05ca:0.3729,0.3335,-0.2350,-0.6258,-0.2785,-0.1138,0.2737,0.5060
I:05ca:0.4822,-0.0427,0.0851,0.1186,-0.4451,0.3920,0.4655,0.0361
F:0.9995@390
A:0.9995@390
T:05cb:0.6296,-0.1987,0.0256,0.0829,-0.5315,-0.1564,0.2838,-0.3331
C:05cb:0.0000,0.0000,0.0000,0.0000,0.0000,0.0000,0.0000,0.0000
M:05cb:0.3724,0.3333,-0.2352,-0.6262,-0.2780,-0.1150,0.2741,0.5066
I:05cb:0.4822,-0.0427,0.0851,0.1186,-0.4451,0.3920,0.4655,0.0361
F:0.9995@390
A:0.9995@390
T:05cd:0.6296,-0.1987,0.0256,0.0829,-0.5315,-0.1564,0.2838,-0.3331
C:05cd:0.0000,0.0000,0.0000,0.0000,0.0000,0.0000,0.0000,0.0000
M:05cd:0.3723,0.3331,-0.2352,-0.6266,-0.2773,-0.1158,0.2744,0.5073
I:05ce:0.4822,-0.0427,0.0851,0.1186,-0.4451,0.3920,0.4655,0.0361
F:0.9995@390
A:0.9995@390
T:05cf:0.6296,-0.1987,0.0256,0.0829,-0.5315,-0.1564,0.2838,-0.3331
C:05cf:0.0000,0.0000,0.0000,0.0000,0.0000,0.0000,0.0000,0.0000
M:05cf:0.3722,0.3330,-0.2350,-0.6270,-0.2765,-0.1164,0.2746,0.5081
I:05cf:0.4822,-0.0427,0.0851,0.1186,-0.4451,0.3920,0.4655,0.0361
F:0.9995@390
A:0.9995@390
T:05d1:0.6296,-0.1987,0.0256,0.0829,-0.5315,-0.1564,0.2838,-0.3331
C:05d1:0.0000,0.0000,0.0000,0.0000,0.0000,0.0000,0.0000,0.0000
M:05d1:0.3721,0.3331,-0.2344,-0.6273,-0.2761,-0.1164,0.2746,0.5088
I:05d1:0.4822,-0.0427,0.0851,0.1186,-0.4451,0.3920,0.4655,0.0361
F:0.9995@390
A:0.9995@390
T:05d2:0.6296,-0.1987,0.0256,0.0829,-0.5315,-0.1564,0.2838,-0.3331
C:05d2:0.0000,0.0000,0.0000,0.0000,0.0000,0.0000,0.0000,0.0000
M:05d2:0.3717,0.3330,-0.2341,-0.6276,-0.2757,-0.1169,0.2748,0.5094
I:05d3:0.4822,-0.0427,0.0851,0.1186,-0.4451,0.3920,0.4655,0.0361
F:0.9995@390
A:0.9995@390
T:05d4:0.6296,-0.1987,0.0256,0.0829,-0.5315,-0.1564,0.2838,-0.3331
C:05d4:0.0000,0.0000,0.0000,0.0000,0.0000,0.0000,0.0000,0.0000
M:05d4:0.3714,0.3328,-0.2339,-0.6280,-0.2752,-0.1176,0.2750,0.5100
I:05d4:0.4822,-0.0427,0.0851,0.1186,-0.4451,0.3920,0.4655,0.0361
F:0.9995@390
A:0.9995@390
T:05d6:0.6296,-0.1987,0.0256,0.0829,-0.5315,-0.1564,0.2838,-0.3331
C:05d6:0.0000,0.0000,0.0000,0.0000,0.0000,0.0000,0.0000,0.0000
M:05d7:0.3712,0.3327,-0.2337,-0.6284,-0.2746,-0.1183,0.2753,0.5107
I:05d8:0.4822,-0.0427,0.0851,0.1186,-0.4451,0.3920,0.4655,0.0361
F:0.9994@390
A:0.9994@390
T:05d9:0.6296,-0.1987,0.0256,0.0829,-0.5315,-0.1564,0.2838,-0.3331
C:05d9:0.0000,0.0000,0.0000,0.0000,0.0000,0.0000,0.0000,0.0000
M:05d9:0.3709,0.3324,-0.2338,-0.6288,-0.2737,-0.1194,0.2756,0.5115
I:05d9:0.4822,-0.0427,0.0851,0.1186,-0.4451,0.3920,0.4655,0.0361
F:0.9994@390
A:0.9994@390
T:05db:0.6296,-0.1987,0.0256,0.0829,-0.5315,-0.1564,0.2838,-0.3331
C:05db:0.0000,0.0000,0.0000,0.0000,0.0000,0.0000,0.0000,0.0000
M:05db:0.3707,0.3323,-0.2336,-0.6293,-0.2728,-0.1199,0.2759,0.5124
I:05db:0.4822,-0.0427,0.0851,0.1186,-0.4451,0.3920,0.4655,0.0361
F:0.9994@390
A:0.9994@390
T:05dd:0.6296,-0.1987,0.0256,0.0829,-0.5315,-0.1564,0.2838,-0.3331
C:05dd:0.0000,0.0000,0.0000,0.0000,0.0000,0.0000,0.0000,0.0000
M:05dd:0.3705,0.3322,-0.2332,-0.6297,-0.2720,-0.1203,0.2760,0.5132
I:05dd:0.4822,-0.0427,0.0851,0.1186,-0.4451,0.3920,0.4655,0.0361
F:0.9993@390
A:0.9993@390
T:05df:0.6296,-0.1987,0.0256,0.0829,-0.5315,-0.1564,0.2838,-0.3331
C:05df:0.0000,0.0000,0.0000,0.0000,0.0000,0.0000,0.0000,0.0000
M:05df:0.3702,0.3321,-0.2328,-0.6300,-0.2714,-0.1208,0.2762,0.5139
I:05df:0.4822,-0.0427,0.0851,0.1186,-0.4451,0.3920,0.4655,0.0361
F:0.9992@390
A:0.9992@390
T:05e1:0.6296,-0.1987,0.0256,0.0829,-0.5315,-0.1564,0.2838,-0.3331
C:05e1:0.0000,0.0000,0.0000,0.0000,0.0000,0.0000,0.0000,0.0000
M:05e1:0.3698,0.3320,-0.2323,-0.6304,-0.2708,-0.1213,0.2764,0.5146
I:05e2:0.4822,-0.0427,0.0851,0.1186,-0.4451,0.3920,0.4655,0.0361
F:0.9991@390
A:0.9991@390
T:05e3:0.6296,-0.1987,0.0256,0.0829,-0.5315,-0.1564,0.2838,-0.3331
C:05e3:0.0000,0.0000,0.0000,0.0000,0.0000,0.0000,0.0000,0.0000
M:05e3:0.3695,0.3319,-0.2320,-0.6307,-0.2703,-0.1218,0.2766,0.5153
I:05e3:0.4822,-0.0427,0.0851,0.1186,-0.4451,0.3920,0.4655,0.0361
F:0.9991@390
A:0.9991@390
T:05e5:0.6296,-0.1987,0.0256,0.0829,-0.5315,-0.1564,0.2838,-0.3331
C:05e5:0.0000,0.0000,0.0000,0.0000,0.0000,0.0000,0.0000,0.0000
M:05e5:0.3692,0.3318,-0.2317,-0.6311,-0.2698,-0.1225,0.2768,0.5160
I:05e6:0.4822,-0.0427,0.0851,0.1186,-0.4451,0.3920,0.4655,0.0361
F:0.9990@390
A:0.9990@390
T:05e7:0.6296,-0.1987,0.0256,0.0829,-0.5315,-0.1564,0.2838,-0.3331
C:05e8:0.0000,0.0000,0.0000,0.0000,0.0000,0.0000,0.0000,0.0000
M:05e8:0.3690,0.3317,-0.2314,-0.6314,-0.2692,-0.1231,0.2770,0.5167
I:05e8:0.4822,-0.0427,0.0851,0.1186,-0.4451,0.3920,0.4655,0.0361
F:0.9990@390
A:0.9990@390
T:05e9:0.6296,-0.1987,0.0256,0.0829,-0.5315,-0.1564,0.2838,-0.3331
C:05e9:0.0000,0.0000,0.0000,0.0000,0.0000,0.0000,0.0000,0.0000
M:05ea:0.3687,0.3316,-0.2311,-0.6318,-0.2686,-0.1237,0.2772,0.5173
I:05ea:0.4822,-0.0427,0.0851,0.1186,-0.4451,0.3920,0.4655,0.0361
F:0.9990@390
A:0.9990@390
T:05eb:0.6296,-0.1987,0.0256,0.0829,-0.5315,-0.1564,0.2838,-0.3331
C:05eb:0.0000,0.0000,0.0000,0.0000,0.0000,0.0000,0.0000,0.0000
M:05ec:0.3685,0.3315,-0.2308,-0.6322,-0.2680,-0.1242,0.2773,0.5180
I:05ec:0.4822,-0.0427,0.0851,0.1186,-0.4451,0.3920,0.4655,0.0361
F:0.9990@390
A:0.9990@390
T:05ed:0.6296,-0.1987,0.0256,0.0829,-0.5315,-0.1564,0.2838,-0.3331
C:05ed:0.0000,0.0000,0.0000,0.0000,0.0000,0.0000,0.0000,0.0000
M:05ed:0.3682,0.3314,-0.2305,-0.6325,-0.2674,-0.1248,0.2775,0.5187
I:05ee:0.4822,-0.0427,0.0851,0.1186,-0.4451,0.3920,0.4655,0.0361
F:0.9990@390
A:0.9990@390
T:05ef:0.6296,-0.1987,0.0256,0.0829,-0.5315,-0.1564,0.2838,-0.3331
C:05ef:0.0000,0.0000,0.0000,0.0000,0.0000,0.0000,0.0000,0.0000
M:05ef:0.3679,0.3313,-0.2302,-0.6329,-0.2668,-0.1254,0.2777,0.5194
I:05ef:0.4822,-0.0427,0.0851,0.1186,-0.4451,0.3920,0.4655,0.0361
F:0.9990@390
A:0.9990@390
T:05f1:0.6296,-0.1987,0.0256,0.0829,-0.5315,-0.1564,0.2838,-0.3331
C:05f1:0.0000,0.0000,0.0000,0.0000,0.0000,0.0000,0.0000,0.0000
M:05f1:0.3676,0.3311,-0.2299,-0.6333,-0.2662,-0.1260,0.2779,0.5201
I:05f2:0.4822,-0.0427,0.0851,0.1186,-0.4451,0.3920,0.4655,0.0361
F:0.9988@390
A:0.9988@390
T:05f4:0.6296,-0.1987,0.0256,0.0829,-0.5315,-0.1564,0.2838,-0.3331
C:05f4:0.0000,0.0000,0.0000,0.0000,0.0000,0.0000,0.0000,0.0000
M:05f4:0.3674,0.3310,-0.2296,-0.6336,-0.2656,-0.1265,0.2781,0.5207
I:05f4:0.4822,-0.0427,0.0851,0.1186,-0.4451,0.3920,0.4655,0.0361
F:0.9988@390
A:0.9988@390
T:05f7:0.6296,-0.1987,0.0256,0.0829,-0.5315,-0.1564,0.2838,-0.3331
C:05f7:0.0000,0.0000,0.0000,0.0000,0.0000,0.0000,0.0000,0.0000
M:05f7:0.3670,0.3307,-0.2296,-0.6340,-0.2647,-0.1276,0.2784,0.5215
I:05f7:0.4822,-0.0427,0.0851,0.1186,-0.4451,0.3920,0.4655,0.0361
F:0.9988@390
A:0.9988@390
T:05f9:0.6296,-0.1987,0.0256,0.0829,-0.5315,-0.1564,0.2838,-0.3331
C:05f9:0.0000,0.0000,0.0000,0.0000,0.0000,0.0000,0.0000,0.0000
M:05f9:0.3667,0.3304,-0.2296,-0.6345,-0.2635,-0.1286,0.2788,0.5224
I:05fa:0.4822,-0.0427,0.0851,0.1186,-0.4451,0.3920,0.4655,0.0361
F:0.9988@390
A:0.9988@390
T:05fb:0.6296,-0.1987,0.0256,0.0829,-0.5315,-0.1564,0.2838,-0.3331
C:05fb:0.0000,0.0000,0.0000,0.0000,0.0000,0.0000,0.0000,0.0000
M:05fb:0.3665,0.3303,-0.2291,-0.6350,-0.2625,-0.1290,0.2790,0.5234
I:05fc:0.4822,-0.0427,0.0851,0.1186,-0.4451,0.3920,0.4655,0.0361
F:0.9988@390
A:0.9988@390
T:05fd:0.6296,-0.1987,0.0256,0.0829,-0.5315,-0.1564,0.2838,-0.3331
C:05fd:0.0000,0.0000,0.0000,0.0000,0.0000,0.0000,0.0000,0.0000
M:05fd:0.3661,0.3302,-0.2285,-0.6353,-0.2617,-0.1293,0.2791,0.5242
I:05fd:0.4822,-0.0427,0.0851,0.1186,-0.4451,0.3920,0.4655,0.0361
F:0.9988@390
A:0.9988@390
T:05ff:0.6296,-0.1987,0.0256,0.0829,-0.5315,-0.1564,0.2838,-0.3331
C:05ff:0.0000,0.0000,0.0000,0.0000,0.0000,0.0000,0.0000,0.0000
M:05ff:0.3657,0.3301,-0.2280,-0.6357,-0.2611,-0.1297,0.2793,0.5248
I:0600:0.4822,-0.0427,0.0851,0.1186,-0.4451,0.3920,0.4655,0.0361
F:0.9988@390
A:0.9988@390
T:0601:0.6296,-0.1987,0.0256,0.0829,-0.5315,-0.1564,0.2838,-0.3331
C:0601:0.0000,0.0000,0.0000,0.0000,0.0000,0.0000,0.0000,0.0000
M:0602:0.3653,0.3299,-0.2275,-0.6360,-0.2606,-0.1302,0.2794,0.5255
I:0602:0.4822,-0.0427,0.0851,0.1186,-0.4451,0.3920,0.4655,0.0361
F:0.9987@390
A:0.9987@390
T:0604:0.6296,-0.1987,0.0256,0.0829,-0.5315,-0.1564,0.2838,-0.3331
C:0604:0.0000,0.0000,0.0000,0.0000,0.0000,0.0000,0.0000,0.0000
M:0605:0.3649,0.3296,-0.2274,-0.6364,-0.2599,-0.1313,0.2798,0.5262
I:0606:0.4822,-0.0427,0.0851,0.1186,-0.4451,0.3920,0.4655,0.0361
F:0.9985@390
A:0.9985@390
T:0607:0.6296,-0.1987,0.0256,0.0829,-0.5315,-0.1564,0.2838,-0.3331
C:0607:0.0000,0.0000,0.0000,0.0000,0.0000,0.0000,0.0000,0.0000
M:0607:0.3646,0.3293,-0.2273,-0.6369,-0.2588,-0.1324,0.2802,0.5270
I:0608:0.4822,-0.0427,0.0851,0.1186,-0.4451,0.3920,0.4655,0.0361
F:0.9985@390
A:0.9985@390
T:0609:0.6296,-0.1987,0.0256,0.0829,-0.5315,-0.1564,0.2838,-0.3331
C:0609:0.0000,0.0000,0.0000,0.0000,0.0000,0.0000,0.0000,0.0000
M:0609:0.3644,0.3292,-0.2268,-0.6373,-0.2579,-0.1329,0.2803,0.5279
I:0609:0.4822,-0.0427,0.0851,0.1186,-0.4451,0.3920,0.4655,0.0361
F:0.9985@390
A:0.9985@390
T:060b:0.6296,-0.1987,0.0256,0.0829,-0.5315,-0.1564,0.2838,-0.3331
C:060b:0.0000,0.0000,0.0000,0.0000,0.0000,0.0000,0.0000,0.0000
M:060b:0.3641,0.3291,-0.2263,-0.6377,-0.2571,-0.1332,0.2804,0.5287
I:060c:0.4822,-0.0427,0.0851,0.1186,-0.4451,0.3920,0.4655,0.0361
F:0.9985@390
A:0.9985@390
T:060d:0.6296,-0.1987,0.0256,0.0829,-0.5315,-0.1564,0.2838,-0.3331
C:060d:0.0000,0.0000,0.0000,0.0000,0.0000,0.0000,0.0000,0.0000
M:060d:0.3636,0.3290,-0.2257,-0.6380,-0.2565,-0.1336,0.2805,0.5294
I:060e:0.4822,-0.0427,0.0851,0.1186,-0.4451,0.3920,0.4655,0.0361
F:0.9985@390
A:0.9985@390
T:060f:0.6296,-0.1987,0.0256,0.0829,-0.5315,-0.1564,0.2838,-0.3331
C:060f:0.0000,0.0000,0.0000,0.0000,0.0000,0.0000,0.0000,0.0000
M:060f:0.3632,0.3289,-0.2252,-0.6383,-0.2560,-0.1341,0.2807,0.5300
I:060f:0.4822,-0.0427,0.0851,0.1186,-0.4451,0.3920,0.4655,0.0361
F:0.9985@390
A:0.9985@390
T:0611:0.6296,-0.1987,0.0256,0.0829,-0.5315,-0.1564,0.2838,-0.3331
C:0611:0.0000,0.0000,0.0000,0.0000,0.0000,0.0000,0.0000,0.0000
M:0611:0.3629,0.3287,-0.2248,-0.6387,-0.2555,-0.1347,0.2809,0.5306
I:0611:0.4822,-0.0427,0.0851,0.1186,-0.4451,0.3920,0.4655,0.0361
F:0.9983@390
A:0.9983@390
T:0612:0.6296,-0.1987,0.0256,0.0829,-0.5315,-0.1564,0.2838,-0.3331
C:0612:0.0000,0.0000,0.0000,0.0000,0.0000,0.0000,0.0000,0.0000
M:0612:0.3627,0.3288,-0.2241,-0.6389,-0.2552,-0.1349,0.2809,0.5311
I:0612:0.4822,-0.0427,0.0851,0.1186,-0.4451,0.3920,0.4655,0.0361
F:0.9983@390
A:0.9983@390
T:0614:0.6296,-0.1987,0.0256,0.0829,-0.5315,-0.1564,0.2838,-0.3331
C:0614:0.0000,0.0000,0.0000,0.0000,0.0000,0.0000,0.0000,0.0000
M:0614:0.3624,0.3289,-0.2235,-0.6391,-0.2552,-0.1350,0.2809,0.5315
I:0615:0.4822,-0.0427,0.0851,0.1186,-0.4451,0.3920,0.4655,0.0361
F:0.9983@390
A:0.9983@390
T:0616:0.6296,-0.1987,0.0256,0.0829,-0.5315,-0.1564,0.2838,-0.3331
C:0616:0.0000,0.0000,0.0000,0.0000,0.0000,0.0000,0.0000,0.0000
M:0616:0.3619,0.3286,-0.2237,-0.6394,-0.2547,-0.1363,0.2812,0.5319
I:0617:0.4822,-0.0427,0.0851,0.1186,-0.4451,0.3920,0.4655,0.0361
F:0.9983@390
A:0.9983@390
T:0618:0.6296,-0.1987,0.0256,0.0829,-0.5315,-0.1564,0.2838,-0.3331
C:0618:0.0000,0.0000,0.0000,0.0000,0.0000,0.0000,0.0000,0.0000
M:0618:0.3618,0.3284,-0.2236,-0.6398,-0.2539,-0.1371,0.2815,0.5326
I:0619:0.4822,-0.0427,0.0851,0.1186,-0.4451,0.3920,0.4655,0.0361
F:0.9983@390
A:0.9983@390
T:061a:0.6296,-0.1987,0.0256,0.0829,-0.5315,-0.1564,0.2838,-0.3331
C:061a:0.0000,0.0000,0.0000,0.0000,0.0000,0.0000,0.0000,0.0000
M:061a:0.3617,0.3282,-0.2234,-0.6402,-0.2531,-0.1376,0.2817,0.5333
I:061b:0.4822,-0.0427,0.0851,0.1186,-0.4451,0.3920,0.4655,0.0361
F:0.9982@390
A:0.9982@390
T:061c:0.6296,-0.1987,0.0256,0.0829,-0.5315,-0.1564,0.2838,-0.3331
C:061c:0.0000,0.0000,0.0000,0.0000,0.0000,0.0000,0.0000,0.0000
M:061c:0.3614,0.3281,-0.2232,-0.6405,-0.2522,-0.1381,0.2818,0.5340
I:061d:0.4822,-0.0427,0.0851,0.1186,-0.4451,0.3920,0.4655,0.0361
F:0.9982@390
A:0.9982@390
T:061e:0.6296,-0.1987,0.0256,0.0829,-0.5315,-0.1564,0.2838,-0.3331
C:061e:0.0000,0.0000,0.0000,0.0000,0.0000,0.0000,0.0000,0.0000
M:061e:0.3610,0.3279,-0.2228,-0.6408,-0.2514,-0.1386,0.2820,0.5346
I:061f:0.4822,-0.0427,0.0851,0.1186,-0.4451,0.3920,0.4655,0.0361
F:0.9982@390
A:0.9982@390
T:0620:0.6296,-0.1987,0.0256,0.0829,-0.5315,-0.1564,0.2838,-0.3331
C:0620:0.0000,0.0000,0.0000,0.0000,0.0000,0.0000,0.0000,0.0000
M:0620:0.3607,0.3278,-0.2225,-0.6412,-0.2506,-0.1390,0.2822,0.5353
I:0620:0.4822,-0.0427,0.0851,0.1186,-0.4451,0.3920,0.4655,0.0361
F:0.9982@390
A:0.9982@390
T:0622:0.6296,-0.1987,0.0256,0.0829,-0.5315,-0.1564,0.2838,-0.3331
C:0622:0.0000,0.0000,0.0000,0.0000,0.0000,0.0000,0.0000,0.0000
M:0622:0.3604,0.3277,-0.2218,-0.6414,-0.2502,-0.1391,0.2822,0.5358
I:0622:0.4822,-0.0427,0.0851,0.1186,-0.4451,0.3920,0.4655,0.0361
F:0.9982@390
A:0.9982@390
T:0623:0.6296,-0.1987,0.0256,0.0829,-0.5315,-0.1564,0.2838,-0.3331
C:0623:0.0000,0.0000,0.0000,0.0000,0.0000,0.0000,0.0000,0.0000
M:0623:0.3600,0.3276,-0.2214,-0.6416,-0.2498,-0.1396,0.2823,0.5362
I:0623:0.4822,-0.0427,0.0851,0.1186,-0.4451,0.3920,0.4655,0.0361
F:0.9979@390
A:0.9979@390
T:0625:0.6296,-0.1987,0.0256,0.0829,-0.5315,-0.1564,0.2838,-0.3331
C:0625:0.0000,0.0000,0.0000,0.0000,0.0000,0.0000,0.0000,0.0000
M:0625:0.3598,0.3275,-0.2209,-0.6418,-0.2495,-0.1399,0.2824,0.5367
I:0625:0.4822,-0.0427,0.0851,0.1186,-0.4451,0.3920,0.4655,0.0361
F:0.9979@390
A:0.9979@390
T:0628:0.6296,-0.1987,0.0256,0.0829,-0.5315,-0.1564,0.2838,-0.3331
C:0628:0.0000,0.0000,0.0000,0.0000,0.0000,0.0000,0.0000,0.0000
M:0628:0.3593,0.3272,-0.2210,-0.6422,-0.2488,-0.1410,0.2827,0.5372
I:0628:0.4822,-0.0427,0.0851,0.1186,-0.4451,0.3920,0.4655,0.0361
F:0.9977@390
A:0.9977@390
T:0629:0.6296,-0.1987,0.0256,0.0829,-0.5315,-0.1564,0.2838,-0.3331
C:0629:0.0000,0.0000,0.0000,0.0000,0.0000,0.0000,0.0000,0.0000
M:0629:0.3592,0.3270,-0.2209,-0.6425,-0.2479,-0.1418,0.2830,0.5378
I:0629:0.4822,-0.0427,0.0851,0.1186,-0.4451,0.3920,0.4655,0.0361
F:0.9977@390
A:0.9977@390
T:062b:0.6296,-0.1987,0.0256,0.0829,-0.5315,-0.1564,0.2838,-0.3331
C:062b:0.0000,0.0000,0.0000,0.0000,0.0000,0.0000,0.0000,0.0000
M:062b:0.3590,0.3268,-0.2207,-0.6429,-0.2470,-0.1423,0.2832,0.5385
I:062c:0.4822,-0.0427,0.0851,0.1186,-0.4451,0.3920,0.4655,0.0361
F:0.9977@390
A:0.9977@390
T:062d:0.6296,-0.1987,0.0256,0.0829,-0.5315,-0.1564,0.2838,-0.3331
C:062d:0.0000,0.0000,0.0000,0.0000,0.0000,0.0000,0.0000,0.0000
M:062d:0.3586,0.3266,-0.2203,-0.6432,-0.2461,-0.1427,0.2833,0.5392
I:062d:0.4822,-0.0427,0.0851,0.1186,-0.4451,0.3920,0.4655,0.0361
F:0.9977@390
A:0.9977@390
T:0631:0.6296,-0.1987,0.0256,0.0829,-0.5315,-0.1564,0.2838,-0.3331
C:0631:0.0000,0.0000,0.0000,0.0000,0.0000,0.0000,0.0000,0.0000
M:0631:0.3583,0.3264,-0.2199,-0.6435,-0.2453,-0.1431,0.2835,0.5398
I:0632:0.4822,-0.0427,0.0851,0.1186,-0.4451,0.3920,0.4655,0.0361
F:0.9976@390
A:0.9976@390
T:0634:0.6296,-0.1987,0.0256,0.0829,-0.5315,-0.1564,0.2838,-0.3331
C:0634:0.0000,0.0000,0.0000,0.0000,0.0000,0.0000,0.0000,0.0000
M:0635:0.3575,0.3257,-0.2205,-0.6440,-0.2437,-0.1450,0.2841,0.5407
I:0635:0.4822,-0.0427,0.0851,0.1186,-0.4451,0.3920,0.4655,0.0361
F:0.9975@390
A:0.9975@390
T:0636:0.6296,-0.1987,0.0256,0.0829,-0.5315,-0.1564,0.2838,-0.3331
C:0636:0.0000,0.0000,0.0000,0.0000,0.0000,0.0000,0.0000,0.0000
M:0636:0.3574,0.3253,-0.2200,-0.6445,-0.2421,-0.1455,0.2844,0.5417
I:0637:0.4822,-0.0427,0.0851,0.1186,-0.4451,0.3920,0.4655,0.0361
F:0.9975@390
A:0.9975@390
T:0638:0.6296,-0.1987,0.0256,0.0829,-0.5315,-0.1564,0.2838,-0.3331
C:0638:0.0000,0.0000,0.0000,0.0000,0.0000,0.0000,0.0000,0.0000
M:0638:0.3571,0.3251,-0.2193,-0.6448,-0.2410,-0.1456,0.2844,0.5426
I:0639:0.4822,-0.0427,0.0851,0.1186,-0.4451,0.3920,0.4655,0.0361
F:0.9974@390
A:0.9974@390
T:063a:0.6296,-0.1987,0.0256,0.0829,-0.5315,-0.1564,0.2838,-0.3331
C:063a:0.0000,0.0000,0.0000,0.0000,0.0000,0.0000,0.0000,0.0000
M:063a:0.3565,0.3250,-0.2184,-0.6451,-0.2402,-0.1458,0.2845,0.5433
I:063a:0.4822,-0.0427,0.0851,0.1186,-0.4451,0.3920,0.4655,0.0361
F:0.9974@390
A:0.9974@390
T:063c:0.6296,-0.1987,0.0256,0.0829,-0.5315,-0.1564,0.2838,-0.3331
C:063c:0.0000,0.0000,0.0000,0.0000,0.0000,0.0000,0.0000,0.0000
M:063c:0.3559,0.3247,-0.2177,-0.6454,-0.2397,-0.1462,0.2846,0.5438
I:063c:0.4822,-0.0427,0.0851,0.1186,-0.4451,0.3920,0.4655,0.0361
F:0.9972@390
A:0.9972@390
T:063e:0.6296,-0.1987,0.0256,0.0829,-0.5315,-0.1564,0.2838,-0.3331
C:063e:0.0000,0.0000,0.0000,0.0000,0.0000,0.0000,0.0000,0.0000
M:063e:0.3554,0.3245,-0.2171,-0.6456,-0.2392,-0.1467,0.2848,0.5444
I:063f:0.4822,-0.0427,0.0851,0.1186,-0.4451,0.3920,0.4655,0.0361
F:0.9972@390
A:0.9972@390
T:0641:0.6296,-0.1987,0.0256,0.0829,-0.5315,-0.1564,0.2838,-0.3331
C:0641:0.0000,0.0000,0.0000,0.0000,0.0000,0.0000,0.0000,0.0000
M:0641:0.3550,0.3243,-0.2166,-0.6459,-0.2387,-0.1474,0.2849,0.5449
I:0641:0.4822,-0.0427,0.0851,0.1186,-0.4451,0.3920,0.4655,0.0361
F:0.9972@390
A:0.9972@390
T:0643:0.6296,-0.1987,0.0256,0.0829,-0.5315,-0.1564,0.2838,-0.3331
C:0643:0.0000,0.0000,0.0000,0.0000,0.0000,0.0000,0.0000,0.0000
M:0643:0.3547,0.3242,-0.2162,-0.6462,-0.2382,-0.1480,0.2851,0.5454
I:0643:0.4822,-0.0427,0.0851,0.1186,-0.4451,0.3920,0.4655,0.0361
F:0.9972@390
A:0.9972@390
T:0645:0.6296,-0.1987,0.0256,0.0829,-0.5315,-0.1564,0.2838,-0.3331
C:0645:0.0000,0.0000,0.0000,0.0000,0.0000,0.0000,0.0000,0.0000
M:0645:0.3543,0.3239,-0.2162,-0.6466,-0.2373,-0.1491,0.2854,0.5461
I:0645:0.4822,-0.0427,0.0851,0.1186,-0.4451,0.3920,0.4655,0.0361
F:0.9972@390
A:0.9972@390
T:0647:0.6296,-0.1987,0.0256,0.0829,-0.5315,-0.1564,0.2838,-0.3331
C:0647:0.0000,0.0000,0.0000,0.0000,0.0000,0.0000,0.0000,0.0000
M:0647:0.3541,0.3237,-0.2159,-0.6470,-0.2363,-0.1497,0.2856,0.5468
I:0647:0.4822,-0.0427,0.0851,0.1186,-0.4451,0.3920,0.4655,0.0361
F:0.9972@390
A:0.9972@390
T:0649:0.6296,-0.1987,0.0256,0.0829,-0.5315,-0.1564,0.2838,-0.3331
C:0649:0.0000,0.0000,0.0000,0.0000,0.0000,0.0000,0.0000,0.0000
M:0649:0.3538,0.3235,-0.2154,-0.6473,-0.2354,-0.1501,0.2857,0.5475
I:064a:0.4822,-0.0427,0.0851,0.1186,-0.4451,0.3920,0.4655,0.0361
F:0.9970@390
A:0.9970@390
T:064b:0.6296,-0.1987,0.0256,0.0829,-0.5315,-0.1564,0.2838,-0.3331
C:064b:0.0000,0.0000,0.0000,0.0000,0.0000,0.0000,0.0000,0.0000
M:064b:0.3534,0.3234,-0.2149,-0.6476,-0.2346,-0.1505,0.2858,0.5481
I:064c:0.4822,-0.0427,0.0851,0.1186,-0.4451,0.3920,0.4655,0.0361
F:0.9970@390
A:0.9970@390
T:064d:0.6296,-0.1987,0.0256,0.0829,-0.5315,-0.1564,0.2838,-0.3331
C:064d:0.0000,0.0000,0.0000,0.0000,0.0000,0.0000,0.0000,0.0000
M:064d:0.3529,0.3232,-0.2144,-0.6479,-0.2339,-0.1509,0.2859,0.5486
I:064e:0.4822,-0.0427,0.0851,0.1186,-0.4451,0.3920,0.4655,0.0361
F:0.9970@390
A:0.9970@390
T:064f:0.6296,-0.1987,0.0256,0.0829,-0.5315,-0.1564,0.2838,-0.3331
C:064f:0.0000,0.0000,0.0000,0.0000,0.0000,0.0000,0.0000,0.0000
M:064f:0.3525,0.3229,-0.2139,-0.6481,-0.2332,-0.1515,0.2861,0.5492
I:064f:0.4822,-0.0427,0.0851,0.1186,-0.4451,0.3920,0.4655,0.0361
F:0.9970@390
A:0.9970@390
T:0651:0.6296,-0.1987,0.0256,0.0829,-0.5315,-0.1564,0.2838,-0.3331
C:0651:0.0000,0.0000,0.0000,0.0000,0.0000,0.0000,0.0000,0.0000
M:0651:0.3521,0.3227,-0.2135,-0.6484,-0.2325,-0.1520,0.2863,0.5497
I:0652:0.4822,-0.0427,0.0851,0.1186,-0.4451,0.3920,0.4655,0.0361
F:0.9970@390
A:0.9970@390
T:0653:0.6296,-0.1987,0.0256,0.0829,-0.5315,-0.1564,0.2838,-0.3331
C:0653:0.0000,0.0000,0.0000,0.0000,0.0000,0.0000,0.0000,0.0000
M:0653:0.3518,0.3225,-0.2131,-0.6487,-0.2318,-0.1526,0.2864,0.5503
I:0654:0.4822,-0.0427,0.0851,0.1186,-0.4451,0.3920,0.4655,0.0361
F:0.9968@390
A:0.9968@390
T:0655:0.6296,-0.1987,0.0256,0.0829,-0.5315,-0.1564,0.2838,-0.3331
C:0655:0.0000,0.0000,0.0000,0.0000,0.0000,0.0000,0.0000,0.0000
M:0655:0.3514,0.3223,-0.2127,-0.6490,-0.2311,-0.1531,0.2866,0.5508
I:0656:0.4822,-0.0427,0.0851,0.1186,-0.4451,0.3920,0.4655,0.0361
F:0.9968@390
A:0.9968@390
T:0657:0.6296,-0.1987,0.0256,0.0829,-0.5315,-0.1564,0.2838,-0.3331
C:0657:0.0000,0.0000,0.0000,0.0000,0.0000,0.0000,0.0000,0.0000
M:0657:0.3511,0.3221,-0.2124,-0.6493,-0.2303,-0.1537,0.2867,0.5514
I:0658:0.4822,-0.0427,0.0851,0.1186,-0.4451,0.3920,0.4655,0.0361
F:0.9968@390
A:0.9968@390
T:0659:0.6296,-0.1987,0.0256,0.0829,-0.5315,-0.1564,0.2838,-0.3331
C:0659:0.0000,0.0000,0.0000,0.0000,0.0000,0.0000,0.0000,0.0000
M:0659:0.3507,0.3219,-0.2120,-0.6496,-0.2296,-0.1542,0.2869,0.5520
I:065a:0.4822,-0.0427,0.0851,0.1186,-0.4451,0.3920,0.4655,0.0361
F:0.9965@390
A:0.9965@390
T:065b:0.6296,-0.1987,0.0256,0.0829,-0.5315,-0.1564,0.2838,-0.3331
C:065b:0.0000,0.0000,0.0000,0.0000,0.0000,0.0000,0.0000,0.0000
M:065b:0.3503,0.3217,-0.2116,-0.6498,-0.2288,-0.1547,0.2870,0.5525
I:065c:0.4822,-0.0427,0.0851,0.1186,-0.4451,0.3920,0.4655,0.0361
F:0.9965@390
A:0.9965@390
T:065d:0.6296,-0.1987,0.0256,0.0829,-0.5315,-0.1564,0.2838,-0.3331
C:065d:0.0000,0.0000,0.0000,0.0000,0.0000,0.0000,0.0000,0.0000
M:065d:0.3499,0.3215,-0.2112,-0.6501,-0.2280,-0.1552,0.2872,0.5531
I:065e:0.4822,-0.0427,0.0851,0.1186,-0.4451,0.3920,0.4655,0.0361
F:0.9963@390
A:0.9963@390
T:0660:0.6296,-0.1987,0.0256,0.0829,-0.5315,-0.1564,0.2838,-0.3331
C:0660:0.0000,0.0000,0.0000,0.0000,0.0000,0.0000,0.0000,0.0000
M:0660:0.3496,0.3212,-0.2108,-0.6504,-0.2272,-0.1557,0.2873,0.5536
I:0660:0.4822,-0.0427,0.0851,0.1186,-0.4451,0.3920,0.4655,0.0361
F:0.9963@390
A:0.9963@390
T:0662:0.6296,-0.1987,0.0256,0.0829,-0.5315,-0.1564,0.2838,-0.3331
C:0662:0.0000,0.0000,0.0000,0.0000,0.0000,0.0000,0.0000,0.0000
M:0662:0.3492,0.3210,-0.2104,-0.6507,-0.2264,-0.1563,0.2875,0.5542
I:0662:0.4822,-0.0427,0.0851,0.1186,-0.4451,0.3920,0.4655,0.0361
F:0.9963@390
A:0.9963@390
T:0663:0.6296,-0.1987,0.0256,0.0829,-0.5315,-0.1564,0.2838,-0.3331
C:0663:0.0000,0.0000,0.0000,0.0000,0.0000,0.0000,0.0000,0.0000
M:0663:0.3488,0.3207,-0.2100,-0.6509,-0.2256,-0.1568,0.2876,0.5547
I:0663:0.4822,-0.0427,0.0851,0.1186,-0.4451,0.3920,0.4655,0.0361
F:0.9963@390
A:0.9963@390
T:0665:0.6296,-0.1987,0.0256,0.0829,-0.5315,-0.1564,0.2838,-0.3331
C:0665:0.0000,0.0000,0.0000,0.0000,0.0000,0.0000,0.0000,0.0000
M:0665:0.3484,0.3205,-0.2096,-0.6512,-0.2248,-0.1573,0.2878,0.5553
I:0666:0.4822,-0.0427,0.0851,0.1186,-0.4451,0.3920,0.4655,0.0361
F:0.9961@390
A:0.9961@390
T:0667:0.6296,-0.1987,0.0256,0.0829,-0.5315,-0.1564,0.2838,-0.3331
C:0667:0.0000,0.0000,0.0000,0.0000,0.0000,0.0000,0.0000,0.0000
M:0667:0.3480,0.3203,-0.2092,-0.6515,-0.2240,-0.1578,0.2879,0.5558
I:0667:0.4822,-0.0427,0.0851,0.1186,-0.4451,0.3920,0.4655,0.0361
F:0.9961@390
A:0.9961@390
T:0669:0.6296,-0.1987,0.0256,0.0829,-0.5315,-0.1564,0.2838,-0.3331
C:0669:0.0000,0.0000,0.0000,0.0000,0.0000,0.0000,0.0000,0.0000
M:0669:0.3476,0.3200,-0.2088,-0.6517,-0.2232,-0.1583,0.2881,0.5563
I:066a:0.4822,-0.0427,0.0851,0.1186,-0.4451,0.3920,0.4655,0.0361
F:0.9961@390
A:0.9961@390
T:066b:0.6296,-0.1987,0.0256,0.0829,-0.5315,-0.1564,0.2838,-0.3331
C:066b:0.0000,0.0000,0.0000,0.0000,0.0000,0.0000,0.0000,0.0000
M:066b:0.3472,0.3198,-0.2084,-0.6520,-0.2224,-0.1588,0.2882,0.5569
I:066c:0.4822,-0.0427,0.0851,0.1186,-0.4451,0.3920,0.4655,0.0361
F:0.9961@390
A:0.9961@390
T:066e:0.6296,-0.1987,0.0256,0.0829,-0.5315,-0.1564,0.2838,-0.3331
C:066e:0.0000,0.0000,0.0000,0.0000,0.0000,0.0000,0.0000,0.0000
M:066e:0.3467,0.3194,-0.2083,-0.6523,-0.2213,-0.1598,0.2885,0.5575
I:066e:0.4822,-0.0427,0.0851,0.1186,-0.4451,0.3920,0.4655,0.0361
F:0.9961@390
A:0.9961@390
T:0670:0.6296,-0.1987,0.0256,0.0829,-0.5315,-0.1564,0.2838,-0.3331
C:0671:0.0000,0.0000,0.0000,0.0000,0.0000,0.0000,0.0000,0.0000
M:0671:0.3464,0.3191,-0.2079,-0.6527,-0.2202,-0.1603,0.2887,0.5582
I:0671:0.4822,-0.0427,0.0851,0.1186,-0.4451,0.3920,0.4655,0.0361
F:0.9958@390
A:0.9958@390
T:0672:0.6296,-0.1987,0.0256,0.0829,-0.5315,-0.1564,0.2838,-0.3331
C:0672:0.0000,0.0000,0.0000,0.0000,0.0000,0.0000,0.0000,0.0000
M:0672:0.3460,0.3188,-0.2073,-0.6529,-0.2192,-0.1606,0.2888,0.5588
I:0672:0.4822,-0.0427,0.0851,0.1186,-0.4451,0.3920,0.4655,0.0361
F:0.9955@390
A:0.9955@390
T:0673:0.6296,-0.1987,0.0256,0.0829,-0.5315,-0.1564,0.2838,-0.3331
C:0673:0.0000,0.0000,0.0000,0.0000,0.0000,0.0000,0.0000,0.0000
M:0674:0.3456,0.3187,-0.2064,-0.6531,-0.2187,-0.1606,0.2888,0.5593
I:0674:0.4822,-0.0427,0.0851,0.1186,-0.4451,0.3920,0.4655,0.0361
F:0.9955@390
A:0.9955@390
T:0676:0.6296,-0.1987,0.0256,0.0829,-0.5315,-0.1564,0.2838,-0.3331
C:0676:0.0000,0.0000,0.0000,0.0000,0.0000,0.0000,0.0000,0.0000
M:0676:0.3449,0.3183,-0.2062,-0.6534,-0.2179,-0.1615,0.2890,0.5597
I:0677:0.4822,-0.0427,0.0851,0.1186,-0.4451,0.3920,0.4655,0.0361
F:0.9955@390
A:0.9955@390
T:0678:0.6296,-0.1987,0.0256,0.0829,-0.5315,-0.1564,0.2838,-0.3331
C:0678:0.0000,0.0000,0.0000,0.0000,0.0000,0.0000,0.0000,0.0000
M:0678:0.3446,0.3180,-0.2058,-0.6537,-0.2171,-0.1621,0.2892,0.5603
I:0678:0.4822,-0.0427,0.0851,0.1186,-0.4451,0.3920,0.4655,0.0361
F:0.9953@390
A:0.9953@390
T:067a:0.6296,-0.1987,0.0256,0.0829,-0.5315,-0.1564,0.2838,-0.3331
C:067a:0.0000,0.0000,0.0000,0.0000,0.0000,0.0000,0.0000,0.0000
M:067a:0.3442,0.3178,-0.2053,-0.6539,-0.2162,-0.1626,0.2894,0.5608
I:067a:0.4822,-0.0427,0.0851,0.1186,-0.4451,0.3920,0.4655,0.0361
F:0.9953@390
A:0.9953@390
T:067c:0.6296,-0.1987,0.0256,0.0829,-0.5315,-0.1564,0.2838,-0.3331
C:067c:0.0000,0.0000,0.0000,0.0000,0.0000,0.0000,0.0000,0.0000
M:067c:0.3438,0.3175,-0.2048,-0.6542,-0.2154,-0.1631,0.2895,0.5614
I:067d:0.4822,-0.0427,0.0851,0.1186,-0.4451,0.3920,0.4655,0.0361
F:0.9953@390
A:0.9953@390
T:067f:0.6296,-0.1987,0.0256,0.0829,-0.5315,-0.1564,0.2838,-0.3331
C:0680:0.0000,0.0000,0.0000,0.0000,0.0000,0.0000,0.0000,0.0000
M:0680:0.3433,0.3171,-0.2047,-0.6545,-0.2143,-0.1641,0.2898,0.5620
I:0680:0.4822,-0.0427,0.0851,0.1186,-0.4451,0.3920,0.4655,0.0361
F:0.9953@390
A:0.9953@390
T:0681:0.6296,-0.1987,0.0256,0.0829,-0.5315,-0.1564,0.2838,-0.3331
C:0681:0.0000,0.0000,0.0000,0.0000,0.0000,0.0000,0.0000,0.0000
M:0681:0.3429,0.3168,-0.2042,-0.6548,-0.2132,-0.1645,0.2899,0.5626
I:0681:0.4822,-0.0427,0.0851,0.1186,-0.4451,0.3920,0.4655,0.0361
F:0.9953@390
A:0.9953@390
T:0683:0.6296,-0.1987,0.0256,0.0829,-0.5315,-0.1564,0.2838,-0.3331
C:0683:0.0000,0.0000,0.0000,0.0000,0.0000,0.0000,0.0000,0.0000
M:0683:0.3425,0.3166,-0.2036,-0.6551,-0.2122,-0.1649,0.2900,0.5632
I:0684:0.4822,-0.0427,0.0851,0.1186,-0.4451,0.3920,0.4655,0.0361
F:0.9952@390
A:0.9952@390
T:0685:0.6296,-0.1987,0.0256,0.0829,-0.5315,-0.1564,0.2838,-0.3331
C:0685:0.0000,0.0000,0.0000,0.0000,0.0000,0.0000,0.0000,0.0000
M:0685:0.3420,0.3163,-0.2030,-0.6554,-0.2113,-0.1653,0.2901,0.5638
I:0685:0.4822,-0.0427,0.0851,0.1186,-0.4451,0.3920,0.4655,0.0361
F:0.9952@390
A:0.9952@390
T:0687:0.6296,-0.1987,0.0256,0.0829,-0.5315,-0.1564,0.2838,-0.3331
C:0687:0.0000,0.0000,0.0000,0.0000,0.0000,0.0000,0.0000,0.0000
M:0687:0.3415,0.3160,-0.2024,-0.6556,-0.2106,-0.1657,0.2902,0.5643
I:0688:0.4822,-0.0427,0.0851,0.1186,-0.4451,0.3920,0.4655,0.0361
F:0.9952@390
A:0.9952@390
T:0689:0.6296,-0.1987,0.0256,0.0829,-0.5315,-0.1564,0.2838,-0.3331
C:0689:0.0000,0.0000,0.0000,0.0000,0.0000,0.0000,0.0000,0.0000
M:0689:0.3410,0.3158,-0.2018,-0.6558,-0.2099,-0.1662,0.2904,0.5648
I:0689:0.4822,-0.0427,0.0851,0.1186,-0.4451,0.3920,0.4655,0.0361
F:0.9949@390
A:0.9949@390
T:068b:0.6296,-0.1987,0.0256,0.0829,-0.5315,-0.1564,0.2838,-0.3331
C:068b:0.0000,0.0000,0.0000,0.0000,0.0000,0.0000,0.0000,0.0000
M:068b:0.3405,0.3155,-0.2013,-0.6561,-0.2091,-0.1668,0.2905,0.5652
I:068c:0.4822,-0.0427,0.0851,0.1186,-0.4451,0.3920,0.4655,0.0361
F:0.9949@390
A:0.9949@390
T:068d:0.6296,-0.1987,0.0256,0.0829,-0.5315,-0.1564,0.2838,-0.3331
C:068d:0.0000,0.0000,0.0000,0.0000,0.0000,0.0000,0.0000,0.0000
M:068d:0.3401,0.3152,-0.2009,-0.6563,-0.2084,-0.1673,0.2906,0.5657
I:068d:0.4822,-0.0427,0.0851,0.1186,-0.4451,0.3920,0.4655,0.0361
F:0.9949@390
A:0.9949@390
T:068f:0.6296,-0.1987,0.0256,0.0829,-0.5315,-0.1564,0.2838,-0.3331
C:068f:0.0000,0.0000,0.0000,0.0000,0.0000,0.0000,0.0000,0.0000
M:068f:0.3397,0.3150,-0.2004,-0.6566,-0.2076,-0.1678,0.2908,0.5662
I:068f:0.4822,-0.0427,0.0851,0.1186,-0.4451,0.3920,0.4655,0.0361
F:0.9947@390
A:0.9947@390
T:0691:0.6296,-0.1987,0.0256,0.0829,-0.5315,-0.1564,0.2838,-0.3331
C:0691:0.0000,0.0000,0.0000,0.0000,0.0000,0.0000,0.0000,0.0000
M:0691:0.3394,0.3149,-0.1997,-0.6568,-0.2071,-0.1679,0.2908,0.5667
I:0692:0.4822,-0.0427,0.0851,0.1186,-0.4451,0.3920,0.4655,0.0361
F:0.9945@390
A:0.9945@390
T:0694:0.6296,-0.1987,0.0256,0.0829,-0.5315,-0.1564,0.2838,-0.3331
C:0694:0.0000,0.0000,0.0000,0.0000,0.0000,0.0000,0.0000,0.0000
M:0694:0.3387,0.3144,-0.1999,-0.6571,-0.2060,-0.1693,0.2911,0.5672
I:0694:0.4822,-0.0427,0.0851,0.1186,-0.4451,0.3920,0.4655,0.0361
F:0.9945@390
A:0.9945@390
T:0696:0.6296,-0.1987,0.0256,0.0829,-0.5315,-0.1564,0.2838,-0.3331
C:0696:0.0000,0.0000,0.0000,0.0000,0.0000,0.0000,0.0000,0.0000
M:0696:0.3385,0.3140,-0.1996,-0.6574,-0.2046,-0.1699,0.2914,0.5679
I:0697:0.4822,-0.0427,0.0851,0.1186,-0.4451,0.3920,0.4655,0.0361
F:0.9945@390
A:0.9945@390
T:0698:0.6296,-0.1987,0.0256,0.0829,-0.5315,-0.1564,0.2838,-0.3331
C:0698:0.0000,0.0000,0.0000,0.0000,0.0000,0.0000,0.0000,0.0000
M:0699:0.3381,0.3137,-0.1990,-0.6577,-0.2034,-0.1703,0.2915,0.5685
I:0699:0.4822,-0.0427,0.0851,0.1186,-0.4451,0.3920,0.4655,0.0361
F:0.9942@390
A:0.9942@390
T:069a:0.6296,-0.1987,0.0256,0.0829,-0.5315,-0.1564,0.2838,-0.3331
C:069a:0.0000,0.0000,0.0000,0.0000,0.0000,0.0000,0.0000,0.0000
M:069a:0.3376,0.3134,-0.1983,-0.6579,-0.2024,-0.1705,0.2915,0.5691
I:069a:0.4822,-0.0427,0.0851,0.1186,-0.4451,0.3920,0.4655,0.0361
F:0.9942@390
A:0.9942@390
T:069e:0.6296,-0.1987,0.0256,0.0829,-0.5315,-0.1564,0.2838,-0.3331
C:069e:0.0000,0.0000,0.0000,0.0000,0.0000,0.0000,0.0000,0.0000
M:069f:0.3368,0.3130,-0.1980,-0.6582,-0.2013,-0.1713,0.2918,0.5696
I:069f:0.4822,-0.0427,0.0851,0.1186,-0.4451,0.3920,0.4655,0.0361
F:0.9942@390
A:0.9942@390
T:06a0:0.6296,-0.1987,0.0256,0.0829,-0.5315,-0.1564,0.2838,-0.3331
C:06a0:0.0000,0.0000,0.0000,0.0000,0.0000,0.0000,0.0000,0.0000
M:06a0:0.3363,0.3124,-0.1977,-0.6586,-0.1999,-0.1722,0.2921,0.5703
I:06a0:0.4822,-0.0427,0.0851,0.1186,-0.4451,0.3920,0.4655,0.0361
F:0.9936@390
A:0.9936@390
T:06a1:0.6296,-0.1987,0.0256,0.0829,-0.5315,-0.1564,0.2838,-0.3331
C:06a1:0.0000,0.0000,0.0000,0.0000,0.0000,0.0000,0.0000,0.0000
M:06a2:0.3359,0.3122,-0.1966,-0.6588,-0.1989,-0.1721,0.2921,0.5709
I:06a2:0.4822,-0.0427,0.0851,0.1186,-0.4451,0.3920,0.4655,0.0361
F:0.9936@390
A:0.9936@390
T:06a3:0.6296,-0.1987,0.0256,0.0829,-0.5315,-0.1564,0.2838,-0.3331
C:06a3:0.0000,0.0000,0.0000,0.0000,0.0000,0.0000,0.0000,0.0000
M:06a3:0.3353,0.3120,-0.1957,-0.6590,-0.1983,-0.1724,0.2921,0.5713
I:06a3:0.4822,-0.0427,0.0851,0.1186,-0.4451,0.3920,0.4655,0.0361
F:0.9936@390
A:0.9936@390
T:06a5:0.6296,-0.1987,0.0256,0.0829,-0.5315,-0.1564,0.2838,-0.3331
C:06a5:0.0000,0.0000,0.0000,0.0000,0.0000,0.0000,0.0000,0.0000
M:06a6:0.3347,0.3117,-0.1951,-0.6592,-0.1977,-0.1729,0.2922,0.5717
I:06a7:0.4822,-0.0427,0.0851,0.1186,-0.4451,0.3920,0.4655,0.0361
F:0.9936@390
A:0.9936@390
T:06a8:0.6296,-0.1987,0.0256,0.0829,-0.5315,-0.1564,0.2838,-0.3331
C:06a8:0.0000,0.0000,0.0000,0.0000,0.0000,0.0000,0.0000,0.0000
M:06a8:0.3341,0.3113,-0.1948,-0.6594,-0.1968,-0.1739,0.2925,0.5722
I:06a8:0.4822,-0.0427,0.0851,0.1186,-0.4451,0.3920,0.4655,0.0361
F:0.9936@390
A:0.9936@390
T:06aa:0.6296,-0.1987,0.0256,0.0829,-0.5315,-0.1564,0.2838,-0.3331
C:06aa:0.0000,0.0000,0.0000,0.0000,0.0000,0.0000,0.0000,0.0000
M:06aa:0.3339,0.3111,-0.1940,-0.6597,-0.1961,-0.1741,0.2925,0.5727
I:06aa:0.4822,-0.0427,0.0851,0.1186,-0.4451,0.3920,0.4655,0.0361
F:0.9936@390
A:0.9936@390
T:06ac:0.6296,-0.1987,0.0256,0.0829,-0.5315,-0.1564,0.2838,-0.3331
C:06ac:0.0000,0.0000,0.0000,0.0000,0.0000,0.0000,0.0000,0.0000
M:06ac:0.3333,0.3107,-0.1938,-0.6599,-0.1952,-0.1750,0.2927,0.5732
I:06ac:0.4822,-0.0427,0.0851,0.1186,-0.4451,0.3920,0.4655,0.0361
F:0.9936@390
A:0.9936@390
T:06ae:0.6296,-0.1987,0.0256,0.0829,-0.5315,-0.1564,0.2838,-0.3331
C:06ae:0.0000,0.0000,0.0000,0.0000,0.0000,0.0000,0.0000,0.0000
M:06af:0.3329,0.3105,-0.1933,-0.6602,-0.1941,-0.1755,0.2928,0.5738
I:06af:0.4822,-0.0427,0.0851,0.1186,-0.4451,0.3920,0.4655,0.0361
F:0.9934@390
A:0.9934@390
T:06b0:0.6296,-0.1987,0.0256,0.0829,-0.5315,-0.1564,0.2838,-0.3331
C:06b0:0.0000,0.0000,0.0000,0.0000,0.0000,0.0000,0.0000,0.0000
M:06b1:0.3324,0.3102,-0.1928,-0.6605,-0.1931,-0.1759,0.2929,0.5743
I:06b1:0.4822,-0.0427,0.0851,0.1186,-0.4451,0.3920,0.4655,0.0361
F:0.9934@390
A:0.9934@390
T:06b2:0.6296,-0.1987,0.0256,0.0829,-0.5315,-0.1564,0.2838,-0.3331
C:06b2:0.0000,0.0000,0.0000,0.0000,0.0000,0.0000,0.0000,0.0000
M:06b2:0.3319,0.3099,-0.1921,-0.6607,-0.1922,-0.1764,0.2930,0.5748
I:06b2:0.4822,-0.0427,0.0851,0.1186,-0.4451,0.3920,0.4655,0.0361
F:0.9933@390
A:0.9933@390
T:06b4:0.6296,-0.1987,0.0256,0.0829,-0.5315,-0.1564,0.2838,-0.3331
C:06b4:0.0000,0.0000,0.0000,0.0000,0.0000,0.0000,0.0000,0.0000
M:06b4:0.3314,0.3096,-0.1915,-0.6609,-0.1914,-0.1768,0.2931,0.5753
I:06b5:0.4822,-0.0427,0.0851,0.1186,-0.4451,0.3920,0.4655,0.0361
F:0.9933@390
A:0.9933@390
T:06b6:0.6296,-0.1987,0.0256,0.0829,-0.5315,-0.1564,0.2838,-0.3331
C:06b6:0.0000,0.0000,0.0000,0.0000,0.0000,0.0000,0.0000,0.0000
M:06b6:0.3309,0.3093,-0.1910,-0.6611,-0.1906,-0.1773,0.2932,0.5757
I:06b6:0.4822,-0.0427,0.0851,0.1186,-0.4451,0.3920,0.4655,0.0361
F:0.9933@390
A:0.9933@390
T:06b8:0.6296,-0.1987,0.0256,0.0829,-0.5315,-0.1564,0.2838,-0.3331
C:06b8:0.0000,0.0000,0.0000,0.0000,0.0000,0.0000,0.0000,0.0000
M:06b8:0.3305,0.3092,-0.1900,-0.6613,-0.1901,-0.1773,0.2932,0.5761
I:06b8:0.4822,-0.0427,0.0851,0.1186,-0.4451,0.3920,0.4655,0.0361
F:0.9933@390
A:0.9933@390
T:06b9:0.6296,-0.1987,0.0256,0.0829,-0.5315,-0.1564,0.2838,-0.3331
C:06b9:0.0000,0.0000,0.0000,0.0000,0.0000,0.0000,0.0000,0.0000
M:06bb:0.3299,0.3090,-0.1895,-0.6615,-0.1896,-0.1778,0.2933,0.5764
I:06bb:0.4822,-0.0427,0.0851,0.1186,-0.4451,0.3920,0.4655,0.0361
F:0.9925@390
A:0.9925@390
T:06bd:0.6296,-0.1987,0.0256,0.0829,-0.5315,-0.1564,0.2838,-0.3331
C:06bd:0.0000,0.0000,0.0000,0.0000,0.0000,0.0000,0.0000,0.0000
M:06be:0.3294,0.3085,-0.1895,-0.6617,-0.1887,-0.1789,0.2936,0.5769
I:06be:0.4822,-0.0427,0.0851,0.1186,-0.4451,0.3920,0.4655,0.0361
F:0.9925@390
A:0.9925@390
T:06bf:0.6296,-0.1987,0.0256,0.0829,-0.5315,-0.1564,0.2838,-0.3331
C:06bf:0.0000,0.0000,0.0000,0.0000,0.0000,0.0000,0.0000,0.0000
M:06bf:0.3290,0.3080,-0.1895,-0.6621,-0.1872,-0.1800,0.2940,0.5775
I:06c0:0.4822,-0.0427,0.0851,0.1186,-0.4451,0.3920,0.4655,0.0361
F:0.9925@390
A:0.9925@390
T:06c1:0.6296,-0.1987,0.0256,0.0829,-0.5315,-0.1564,0.2838,-0.3331
C:06c1:0.0000,0.0000,0.0000,0.0000,0.0000,0.0000,0.0000,0.0000
M:06c1:0.3287,0.3076,-0.1890,-0.6624,-0.1857,-0.1804,0.2941,0.5782
I:06c2:0.4822,-0.0427,0.0851,0.1186,-0.4451,0.3920,0.4655,0.0361
F:0.9922@390
A:0.9922@390
T:06c3:0.6296,-0.1987,0.0256,0.0829,-0.5315,-0.1564,0.2838,-0.3331
C:06c3:0.0000,0.0000,0.0000,0.0000,0.0000,0.0000,0.0000,0.0000
M:06c3:0.3282,0.3073,-0.1883,-0.6626,-0.1844,-0.1806,0.2941,0.5788
I:06c3:0.4822,-0.0427,0.0851,0.1186,-0.4451,0.3920,0.4655,0.0361
F:0.9922@390
A:0.9922@390
T:06c4:0.6296,-0.1987,0.0256,0.0829,-0.5315,-0.1564,0.2838,-0.3331
C:06c4:0.0000,0.0000,0.0000,0.0000,0.0000,0.0000,0.0000,0.0000
M:06c5:0.3276,0.3072,-0.1871,-0.6628,-0.1837,-0.1804,0.2940,0.5792
I:06c6:0.4822,-0.0427,0.0851,0.1186,-0.4451,0.3920,0.4655,0.0361
F:0.9922@390
A:0.9922@390
T:06c7:0.6296,-0.1987,0.0256,0.0829,-0.5315,-0.1564,0.2838,-0.3331
C:06c7:0.0000,0.0000,0.0000,0.0000,0.0000,0.0000,0.0000,0.0000
M:06c7:0.3267,0.3067,-0.1866,-0.6630,-0.1829,-0.1812,0.2942,0.5796
I:06c7:0.4822,-0.0427,0.0851,0.1186,-0.4451,0.3920,0.4655,0.0361
F:0.9922@390
A:0.9922@390
T:06c9:0.6296,-0.1987,0.0256,0.0829,-0.5315,-0.1564,0.2838,-0.3331
C:06c9:0.0000,0.0000,0.0000,0.0000,0.0000,0.0000,0.0000,0.0000
M:06c9:0.3263,0.3065,-0.1857,-0.6631,-0.1824,-0.1813,0.2942,0.5800
I:06c9:0.4822,-0.0427,0.0851,0.1186,-0.4451,0.3920,0.4655,0.0361
F:0.9922@390
A:0.9922@390
T:06ca:0.6296,-0.1987,0.0256,0.0829,-0.5315,-0.1564,0.2838,-0.3331
C:06ca:0.0000,0.0000,0.0000,0.0000,0.0000,0.0000,0.0000,0.0000
M:06ca:0.3258,0.3062,-0.1850,-0.6633,-0.1819,-0.1819,0.2943,0.5803
I:06ca:0.4822,-0.0427,0.0851,0.1186,-0.4451,0.3920,0.4655,0.0361
F:0.9919@390
A:0.9919@390
T:06cc:0.6296,-0.1987,0.0256,0.0829,-0.5315,-0.1564,0.2838,-0.3331
C:06cc:0.0000,0.0000,0.0000,0.0000,0.0000,0.0000,0.0000,0.0000
M:06cc:0.3254,0.3061,-0.1843,-0.6634,-0.1816,-0.1821,0.2943,0.5806
I:06cc:0.4822,-0.0427,0.0851,0.1186,-0.4451,0.3920,0.4655,0.0361
F:0.9919@390
A:0.9919@390
T:06cd:0.6296,-0.1987,0.0256,0.0829,-0.5315,-0.1564,0.2838,-0.3331
C:06cd:0.0000,0.0000,0.0000,0.0000,0.0000,0.0000,0.0000,0.0000
M:06cd:0.3250,0.3059,-0.1839,-0.6636,-0.1812,-0.1827,0.2944,0.5809
I:06cd:0.4822,-0.0427,0.0851,0.1186,-0.4451,0.3920,0.4655,0.0361
F:0.9919@390
A:0.9919@390
T:06cf:0.6296,-0.1987,0.0256,0.0829,-0.5315,-0.1564,0.2838,-0.3331
C:06cf:0.0000,0.0000,0.0000,0.0000,0.0000,0.0000,0.0000,0.0000
M:06cf:0.3246,0.3056,-0.1837,-0.6638,-0.1805,-0.1834,0.2946,0.5813
I:06d0:0.4822,-0.0427,0.0851,0.1186,-0.4451,0.3920,0.4655,0.0361
F:0.9919@390
A:0.9919@390
T:06d1:0.6296,-0.1987,0.0256,0.0829,-0.5315,-0.1564,0.2838,-0.3331
C:06d1:0.0000,0.0000,0.0000,0.0000,0.0000,0.0000,0.0000,0.0000
M:06d1:0.3243,0.3054,-0.1834,-0.6641,-0.1796,-0.1840,0.2947,0.5817
I:06d2:0.4822,-0.0427,0.0851,0.1186,-0.4451,0.3920,0.4655,0.0361
F:0.9914@390
A:0.9914@390
T:06d3:0.6296,-0.1987,0.0256,0.0829,-0.5315,-0.1564,0.2838,-0.3331
C:06d3:0.0000,0.0000,0.0000,0.0000,0.0000,0.0000,0.0000,0.0000
M:06d3:0.3239,0.3051,-0.1832,-0.6643,-0.1785,-0.1845,0.2949,0.5822
I:06d4:0.4822,-0.0427,0.0851,0.1186,-0.4451,0.3920,0.4655,0.0361
F:0.9914@390
A:0.9914@390
T:06d5:0.6296,-0.1987,0.0256,0.0829,-0.5315,-0.1564,0.2838,-0.3331
C:06d5:0.0000,0.0000,0.0000,0.0000,0.0000,0.0000,0.0000,0.0000
M:06d6:0.3235,0.3048,-0.1827,-0.6646,-0.1774,-0.1850,0.2950,0.5827
I:06d6:0.4822,-0.0427,0.0851,0.1186,-0.4451,0.3920,0.4655,0.0361
F:0.9914@390
A:0.9914@390
T:06d8:0.6296,-0.1987,0.0256,0.0829,-0.5315,-0.1564,0.2838,-0.3331
C:06d8:0.0000,0.0000,0.0000,0.0000,0.0000,0.0000,0.0000,0.0000
M:06d8:0.3228,0.3042,-0.1826,-0.6649,-0.1759,-0.1858,0.2953,0.5832
I:06d8:0.4822,-0.0427,0.0851,0.1186,-0.4451,0.3920,0.4655,0.0361
F:0.9914@390
A:0.9914@390
T:06da:0.6296,-0.1987,0.0256,0.0829,-0.5315,-0.1564,0.2838,-0.3331
C:06da:0.0000,0.0000,0.0000,0.0000,0.0000,0.0000,0.0000,0.0000
M:06da:0.3224,0.3038,-0.1820,-0.6651,-0.1745,-0.1861,0.2954,0.5838
I:06da:0.4822,-0.0427,0.0851,0.1186,-0.4451,0.3920,0.4655,0.0361
F:0.9914@390
A:0.9914@390
T:06db:0.6296,-0.1987,0.0256,0.0829,-0.5315,-0.1564,0.2838,-0.3331
C:06db:0.0000,0.0000,0.0000,0.0000,0.0000,0.0000,0.0000,0.0000
M:06dc:0.3219,0.3036,-0.1808,-0.6652,-0.1736,-0.1860,0.2953,0.5843
I:06dc:0.4822,-0.0427,0.0851,0.1186,-0.4451,0.3920,0.4655,0.0361
F:0.9914@390
A:0.9914@390
T:06dd:0.6296,-0.1987,0.0256,0.0829,-0.5315,-0.1564,0.2838,-0.3331
C:06dd:0.0000,0.0000,0.0000,0.0000,0.0000,0.0000,0.0000,0.0000
M:06de:0.3211,0.3033,-0.1800,-0.6654,-0.1730,-0.1863,0.2953,0.5846
I:06de:0.4822,-0.0427,0.0851,0.1186,-0.4451,0.3920,0.4655,0.0361
F:0.9912@390
A:0.9912@390
T:06df:0.6296,-0.1987,0.0256,0.0829,-0.5315,-0.1564,0.2838,-0.3331
C:06df:0.0000,0.0000,0.0000,0.0000,0.0000,0.0000,0.0000,0.0000
M:06df:0.3205,0.3029,-0.1793,-0.6655,-0.1723,-0.1868,0.2954,0.5849
I:06df:0.4822,-0.0427,0.0851,0.1186,-0.4451,0.3920,0.4655,0.0361
F:0.9912@390
A:0.9912@390
T:06e1:0.6296,-0.1987,0.0256,0.0829,-0.5315,-0.1564,0.2838,-0.3331
C:06e1:0.0000,0.0000,0.0000,0.0000,0.0000,0.0000,0.0000,0.0000
M:06e1:0.3200,0.3025,-0.1788,-0.6657,-0.1717,-0.1874,0.2956,0.5853
I:06e2:0.4822,-0.0427,0.0851,0.1186,-0.4451,0.3920,0.4655,0.0361
F:0.9909@390
A:0.9909@390
T:06e3:0.6296,-0.1987,0.0256,0.0829,-0.5315,-0.1564,0.2838,-0.3331
C:06e3:0.0000,0.0000,0.0000,0.0000,0.0000,0.0000,0.0000,0.0000
M:06e3:0.3195,0.3022,-0.1783,-0.6659,-0.1709,-0.1880,0.2957,0.5857
I:06e3:0.4822,-0.0427,0.0851,0.1186,-0.4451,0.3920,0.4655,0.0361
F:0.9909@390
A:0.9909@390
T:06e4:0.6296,-0.1987,0.0256,0.0829,-0.5315,-0.1564,0.2838,-0.3331
C:06e4:0.0000,0.0000,0.0000,0.0000,0.0000,0.0000,0.0000,0.0000
M:06e5:0.3192,0.3021,-0.1774,-0.6661,-0.1703,-0.1881,0.2957,0.5861
I:06e5:0.4822,-0.0427,0.0851,0.1186,-0.4451,0.3920,0.4655,0.0361
F:0.9909@390
A:0.9909@390
T:06e6:0.6296,-0.1987,0.0256,0.0829,-0.5315,-0.1564,0.2838,-0.3331
C:06e6:0.0000,0.0000,0.0000,0.0000,0.0000,0.0000,0.0000,0.0000
M:06e7:0.3187,0.3019,-0.1770,-0.6662,-0.1697,-0.1886,0.2957,0.5864
I:06e7:0.4822,-0.0427,0.0851,0.1186,-0.4451,0.3920,0.4655,0.0361
F:0.9905@390
A:0.9905@390
T:06e8:0.6296,-0.1987,0.0256,0.0829,-0.5315,-0.1564,0.2838,-0.3331
C:06e8:0.0000,0.0000,0.0000,0.0000,0.0000,0.0000,0.0000,0.0000
M:06e8:0.3182,0.3016,-0.1766,-0.6665,-0.1690,-0.1892,0.2959,0.5868
I:06e8:0.4822,-0.0427,0.0851,0.1186,-0.4451,0.3920,0.4655,0.0361
F:0.9905@390
A:0.9905@390
T:06ea:0.6296,-0.1987,0.0256,0.0829,-0.5315,-0.1564,0.2838,-0.3331
C:06ea:0.0000,0.0000,0.0000,0.0000,0.0000,0.0000,0.0000,0.0000
M:06ea:0.3178,0.3013,-0.1762,-0.6667,-0.1681,-0.1898,0.2960,0.5872
I:06eb:0.4822,-0.0427,0.0851,0.1186,-0.4451,0.3920,0.4655,0.0361
F:0.9905@390
A:0.9905@390
T:06ec:0.6296,-0.1987,0.0256,0.0829,-0.5315,-0.1564,0.2838,-0.3331
C:06ec:0.0000,0.0000,0.0000,0.0000,0.0000,0.0000,0.0000,0.0000
M:06ec:0.3174,0.3009,-0.1758,-0.6669,-0.1670,-0.1903,0.2962,0.5876
I:06ec:0.4822,-0.0427,0.0851,0.1186,-0.4451,0.3920,0.4655,0.0361
F:0.9901@390
A:0.9901@390
T:06ee:0.6296,-0.1987,0.0256,0.0829,-0.5315,-0.1564,0.2838,-0.3331
C:06ee:0.0000,0.0000,0.0000,0.0000,0.0000,0.0000,0.0000,0.0000
M:06ee:0.3169,0.3006,-0.1753,-0.6671,-0.1660,-0.1907,0.2963,0.5881
I:06ee:0.4822,-0.0427,0.0851,0.1186,-0.4451,0.3920,0.4655,0.0361
F:0.9901@390
A:0.9901@390
T:06f0:0.6296,-0.1987,0.0256,0.0829,-0.5315,-0.1564,0.2838,-0.3331
C:06f0:0.0000,0.0000,0.0000,0.0000,0.0000,0.0000,0.0000,0.0000
M:06f0:0.3164,0.3002,-0.1748,-0.6673,-0.1649,-0.1911,0.2964,0.5885
I:06f1:0.4822,-0.0427,0.0851,0.1186,-0.4451,0.3920,0.4655,0.0361
F:0.9901@390
A:0.9901@390
T:06f3:0.6296,-0.1987,0.0256,0.0829,-0.5315,-0.1564,0.2838,-0.3331
C:06f3:0.0000,0.0000,0.0000,0.0000,0.0000,0.0000,0.0000,0.0000
M:06f3:0.3157,0.2997,-0.1745,-0.6676,-0.1635,-0.1919,0.2966,0.5890
I:06f3:0.4822,-0.0427,0.0851,0.1186,-0.4451,0.3920,0.4655,0.0361
F:0.9900@390
A:0.9900@390
T:06f5:0.6296,-0.1987,0.0256,0.0829,-0.5315,-0.1564,0.2838,-0.3331
C:06f5:0.0000,0.0000,0.0000,0.0000,0.0000,0.0000,0.0000,0.0000
M:06f6:0.3151,0.2992,-0.1738,-0.6678,-0.1621,-0.1923,0.2968,0.5896
I:06f6:0.4822,-0.0427,0.0851,0.1186,-0.4451,0.3920,0.4655,0.0361
F:0.9900@390
A:0.9900@390
T:06f7:0.6296,-0.1987,0.0256,0.0829,-0.5315,-0.1564,0.2838,-0.3331
C:06f7:0.0000,0.0000,0.0000,0.0000,0.0000,0.0000,0.0000,0.0000
M:06f8:0.3145,0.2988,-0.1730,-0.6680,-0.1609,-0.1926,0.2968,0.5901
I:06f8:0.4822,-0.0427,0.0851,0.1186,-0.4451,0.3920,0.4655,0.0361
F:0.9896@390
A:0.9896@390
T:06f9:0.6296,-0.1987,0.0256,0.0829,-0.5315,-0.1564,0.2838,-0.3331
C:06fa:0.0000,0.0000,0.0000,0.0000,0.0000,0.0000,0.0000,0.0000
M:06fa:0.3138,0.2984,-0.1721,-0.6682,-0.1599,-0.1929,0.2968,0.5905
I:06fa:0.4822,-0.0427,0.0851,0.1186,-0.4451,0.3920,0.4655,0.0361
F:0.9891@390
A:0.9891@390
T:06fb:0.6296,-0.1987,0.0256,0.0829,-0.5315,-0.1564,0.2838,-0.3331
C:06fb:0.0000,0.0000,0.0000,0.0000,0.0000,0.0000,0.0000,0.0000
M:06fb:0.3131,0.2980,-0.1712,-0.6683,-0.1591,-0.1933,0.2969,0.5909
I:06fc:0.4822,-0.0427,0.0851,0.1186,-0.4451,0.3920,0.4655,0.0361
F:0.9891@390
A:0.9891@390
T:06fd:0.6296,-0.1987,0.0256,0.0829,-0.5315,-0.1564,0.2838,-0.3331
C:06fd:0.0000,0.0000,0.0000,0.0000,0.0000,0.0000,0.0000,0.0000
M:06fd:0.3125,0.2977,-0.1704,-0.6685,-0.1583,-0.1937,0.2970,0.5913
I:06fd:0.4822,-0.0427,0.0851,0.1186,-0.4451,0.3920,0.4655,0.0361
F:0.9891@390
A:0.9891@390
T:06ff:0.6296,-0.1987,0.0256,0.0829,-0.5315,-0.1564,0.2838,-0.3331
C:06ff:0.0000,0.0000,0.0000,0.0000,0.0000,0.0000,0.0000,0.0000
M:06ff:0.3119,0.2973,-0.1697,-0.6687,-0.1576,-0.1943,0.2971,0.5916
I:06ff:0.4822,-0.0427,0.0851,0.1186,-0.4451,0.3920,0.4655,0.0361
F:0.9888@390
A:0.9888@390
T:0701:0.6296,-0.1987,0.0256,0.0829,-0.5315,-0.1564,0.2838,-0.3331
C:0702:0.0000,0.0000,0.0000,0.0000,0.0000,0.0000,0.0000,0.0000
M:0702:0.3114,0.2970,-0.1690,-0.6689,-0.1569,-0.1948,0.2972,0.5920
I:0702:0.4822,-0.0427,0.0851,0.1186,-0.4451,0.3920,0.4655,0.0361
F:0.9888@390
A:0.9888@390
T:0703:0.6296,-0.1987,0.0256,0.0829,-0.5315,-0.1564,0.2838,-0.3331
C:0704:0.0000,0.0000,0.0000,0.0000,0.0000,0.0000,0.0000,0.0000
M:0704:0.3109,0.2967,-0.1684,-0.6691,-0.1561,-0.1953,0.2973,0.5924
I:0704:0.4822,-0.0427,0.0851,0.1186,-0.4451,0.3920,0.4655,0.0361
F:0.9888@390
A:0.9888@390
T:0707:0.6296,-0.1987,0.0256,0.0829,-0.5315,-0.1564,0.2838,-0.3331
C:0707:0.0000,0.0000,0.0000,0.0000,0.0000,0.0000,0.0000,0.0000
M:0707:0.3103,0.2962,-0.1682,-0.6693,-0.1549,-0.1962,0.2975,0.5929
I:0707:0.4822,-0.0427,0.0851,0.1186,-0.4451,0.3920,0.4655,0.0361
F:0.9888@390
A:0.9888@390
T:0709:0.6296,-0.1987,0.0256,0.0829,-0.5315,-0.1564,0.2838,-0.3331
C:0709:0.0000,0.0000,0.0000,0.0000,0.0000,0.0000,0.0000,0.0000
M:070a:0.3097,0.2957,-0.1680,-0.6696,-0.1532,-0.1971,0.2978,0.5935
I:070a:0.4822,-0.0427,0.0851,0.1186,-0.4451,0.3920,0.4655,0.0361
F:0.9885@390
A:0.9885@390
T:070c:0.6296,-0.1987,0.0256,0.0829,-0.5315,-0.1564,0.2838,-0.3331
C:070c:0.0000,0.0000,0.0000,0.0000,0.0000,0.0000,0.0000,0.0000
M:070c:0.3092,0.2952,-0.1672,-0.6699,-0.1516,-0.1974,0.2979,0.5941
I:070c:0.4822,-0.0427,0.0851,0.1186,-0.4451,0.3920,0.4655,0.0361
F:0.9885@390
A:0.9885@390
T:070e:0.6296,-0.1987,0.0256,0.0829,-0.5315,-0.1564,0.2838,-0.3331
C:070e:0.0000,0.0000,0.0000,0.0000,0.0000,0.0000,0.0000,0.0000
M:070e:0.3084,0.2947,-0.1665,-0.6701,-0.1500,-0.1980,0.2980,0.5947
I:070e:0.4822,-0.0427,0.0851,0.1186,-0.4451,0.3920,0.4655,0.0361
F:0.9878@390
A:0.9878@390
T:070f:0.6296,-0.1987,0.0256,0.0829,-0.5315,-0.1564,0.2838,-0.3331
C:0710:0.0000,0.0000,0.0000,0.0000,0.0000,0.0000,0.0000,0.0000
M:0710:0.3077,0.2944,-0.1650,-0.6703,-0.1489,-0.1977,0.2979,0.5951
I:0710:0.4822,-0.0427,0.0851,0.1186,-0.4451,0.3920,0.4655,0.0361
F:0.9878@390
A:0.9878@390
T:0712:0.6296,-0.1987,0.0256,0.0829,-0.5315,-0.1564,0.2838,-0.3331
C:0712:0.0000,0.0000,0.0000,0.0000,0.0000,0.0000,0.0000,0.0000
M:0713:0.3067,0.2939,-0.1642,-0.6704,-0.1480,-0.1984,0.2979,0.5955
I:0713:0.4822,-0.0427,0.0851,0.1186,-0.4451,0.3920,0.4655,0.0361
F:0.9878@390
A:0.9878@390
T:0714:0.6296,-0.1987,0.0256,0.0829,-0.5315,-0.1564,0.2838,-0.3331
C:0714:0.0000,0.0000,0.0000,0.0000,0.0000,0.0000,0.0000,0.0000
M:0714:0.3060,0.2934,-0.1631,-0.6706,-0.1472,-0.1988,0.2981,0.5959
I:0714:0.4822,-0.0427,0.0851,0.1186,-0.4451,0.3920,0.4655,0.0361
F:0.9878@390
A:0.9878@390
T:0715:0.6296,-0.1987,0.0256,0.0829,-0.5315,-0.1564,0.2838,-0.3331
C:0715:0.0000,0.0000,0.0000,0.0000,0.0000,0.0000,0.0000,0.0000
M:0715:0.3054,0.2933,-0.1618,-0.6707,-0.1468,-0.1989,0.2980,0.5962
I:0715:0.4822,-0.0427,0.0851,0.1186,-0.4451,0.3920,0.4655,0.0361
F:0.9878@390
A:0.9878@390
T:0716:0.6296,-0.1987,0.0256,0.0829,-0.5315,-0.1564,0.2838,-0.3331
C:0716:0.0000,0.0000,0.0000,0.0000,0.0000,0.0000,0.0000,0.0000
M:0717:0.3049,0.2932,-0.1606,-0.6708,-0.1470,-0.1990,0.2978,0.5964
I:0717:0.4822,-0.0427,0.0851,0.1186,-0.4451,0.3920,0.4655,0.0361
F:0.9878@390
A:0.9878@390
T:0718:0.6296,-0.1987,0.0256,0.0829,-0.5315,-0.1564,0.2838,-0.3331
C:0718:0.0000,0.0000,0.0000,0.0000,0.0000,0.0000,0.0000,0.0000
M:0718:0.3043,0.2931,-0.1600,-0.6709,-0.1470,-0.1997,0.2979,0.5965
I:0718:0.4822,-0.0427,0.0851,0.1186,-0.4451,0.3920,0.4655,0.0361
F:0.9878@390
A:0.9878@390
T:071a:0.6296,-0.1987,0.0256,0.0829,-0.5315,-0.1564,0.2838,-0.3331
C:071a:0.0000,0.0000,0.0000,0.0000,0.0000,0.0000,0.0000,0.0000
M:071a:0.3039,0.2928,-0.1598,-0.6711,-0.1466,-0.2006,0.2981,0.5968
I:071b:0.4822,-0.0427,0.0851,0.1186,-0.4451,0.3920,0.4655,0.0361
F:0.9871@390
A:0.9871@390
T:071c:0.6296,-0.1987,0.0256,0.0829,-0.5315,-0.1564,0.2838,-0.3331
C:071c:0.0000,0.0000,0.0000,0.0000,0.0000,0.0000,0.0000,0.0000
M:071c:0.3037,0.2926,-0.1597,-0.6714,-0.1459,-0.2014,0.2983,0.5972
I:071d:0.4822,-0.0427,0.0851,0.1186,-0.4451,0.3920,0.4655,0.0361
F:0.9871@390
A:0.9871@390
T:071e:0.6296,-0.1987,0.0256,0.0829,-0.5315,-0.1564,0.2838,-0.3331
C:071e:0.0000,0.0000,0.0000,0.0000,0.0000,0.0000,0.0000,0.0000
M:071e:0.3034,0.2924,-0.1595,-0.6716,-0.1448,-0.2020,0.2984,0.5976
I:071e:0.4822,-0.0427,0.0851,0.1186,-0.4451,0.3920,0.4655,0.0361
F:0.9871@390
A:0.9871@390
T:0720:0.6296,-0.1987,0.0256,0.0829,-0.5315,-0.1564,0.2838,-0.3331
C:0720:0.0000,0.0000,0.0000,0.0000,0.0000,0.0000,0.0000,0.0000
M:0720:0.3030,0.2921,-0.1592,-0.6719,-0.1435,-0.2024,0.2985,0.5981
I:0720:0.4822,-0.0427,0.0851,0.1186,-0.4451,0.3920,0.4655,0.0361
F:0.9871@390
A:0.9871@390
T:0722:0.6296,-0.1987,0.0256,0.0829,-0.5315,-0.1564,0.2838,-0.3331
C:0722:0.0000,0.0000,0.0000,0.0000,0.0000,0.0000,0.0000,0.0000
M:0722:0.3026,0.2919,-0.1583,-0.6720,-0.1425,-0.2023,0.2984,0.5985
I:0722:0.4822,-0.0427,0.0851,0.1186,-0.4451,0.3920,0.4655,0.0361
F:0.9871@390
A:0.9871@390
T:0723:0.6296,-0.1987,0.0256,0.0829,-0.5315,-0.1564,0.2838,-0.3331
C:0723:0.0000,0.0000,0.0000,0.0000,0.0000,0.0000,0.0000,0.0000
M:0723:0.3018,0.2916,-0.1576,-0.6721,-0.1416,-0.2026,0.2984,0.5988
I:0724:0.4822,-0.0427,0.0851,0.1186,-0.4451,0.3920,0.4655,0.0361
F:0.9871@390
A:0.9871@390
T:0725:0.6296,-0.1987,0.0256,0.0829,-0.5315,-0.1564,0.2838,-0.3331
C:0725:0.0000,0.0000,0.0000,0.0000,0.0000,0.0000,0.0000,0.0000
M:0725:0.3011,0.2912,-0.1569,-0.6723,-0.1408,-0.2031,0.2986,0.5991
I:0725:0.4822,-0.0427,0.0851,0.1186,-0.4451,0.3920,0.4655,0.0361
F:0.9871@390
A:0.9871@390
T:0726:0.6296,-0.1987,0.0256,0.0829,-0.5315,-0.1564,0.2838,-0.3331
C:0727:0.0000,0.0000,0.0000,0.0000,0.0000,0.0000,0.0000,0.0000
M:0727:0.3007,0.2909,-0.1559,-0.6724,-0.1402,-0.2032,0.2986,0.5994
I:0727:0.4822,-0.0427,0.0851,0.1186,-0.4451,0.3920,0.4655,0.0361
F:0.9871@390
A:0.9871@390
T:0728:0.6296,-0.1987,0.0256,0.0829,-0.5315,-0.1564,0.2838,-0.3331
C:0728:0.0000,0.0000,0.0000,0.0000,0.0000,0.0000,0.0000,0.0000
M:0728:0.3000,0.2906,-0.1553,-0.6725,-0.1397,-0.2037,0.2986,0.5996
I:0729:0.4822,-0.0427,0.0851,0.1186,-0.4451,0.3920,0.4655,0.0361
F:0.9866@390
A:0.9866@390
T:072a:0.6296,-0.1987,0.0256,0.0829,-0.5315,-0.1564,0.2838,-0.3331
C:072a:0.0000,0.0000,0.0000,0.0000,0.0000,0.0000,0.0000,0.0000
M:072a:0.2995,0.2902,-0.1549,-0.6727,-0.1389,-0.2043,0.2988,0.6000
I:072b:0.4822,-0.0427,0.0851,0.1186,-0.4451,0.3920,0.4655,0.0361
F:0.9862@390
A:0.9862@390
T:072c:0.6296,-0.1987,0.0256,0.0829,-0.5315,-0.1564,0.2838,-0.3331
C:072c:0.0000,0.0000,0.0000,0.0000,0.0000,0.0000,0.0000,0.0000
M:072c:0.2991,0.2898,-0.1544,-0.6729,-0.1380,-0.2049,0.2989,0.6003
I:072c:0.4822,-0.0427,0.0851,0.1186,-0.4451,0.3920,0.4655,0.0361
F:0.9857@390
A:0.9857@390
T:072e:0.6296,-0.1987,0.0256,0.0829,-0.5315,-0.1564,0.2838,-0.3331
C:072e:0.0000,0.0000,0.0000,0.0000,0.0000,0.0000,0.0000,0.0000
M:072e:0.2986,0.2895,-0.1540,-0.6731,-0.1369,-0.2054,0.2990,0.6007
I:072e:0.4822,-0.0427,0.0851,0.1186,-0.4451,0.3920,0.4655,0.0361
F:0.9857@390
A:0.9857@390
T:0730:0.6296,-0.1987,0.0256,0.0829,-0.5315,-0.1564,0.2838,-0.3331
C:0730:0.0000,0.0000,0.0000,0.0000,0.0000,0.0000,0.0000,0.0000
M:0731:0.2981,0.2891,-0.1534,-0.6733,-0.1357,-0.2058,0.2991,0.6011
I:0731:0.4822,-0.0427,0.0851,0.1186,-0.4451,0.3920,0.4655,0.0361
F:0.9857@390
A:0.9857@390
T:0732:0.6296,-0.1987,0.0256,0.0829,-0.5315,-0.1564,0.2838,-0.3331
C:0732:0.0000,0.0000,0.0000,0.0000,0.0000,0.0000,0.0000,0.0000
M:0732:0.2975,0.2887,-0.1528,-0.6735,-0.1346,-0.2062,0.2992,0.6016
I:0732:0.4822,-0.0427,0.0851,0.1186,-0.4451,0.3920,0.4655,0.0361
F:0.9857@390
A:0.9857@390
T:0733:0.6296,-0.1987,0.0256,0.0829,-0.5315,-0.1564,0.2838,-0.3331
C:0734:0.0000,0.0000,0.0000,0.0000,0.0000,0.0000,0.0000,0.0000
M:0734:0.2969,0.2885,-0.1516,-0.6736,-0.1338,-0.2061,0.2991,0.6019
I:0734:0.4822,-0.0427,0.0851,0.1186,-0.4451,0.3920,0.4655,0.0361
F:0.9857@390
A:0.9857@390
T:0735:0.6296,-0.1987,0.0256,0.0829,-0.5315,-0.1564,0.2838,-0.3331
C:0735:0.0000,0.0000,0.0000,0.0000,0.0000,0.0000,0.0000,0.0000
M:0735:0.2962,0.2882,-0.1508,-0.6737,-0.1332,-0.2065,0.2991,0.6021
I:0736:0.4822,-0.0427,0.0851,0.1186,-0.4451,0.3920,0.4655,0.0361
F:0.9857@390
A:0.9857@390
T:0737:0.6296,-0.1987,0.0256,0.0829,-0.5315,-0.1564,0.2838,-0.3331
C:0737:0.0000,0.0000,0.0000,0.0000,0.0000,0.0000,0.0000,0.0000
M:0737:0.2955,0.2878,-0.1501,-0.6738,-0.1325,-0.2070,0.2992,0.6024
I:0738:0.4822,-0.0427,0.0851,0.1186,-0.4451,0.3920,0.4655,0.0361
F:0.9857@390
A:0.9857@390
T:0739:0.6296,-0.1987,0.0256,0.0829,-0.5315,-0.1564,0.2838,-0.3331
C:0739:0.0000,0.0000,0.0000,0.0000,0.0000,0.0000,0.0000,0.0000
M:0739:0.2950,0.2874,-0.1495,-0.6740,-0.1317,-0.2076,0.2994,0.6028
I:073a:0.4822,-0.0427,0.0851,0.1186,-0.4451,0.3920,0.4655,0.0361
F:0.9853@390
A:0.9853@390
T:073b:0.6296,-0.1987,0.0256,0.0829,-0.5315,-0.1564,0.2838,-0.3331
C:073b:0.0000,0.0000,0.0000,0.0000,0.0000,0.0000,0.0000,0.0000
M:073b:0.2945,0.2870,-0.1490,-0.6742,-0.1308,-0.2082,0.2995,0.6031
I:073b:0.4822,-0.0427,0.0851,0.1186,-0.4451,0.3920,0.4655,0.0361
F:0.9853@390
A:0.9853@390
T:073d:0.6296,-0.1987,0.0256,0.0829,-0.5315,-0.1564,0.2838,-0.3331
C:073d:0.0000,0.0000,0.0000,0.0000,0.0000,0.0000,0.0000,0.0000
M:073d:0.2940,0.2867,-0.1484,-0.6744,-0.1298,-0.2087,0.2996,0.6035
I:073d:0.4822,-0.0427,0.0851,0.1186,-0.4451,0.3920,0.4655,0.0361
F:0.9847@390
A:0.9847@390
T:073e:0.6296,-0.1987,0.0256,0.0829,-0.5315,-0.1564,0.2838,-0.3331
C:073e:0.0000,0.0000,0.0000,0.0000,0.0000,0.0000,0.0000,0.0000
M:073e:0.2936,0.2865,-0.1474,-0.6745,-0.1291,-0.2087,0.2995,0.6038
I:073e:0.4822,-0.0427,0.0851,0.1186,-0.4451,0.3920,0.4655,0.0361
F:0.9847@390
A:0.9847@390
T:0741:0.6296,-0.1987,0.0256,0.0829,-0.5315,-0.1564,0.2838,-0.3331
C:0741:0.0000,0.0000,0.0000,0.0000,0.0000,0.0000,0.0000,0.0000
M:0741:0.2928,0.2862,-0.1467,-0.6746,-0.1284,-0.2091,0.2995,0.6041
I:0742:0.4822,-0.0427,0.0851,0.1186,-0.4451,0.3920,0.4655,0.0361
F:0.9847@390
A:0.9847@390
T:0743:0.6296,-0.1987,0.0256,0.0829,-0.5315,-0.1564,0.2838,-0.3331
C:0743:0.0000,0.0000,0.0000,0.0000,0.0000,0.0000,0.0000,0.0000
M:0743:0.2921,0.2857,-0.1465,-0.6748,-0.1273,-0.2100,0.2998,0.6045
I:0744:0.4822,-0.0427,0.0851,0.1186,-0.4451,0.3920,0.4655,0.0361
F:0.9843@390
A:0.9843@390
T:0745:0.6296,-0.1987,0.0256,0.0829,-0.5315,-0.1564,0.2838,-0.3331
C:0745:0.0000,0.0000,0.0000,0.0000,0.0000,0.0000,0.0000,0.0000
M:0745:0.2916,0.2852,-0.1459,-0.6751,-0.1260,-0.2106,0.3000,0.6049
I:0745:0.4822,-0.0427,0.0851,0.1186,-0.4451,0.3920,0.4655,0.0361
F:0.9843@390
A:0.9843@390
T:0746:0.6296,-0.1987,0.0256,0.0829,-0.5315,-0.1564,0.2838,-0.3331
C:0747:0.0000,0.0000,0.0000,0.0000,0.0000,0.0000,0.0000,0.0000
M:0747:0.2912,0.2850,-0.1448,-0.6752,-0.1251,-0.2105,0.2999,0.6053
I:0747:0.4822,-0.0427,0.0851,0.1186,-0.4451,0.3920,0.4655,0.0361
F:0.9843@390
A:0.9843@390
T:0748:0.6296,-0.1987,0.0256,0.0829,-0.5315,-0.1564,0.2838,-0.3331
C:0748:0.0000,0.0000,0.0000,0.0000,0.0000,0.0000,0.0000,0.0000
M:0748:0.2904,0.2847,-0.1439,-0.6753,-0.1243,-0.2108,0.2998,0.6056
I:0748:0.4822,-0.0427,0.0851,0.1186,-0.4451,0.3920,0.4655,0.0361
F:0.9843@390
A:0.9843@390
T:074a:0.6296,-0.1987,0.0256,0.0829,-0.5315,-0.1564,0.2838,-0.3331
C:074a:0.0000,0.0000,0.0000,0.0000,0.0000,0.0000,0.0000,0.0000
M:074a:0.2897,0.2843,-0.1431,-0.6754,-0.1236,-0.2113,0.2999,0.6059
I:074a:0.4822,-0.0427,0.0851,0.1186,-0.4451,0.3920,0.4655,0.0361
F:0.9839@390
A:0.9839@390
T:074b:0.6296,-0.1987,0.0256,0.0829,-0.5315,-0.1564,0.2838,-0.3331
C:074b:0.0000,0.0000,0.0000,0.0000,0.0000,0.0000,0.0000,0.0000
M:074b:0.2892,0.2841,-0.1420,-0.6755,-0.1232,-0.2114,0.2998,0.6062
I:074c:0.4822,-0.0427,0.0851,0.1186,-0.4451,0.3920,0.4655,0.0361
F:0.9839@390
A:0.9839@390
T:074d:0.6296,-0.1987,0.0256,0.0829,-0.5315,-0.1564,0.2838,-0.3331
C:074d:0.0000,0.0000,0.0000,0.0000,0.0000,0.0000,0.0000,0.0000
M:074d:0.2885,0.2838,-0.1413,-0.6757,-0.1228,-0.2119,0.2999,0.6064
I:074e:0.4822,-0.0427,0.0851,0.1186,-0.4451,0.3920,0.4655,0.0361
F:0.9839@390
A:0.9839@390
T:074f:0.6296,-0.1987,0.0256,0.0829,-0.5315,-0.1564,0.2838,-0.3331
C:074f:0.0000,0.0000,0.0000,0.0000,0.0000,0.0000,0.0000,0.0000
M:074f:0.2880,0.2835,-0.1408,-0.6758,-0.1222,-0.2126,0.3000,0.6067
I:074f:0.4822,-0.0427,0.0851,0.1186,-0.4451,0.3920,0.4655,0.0361
F:0.9838@390
A:0.9838@390
T:0751:0.6296,-0.1987,0.0256,0.0829,-0.5315,-0.1564,0.2838,-0.3331
C:0751:0.0000,0.0000,0.0000,0.0000,0.0000,0.0000,0.0000,0.0000
M:0751:0.2877,0.2834,-0.1400,-0.6760,-0.1217,-0.2128,0.3000,0.6070
I:0751:0.4822,-0.0427,0.0851,0.1186,-0.4451,0.3920,0.4655,0.0361
F:0.9838@390
A:0.9838@390
T:0752:0.6296,-0.1987,0.0256,0.0829,-0.5315,-0.1564,0.2838,-0.3331
C:0752:0.0000,0.0000,0.0000,0.0000,0.0000,0.0000,0.0000,0.0000
M:0752:0.2872,0.2831,-0.1396,-0.6761,-0.1210,-0.2134,0.3001,0.6072
I:0753:0.4822,-0.0427,0.0851,0.1186,-0.4451,0.3920,0.4655,0.0361
F:0.9834@390
A:0.9834@390
T:0754:0.6296,-0.1987,0.0256,0.0829,-0.5315,-0.1564,0.2838,-0.3331
C:0754:0.0000,0.0000,0.0000,0.0000,0.0000,0.0000,0.0000,0.0000
M:0754:0.2867,0.2828,-0.1392,-0.6763,-0.1201,-0.2139,0.3002,0.6076
I:0755:0.4822,-0.0427,0.0851,0.1186,-0.4451,0.3920,0.4655,0.0361
F:0.9834@390
A:0.9834@390
T:0756:0.6296,-0.1987,0.0256,0.0829,-0.5315,-0.1564,0.2838,-0.3331
C:0756:0.0000,0.0000,0.0000,0.0000,0.0000,0.0000,0.0000,0.0000
M:0756:0.2862,0.2824,-0.1388,-0.6765,-0.1190,-0.2145,0.3003,0.6079
I:0756:0.4822,-0.0427,0.0851,0.1186,-0.4451,0.3920,0.4655,0.0361
F:0.9828@390
A:0.9828@390
T:0758:0.6296,-0.1987,0.0256,0.0829,-0.5315,-0.1564,0.2838,-0.3331
C:0758:0.0000,0.0000,0.0000,0.0000,0.0000,0.0000,0.0000,0.0000
M:0758:0.2857,0.2820,-0.1383,-0.6767,-0.1178,-0.2149,0.3004,0.6083
I:0759:0.4822,-0.0427,0.0851,0.1186,-0.4451,0.3920,0.4655,0.0361
F:0.9828@390
A:0.9828@390
T:075b:0.6296,-0.1987,0.0256,0.0829,-0.5315,-0.1564,0.2838,-0.3331
C:075b:0.0000,0.0000,0.0000,0.0000,0.0000,0.0000,0.0000,0.0000
M:075b:0.2850,0.2816,-0.1376,-0.6769,-0.1165,-0.2152,0.3005,0.6087
I:075b:0.4822,-0.0427,0.0851,0.1186,-0.4451,0.3920,0.4655,0.0361
F:0.9828@390
A:0.9828@390
T:075c:0.6296,-0.1987,0.0256,0.0829,-0.5315,-0.1564,0.2838,-0.3331
C:075c:0.0000,0.0000,0.0000,0.0000,0.0000,0.0000,0.0000,0.0000
M:075c:0.2843,0.2811,-0.1367,-0.6770,-0.1153,-0.2155,0.3006,0.6091
I:075c:0.4822,-0.0427,0.0851,0.1186,-0.4451,0.3920,0.4655,0.0361
F:0.9828@390
A:0.9828@390
T:075e:0.6296,-0.1987,0.0256,0.0829,-0.5315,-0.1564,0.2838,-0.3331
C:075e:0.0000,0.0000,0.0000,0.0000,0.0000,0.0000,0.0000,0.0000
M:075e:0.2837,0.2809,-0.1354,-0.6771,-0.1145,-0.2155,0.3005,0.6094
I:075e:0.4822,-0.0427,0.0851,0.1186,-0.4451,0.3920,0.4655,0.0361
F:0.9828@390
A:0.9828@390
T:0760:0.6296,-0.1987,0.0256,0.0829,-0.5315,-0.1564,0.2838,-0.3331
C:0760:0.0000,0.0000,0.0000,0.0000,0.0000,0.0000,0.0000,0.0000
M:0760:0.2827,0.2803,-0.1348,-0.6772,-0.1137,-0.2162,0.3006,0.6097
I:0761:0.4822,-0.0427,0.0851,0.1186,-0.4451,0.3920,0.4655,0.0361
F:0.9828@390
A:0.9828@390
T:0762:0.6296,-0.1987,0.0256,0.0829,-0.5315,-0.1564,0.2838,-0.3331
C:0762:0.0000,0.0000,0.0000,0.0000,0.0000,0.0000,0.0000,0.0000
M:0762:0.2821,0.2798,-0.1340,-0.6774,-0.1126,-0.2168,0.3008,0.6100
I:0763:0.4822,-0.0427,0.0851,0.1186,-0.4451,0.3920,0.4655,0.0361
F:0.9822@390
A:0.9822@390
T:0764:0.6296,-0.1987,0.0256,0.0829,-0.5315,-0.1564,0.2838,-0.3331
C:0764:0.0000,0.0000,0.0000,0.0000,0.0000,0.0000,0.0000,0.0000
M:0764:0.2815,0.2794,-0.1332,-0.6776,-0.1117,-0.2172,0.3008,0.6104
I:0764:0.4822,-0.0427,0.0851,0.1186,-0.4451,0.3920,0.4655,0.0361
F:0.9822@390
A:0.9822@390
T:0766:0.6296,-0.1987,0.0256,0.0829,-0.5315,-0.1564,0.2838,-0.3331
C:0766:0.0000,0.0000,0.0000,0.0000,0.0000,0.0000,0.0000,0.0000
M:0766:0.2808,0.2790,-0.1323,-0.6777,-0.1107,-0.2177,0.3009,0.6108
I:0766:0.4822,-0.0427,0.0851,0.1186,-0.4451,0.3920,0.4655,0.0361
F:0.9822@390
A:0.9822@390
T:0768:0.6296,-0.1987,0.0256,0.0829,-0.5315,-0.1564,0.2838,-0.3331
C:0768:0.0000,0.0000,0.0000,0.0000,0.0000,0.0000,0.0000,0.0000
M:0768:0.2802,0.2787,-0.1314,-0.6779,-0.1098,-0.2181,0.3009,0.6111
I:0768:0.4822,-0.0427,0.0851,0.1186,-0.4451,0.3920,0.4655,0.0361
F:0.9815@390
A:0.9815@390
T:076a:0.6296,-0.1987,0.0256,0.0829,-0.5315,-0.1564,0.2838,-0.3331
C:076a:0.0000,0.0000,0.0000,0.0000,0.0000,0.0000,0.0000,0.0000
M:076a:0.2796,0.2785,-0.1301,-0.6780,-0.1093,-0.2181,0.3008,0.6114
I:076a:0.4822,-0.0427,0.0851,0.1186,-0.4451,0.3920,0.4655,0.0361
F:0.9811@390
A:0.9811@390
{
  "exo_version": "0.12",
  "last_tick": 1900,
  "attractor": {
    "events": 1,
    "sim_mean": 0.9811
  },
  "memory": {
    "unique_patterns": 3,
    "familiarity_mean": 0.9807
  },
  "path_dependency_index": 1.9150,
  "sedimentation": true
}

T:076c:0.6296,-0.1987,0.0256,0.0829,-0.5315,-0.1564,0.2838,-0.3331
C:076c:0.0000,0.0000,0.0000,0.0000,0.0000,0.0000,0.0000,0.0000
M:076c:0.2787,0.2780,-0.1296,-0.6782,-0.1085,-0.2190,0.3009,0.6117
I:076c:0.4822,-0.0427,0.0851,0.1186,-0.4451,0.3920,0.4655,0.0361
F:0.9807@390
A:0.9807@390
T:076d:0.6296,-0.1987,0.0256,0.0829,-0.5315,-0.1564,0.2838,-0.3331
C:076d:0.0000,0.0000,0.0000,0.0000,0.0000,0.0000,0.0000,0.0000
M:076d:0.2783,0.2778,-0.1286,-0.6783,-0.1079,-0.2192,0.3009,0.6119
I:076e:0.4822,-0.0427,0.0851,0.1186,-0.4451,0.3920,0.4655,0.0361
F:0.9807@390
A:0.9807@390
T:076f:0.6296,-0.1987,0.0256,0.0829,-0.5315,-0.1564,0.2838,-0.3331
C:076f:0.0000,0.0000,0.0000,0.0000,0.0000,0.0000,0.0000,0.0000
M:076f:0.2776,0.2775,-0.1278,-0.6784,-0.1074,-0.2197,0.3009,0.6122
I:076f:0.4822,-0.0427,0.0851,0.1186,-0.4451,0.3920,0.4655,0.0361
F:0.9807@390
A:0.9807@390
T:0771:0.6296,-0.1987,0.0256,0.0829,-0.5315,-0.1564,0.2838,-0.3331
C:0771:0.0000,0.0000,0.0000,0.0000,0.0000,0.0000,0.0000,0.0000
M:0771:0.2770,0.2772,-0.1272,-0.6786,-0.1067,-0.2202,0.3010,0.6125
I:0771:0.4822,-0.0427,0.0851,0.1186,-0.4451,0.3920,0.4655,0.0361
F:0.9802@390
A:0.9802@390
T:0773:0.6296,-0.1987,0.0256,0.0829,-0.5315,-0.1564,0.2838,-0.3331
C:0773:0.0000,0.0000,0.0000,0.0000,0.0000,0.0000,0.0000,0.0000
M:0773:0.2765,0.2769,-0.1266,-0.6788,-0.1058,-0.2208,0.3011,0.6128
I:0773:0.4822,-0.0427,0.0851,0.1186,-0.4451,0.3920,0.4655,0.0361
F:0.9802@390
A:0.9802@390
T:0775:0.6296,-0.1987,0.0256,0.0829,-0.5315,-0.1564,0.2838,-0.3331
C:0775:0.0000,0.0000,0.0000,0.0000,0.0000,0.0000,0.0000,0.0000
M:0775:0.2760,0.2765,-0.1260,-0.6790,-0.1048,-0.2213,0.3012,0.6132
I:0776:0.4822,-0.0427,0.0851,0.1186,-0.4451,0.3920,0.4655,0.0361
F:0.9802@390
A:0.9802@390
T:0777:0.6296,-0.1987,0.0256,0.0829,-0.5315,-0.1564,0.2838,-0.3331
C:0777:0.0000,0.0000,0.0000,0.0000,0.0000,0.0000,0.0000,0.0000
M:0777:0.2754,0.2762,-0.1253,-0.6792,-0.1037,-0.2217,0.3013,0.6136
I:0777:0.4822,-0.0427,0.0851,0.1186,-0.4451,0.3920,0.4655,0.0361
F:0.9802@390
A:0.9802@390
T:0779:0.6296,-0.1987,0.0256,0.0829,-0.5315,-0.1564,0.2838,-0.3331
C:0779:0.0000,0.0000,0.0000,0.0000,0.0000,0.0000,0.0000,0.0000
M:0779:0.2748,0.2760,-0.1241,-0.6793,-0.1029,-0.2217,0.3012,0.6139
I:0779:0.4822,-0.0427,0.0851,0.1186,-0.4451,0.3920,0.4655,0.0361
F:0.9802@390
A:0.9802@390
T:077b:0.6296,-0.1987,0.0256,0.0829,-0.5315,-0.1564,0.2838,-0.3331
C:077b:0.0000,0.0000,0.0000,0.0000,0.0000,0.0000,0.0000,0.0000
M:077b:0.2738,0.2754,-0.1236,-0.6794,-0.1019,-0.2225,0.3013,0.6142
I:077b:0.4822,-0.0427,0.0851,0.1186,-0.4451,0.3920,0.4655,0.0361
F:0.9802@390
A:0.9802@390
T:077e:0.6296,-0.1987,0.0256,0.0829,-0.5315,-0.1564,0.2838,-0.3331
C:077e:0.0000,0.0000,0.0000,0.0000,0.0000,0.0000,0.0000,0.0000
M:077f:0.2731,0.2748,-0.1233,-0.6797,-0.1004,-0.2234,0.3016,0.6146
I:077f:0.4822,-0.0427,0.0851,0.1186,-0.4451,0.3920,0.4655,0.0361
F:0.9802@390
A:0.9802@390
T:0780:0.6296,-0.1987,0.0256,0.0829,-0.5315,-0.1564,0.2838,-0.3331
C:0780:0.0000,0.0000,0.0000,0.0000,0.0000,0.0000,0.0000,0.0000
M:0780:0.2725,0.2743,-0.1224,-0.6799,-0.0988,-0.2237,0.3017,0.6150
I:0780:0.4822,-0.0427,0.0851,0.1186,-0.4451,0.3920,0.4655,0.0361
F:0.9795@390
A:0.9795@390
T:0782:0.6296,-0.1987,0.0256,0.0829,-0.5315,-0.1564,0.2838,-0.3331
C:0782:0.0000,0.0000,0.0000,0.0000,0.0000,0.0000,0.0000,0.0000
M:0782:0.2718,0.2738,-0.1212,-0.6800,-0.0974,-0.2240,0.3017,0.6155
I:0783:0.4822,-0.0427,0.0851,0.1186,-0.4451,0.3920,0.4655,0.0361
F:0.9793@390
A:0.9793@390
T:0784:0.6296,-0.1987,0.0256,0.0829,-0.5315,-0.1564,0.2838,-0.3331
C:0784:0.0000,0.0000,0.0000,0.0000,0.0000,0.0000,0.0000,0.0000
M:0785:0.2708,0.2734,-0.1199,-0.6801,-0.0964,-0.2242,0.3016,0.6158
I:0785:0.4822,-0.0427,0.0851,0.1186,-0.4451,0.3920,0.4655,0.0361
F:0.9789@390
A:0.9789@390
T:0786:0.6296,-0.1987,0.0256,0.0829,-0.5315,-0.1564,0.2838,-0.3331
C:0786:0.0000,0.0000,0.0000,0.0000,0.0000,0.0000,0.0000,0.0000
M:0787:0.2698,0.2729,-0.1185,-0.6802,-0.0956,-0.2245,0.3016,0.6161
I:0787:0.4822,-0.0427,0.0851,0.1186,-0.4451,0.3920,0.4655,0.0361
F:0.9784@390
A:0.9784@390
T:0789:0.6296,-0.1987,0.0256,0.0829,-0.5315,-0.1564,0.2838,-0.3331
C:0789:0.0000,0.0000,0.0000,0.0000,0.0000,0.0000,0.0000,0.0000
M:078a:0.2688,0.2723,-0.1176,-0.6804,-0.0947,-0.2253,0.3017,0.6164
I:078a:0.4822,-0.0427,0.0851,0.1186,-0.4451,0.3920,0.4655,0.0361
F:0.9784@390
A:0.9784@390
T:078c:0.6296,-0.1987,0.0256,0.0829,-0.5315,-0.1564,0.2838,-0.3331
C:078c:0.0000,0.0000,0.0000,0.0000,0.0000,0.0000,0.0000,0.0000
M:078c:0.2680,0.2717,-0.1169,-0.6806,-0.0934,-0.2262,0.3020,0.6168
I:078d:0.4822,-0.0427,0.0851,0.1186,-0.4451,0.3920,0.4655,0.0361
F:0.9784@390
A:0.9784@390
T:078e:0.6296,-0.1987,0.0256,0.0829,-0.5315,-0.1564,0.2838,-0.3331
C:078e:0.0000,0.0000,0.0000,0.0000,0.0000,0.0000,0.0000,0.0000
M:078e:0.2674,0.2712,-0.1158,-0.6808,-0.0922,-0.2266,0.3020,0.6173
I:078f:0.4822,-0.0427,0.0851,0.1186,-0.4451,0.3920,0.4655,0.0361
F:0.9784@390
A:0.9784@390
T:0790:0.6296,-0.1987,0.0256,0.0829,-0.5315,-0.1564,0.2838,-0.3331
C:0790:0.0000,0.0000,0.0000,0.0000,0.0000,0.0000,0.0000,0.0000
M:0790:0.2667,0.2709,-0.1145,-0.6810,-0.0911,-0.2269,0.3019,0.6177
I:0791:0.4822,-0.0427,0.0851,0.1186,-0.4451,0.3920,0.4655,0.0361
F:0.9784@390
A:0.9784@390
T:0792:0.6296,-0.1987,0.0256,0.0829,-0.5315,-0.1564,0.2838,-0.3331
C:0792:0.0000,0.0000,0.0000,0.0000,0.0000,0.0000,0.0000,0.0000
M:0792:0.2658,0.2706,-0.1132,-0.6811,-0.0904,-0.2272,0.3019,0.6180
I:0792:0.4822,-0.0427,0.0851,0.1186,-0.4451,0.3920,0.4655,0.0361
F:0.9784@390
A:0.9784@390
T:0794:0.6296,-0.1987,0.0256,0.0829,-0.5315,-0.1564,0.2838,-0.3331
C:0794:0.0000,0.0000,0.0000,0.0000,0.0000,0.0000,0.0000,0.0000
M:0794:0.2649,0.2703,-0.1119,-0.6812,-0.0898,-0.2276,0.3018,0.6183
I:0794:0.4822,-0.0427,0.0851,0.1186,-0.4451,0.3920,0.4655,0.0361
F:0.9777@390
A:0.9777@390
T:0795:0.6296,-0.1987,0.0256,0.0829,-0.5315,-0.1564,0.2838,-0.3331
C:0795:0.0000,0.0000,0.0000,0.0000,0.0000,0.0000,0.0000,0.0000
M:0796:0.2642,0.2702,-0.1103,-0.6813,-0.0898,-0.2277,0.3017,0.6185
I:0796:0.4822,-0.0427,0.0851,0.1186,-0.4451,0.3920,0.4655,0.0361
F:0.9777@390
A:0.9777@390
T:0797:0.6296,-0.1987,0.0256,0.0829,-0.5315,-0.1564,0.2838,-0.3331
C:0797:0.0000,0.0000,0.0000,0.0000,0.0000,0.0000,0.0000,0.0000
M:0797:0.2635,0.2700,-0.1093,-0.6814,-0.0899,-0.2283,0.3017,0.6186
I:0798:0.4822,-0.0427,0.0851,0.1186,-0.4451,0.3920,0.4655,0.0361
F:0.9769@390
A:0.9769@390
T:0799:0.6296,-0.1987,0.0256,0.0829,-0.5315,-0.1564,0.2838,-0.3331
C:0799:0.0000,0.0000,0.0000,0.0000,0.0000,0.0000,0.0000,0.0000
M:0799:0.2629,0.2698,-0.1087,-0.6816,-0.0898,-0.2291,0.3018,0.6188
I:0799:0.4822,-0.0427,0.0851,0.1186,-0.4451,0.3920,0.4655,0.0361
F:0.9769@390
A:0.9769@390
T:079b:0.6296,-0.1987,0.0256,0.0829,-0.5315,-0.1564,0.2838,-0.3331
C:079b:0.0000,0.0000,0.0000,0.0000,0.0000,0.0000,0.0000,0.0000
M:079b:0.2626,0.2696,-0.1084,-0.6818,-0.0893,-0.2299,0.3020,0.6191
I:079c:0.4822,-0.0427,0.0851,0.1186,-0.4451,0.3920,0.4655,0.0361
F:0.9769@390
A:0.9769@390
T:079d:0.6296,-0.1987,0.0256,0.0829,-0.5315,-0.1564,0.2838,-0.3331
C:079d:0.0000,0.0000,0.0000,0.0000,0.0000,0.0000,0.0000,0.0000
M:079d:0.2623,0.2694,-0.1081,-0.6820,-0.0884,-0.2306,0.3021,0.6195
I:079d:0.4822,-0.0427,0.0851,0.1186,-0.4451,0.3920,0.4655,0.0361
F:0.9764@390
A:0.9764@390
T:079e:0.6296,-0.1987,0.0256,0.0829,-0.5315,-0.1564,0.2838,-0.3331
C:079e:0.0000,0.0000,0.0000,0.0000,0.0000,0.0000,0.0000,0.0000
M:079f:0.2620,0.2693,-0.1073,-0.6822,-0.0875,-0.2307,0.3020,0.6198
I:079f:0.4822,-0.0427,0.0851,0.1186,-0.4451,0.3920,0.4655,0.0361
F:0.9764@390
A:0.9764@390
T:07a0:0.6296,-0.1987,0.0256,0.0829,-0.5315,-0.1564,0.2838,-0.3331
C:07a0:0.0000,0.0000,0.0000,0.0000,0.0000,0.0000,0.0000,0.0000
M:07a0:0.2613,0.2690,-0.1067,-0.6824,-0.0866,-0.2311,0.3020,0.6201
I:07a0:0.4822,-0.0427,0.0851,0.1186,-0.4451,0.3920,0.4655,0.0361
F:0.9760@390
A:0.9760@390
T:07a2:0.6296,-0.1987,0.0256,0.0829,-0.5315,-0.1564,0.2838,-0.3331
C:07a2:0.0000,0.0000,0.0000,0.0000,0.0000,0.0000,0.0000,0.0000
M:07a2:0.2606,0.2687,-0.1061,-0.6825,-0.0856,-0.2315,0.3021,0.6204
I:07a3:0.4822,-0.0427,0.0851,0.1186,-0.4451,0.3920,0.4655,0.0361
F:0.9760@390
A:0.9760@390
T:07a4:0.6296,-0.1987,0.0256,0.0829,-0.5315,-0.1564,0.2838,-0.3331
C:07a4:0.0000,0.0000,0.0000,0.0000,0.0000,0.0000,0.0000,0.0000
M:07a5:0.2598,0.2682,-0.1053,-0.6827,-0.0844,-0.2319,0.3022,0.6207
I:07a5:0.4822,-0.0427,0.0851,0.1186,-0.4451,0.3920,0.4655,0.0361
F:0.9755@390
A:0.9755@390
T:07a7:0.6296,-0.1987,0.0256,0.0829,-0.5315,-0.1564,0.2838,-0.3331
C:07a7:0.0000,0.0000,0.0000,0.0000,0.0000,0.0000,0.0000,0.0000
M:07a7:0.2590,0.2675,-0.1049,-0.6829,-0.0829,-0.2327,0.3024,0.6210
I:07a8:0.4822,-0.0427,0.0851,0.1186,-0.4451,0.3920,0.4655,0.0361
F:0.9755@390
A:0.9755@390
T:07a9:0.6296,-0.1987,0.0256,0.0829,-0.5315,-0.1564,0.2838,-0.3331
C:07a9:0.0000,0.0000,0.0000,0.0000,0.0000,0.0000,0.0000,0.0000
M:07a9:0.2583,0.2670,-0.1039,-0.6830,-0.0813,-0.2330,0.3026,0.6215
I:07a9:0.4822,-0.0427,0.0851,0.1186,-0.4451,0.3920,0.4655,0.0361
F:0.9755@390
A:0.9755@390
T:07ab:0.6296,-0.1987,0.0256,0.0829,-0.5315,-0.1564,0.2838,-0.3331
C:07ab:0.0000,0.0000,0.0000,0.0000,0.0000,0.0000,0.0000,0.0000
M:07ab:0.2574,0.2665,-0.1026,-0.6832,-0.0800,-0.2332,0.3025,0.6218
I:07ab:0.4822,-0.0427,0.0851,0.1186,-0.4451,0.3920,0.4655,0.0361
F:0.9747@390
A:0.9747@390
T:07ad:0.6296,-0.1987,0.0256,0.0829,-0.5315,-0.1564,0.2838,-0.3331
C:07ad:0.0000,0.0000,0.0000,0.0000,0.0000,0.0000,0.0000,0.0000
M:07ad:0.2564,0.2660,-0.1011,-0.6833,-0.0789,-0.2334,0.3024,0.6222
I:07ad:0.4822,-0.0427,0.0851,0.1186,-0.4451,0.3920,0.4655,0.0361
F:0.9747@390
A:0.9747@390
T:07af:0.6296,-0.1987,0.0256,0.0829,-0.5315,-0.1564,0.2838,-0.3331
C:07af:0.0000,0.0000,0.0000,0.0000,0.0000,0.0000,0.0000,0.0000
M:07af:0.2554,0.2655,-0.0996,-0.6833,-0.0782,-0.2337,0.3024,0.6224
I:07b0:0.4822,-0.0427,0.0851,0.1186,-0.4451,0.3920,0.4655,0.0361
F:0.9742@390
A:0.9742@390
T:07b1:0.6296,-0.1987,0.0256,0.0829,-0.5315,-0.1564,0.2838,-0.3331
C:07b2:0.0000,0.0000,0.0000,0.0000,0.0000,0.0000,0.0000,0.0000
M:07b2:0.2545,0.2651,-0.0982,-0.6834,-0.0778,-0.2342,0.3024,0.6227
I:07b2:0.4822,-0.0427,0.0851,0.1186,-0.4451,0.3920,0.4655,0.0361
F:0.9742@390
A:0.9742@390
T:07b3:0.6296,-0.1987,0.0256,0.0829,-0.5315,-0.1564,0.2838,-0.3331
C:07b3:0.0000,0.0000,0.0000,0.0000,0.0000,0.0000,0.0000,0.0000
M:07b3:0.2537,0.2648,-0.0970,-0.6836,-0.0775,-0.2348,0.3024,0.6229
I:07b4:0.4822,-0.0427,0.0851,0.1186,-0.4451,0.3920,0.4655,0.0361
F:0.9742@390
A:0.9742@390
T:07b6:0.6296,-0.1987,0.0256,0.0829,-0.5315,-0.1564,0.2838,-0.3331
C:07b7:0.0000,0.0000,0.0000,0.0000,0.0000,0.0000,0.0000,0.0000
M:07b7:0.2530,0.2643,-0.0965,-0.6838,-0.0768,-0.2358,0.3026,0.6232
I:07b8:0.4822,-0.0427,0.0851,0.1186,-0.4451,0.3920,0.4655,0.0361
F:0.9742@390
A:0.9742@390
T:07b9:0.6296,-0.1987,0.0256,0.0829,-0.5315,-0.1564,0.2838,-0.3331
C:07b9:0.0000,0.0000,0.0000,0.0000,0.0000,0.0000,0.0000,0.0000
M:07b9:0.2524,0.2638,-0.0962,-0.6841,-0.0754,-0.2368,0.3029,0.6236
I:07ba:0.4822,-0.0427,0.0851,0.1186,-0.4451,0.3920,0.4655,0.0361
F:0.9742@390
A:0.9742@390
T:07bb:0.6296,-0.1987,0.0256,0.0829,-0.5315,-0.1564,0.2838,-0.3331
C:07bc:0.0000,0.0000,0.0000,0.0000,0.0000,0.0000,0.0000,0.0000
M:07bc:0.2519,0.2634,-0.0953,-0.6843,-0.0739,-0.2372,0.3029,0.6241
I:07bc:0.4822,-0.0427,0.0851,0.1186,-0.4451,0.3920,0.4655,0.0361
F:0.9742@390
A:0.9742@390
T:07bd:0.6296,-0.1987,0.0256,0.0829,-0.5315,-0.1564,0.2838,-0.3331
C:07bd:0.0000,0.0000,0.0000,0.0000,0.0000,0.0000,0.0000,0.0000
M:07bd:0.2511,0.2630,-0.0941,-0.6844,-0.0724,-0.2374,0.3028,0.6245
I:07be:0.4822,-0.0427,0.0851,0.1186,-0.4451,0.3920,0.4655,0.0361
F:0.9742@390
A:0.9742@390
T:07c0:0.6296,-0.1987,0.0256,0.0829,-0.5315,-0.1564,0.2838,-0.3331
C:07c0:0.0000,0.0000,0.0000,0.0000,0.0000,0.0000,0.0000,0.0000
M:07c0:0.2501,0.2627,-0.0926,-0.6846,-0.0713,-0.2376,0.3027,0.6248
I:07c0:0.4822,-0.0427,0.0851,0.1186,-0.4451,0.3920,0.4655,0.0361
F:0.9742@390
A:0.9742@390
T:07c1:0.6296,-0.1987,0.0256,0.0829,-0.5315,-0.1564,0.2838,-0.3331
C:07c1:0.0000,0.0000,0.0000,0.0000,0.0000,0.0000,0.0000,0.0000
M:07c1:0.2489,0.2623,-0.0910,-0.6847,-0.0706,-0.2378,0.3026,0.6251
I:07c1:0.4822,-0.0427,0.0851,0.1186,-0.4451,0.3920,0.4655,0.0361
F:0.9737@390
A:0.9737@390
T:07c3:0.6296,-0.1987,0.0256,0.0829,-0.5315,-0.1564,0.2838,-0.3331
C:07c3:0.0000,0.0000,0.0000,0.0000,0.0000,0.0000,0.0000,0.0000
M:07c3:0.2481,0.2621,-0.0890,-0.6847,-0.0707,-0.2379,0.3025,0.6253
I:07c3:0.4822,-0.0427,0.0851,0.1186,-0.4451,0.3920,0.4655,0.0361
F:0.9731@390
A:0.9731@390
T:07c6:0.6296,-0.1987,0.0256,0.0829,-0.5315,-0.1564,0.2838,-0.3331
C:07c6:0.0000,0.0000,0.0000,0.0000,0.0000,0.0000,0.0000,0.0000
M:07c7:0.2470,0.2617,-0.0881,-0.6848,-0.0707,-0.2388,0.3026,0.6254
I:07c7:0.4822,-0.0427,0.0851,0.1186,-0.4451,0.3920,0.4655,0.0361
F:0.9731@390
A:0.9731@390
T:07c8:0.6296,-0.1987,0.0256,0.0829,-0.5315,-0.1564,0.2838,-0.3331
C:07c8:0.0000,0.0000,0.0000,0.0000,0.0000,0.0000,0.0000,0.0000
M:07c8:0.2464,0.2612,-0.0877,-0.6851,-0.0700,-0.2400,0.3029,0.6257
I:07c8:0.4822,-0.0427,0.0851,0.1186,-0.4451,0.3920,0.4655,0.0361
F:0.9723@390
A:0.9723@390
T:07ca:0.6296,-0.1987,0.0256,0.0829,-0.5315,-0.1564,0.2838,-0.3331
C:07ca:0.0000,0.0000,0.0000,0.0000,0.0000,0.0000,0.0000,0.0000
M:07ca:0.2461,0.2608,-0.0871,-0.6853,-0.0689,-0.2407,0.3031,0.6261
I:07ca:0.4822,-0.0427,0.0851,0.1186,-0.4451,0.3920,0.4655,0.0361
F:0.9718@390
A:0.9718@390
T:07cc:0.6296,-0.1987,0.0256,0.0829,-0.5315,-0.1564,0.2838,-0.3331
C:07cc:0.0000,0.0000,0.0000,0.0000,0.0000,0.0000,0.0000,0.0000
M:07cc:0.2456,0.2606,-0.0864,-0.6855,-0.0677,-0.2412,0.3030,0.6265
I:07cc:0.4822,-0.0427,0.0851,0.1186,-0.4451,0.3920,0.4655,0.0361
F:0.9718@390
A:0.9718@390
T:07ce:0.6296,-0.1987,0.0256,0.0829,-0.5315,-0.1564,0.2838,-0.3331
C:07ce:0.0000,0.0000,0.0000,0.0000,0.0000,0.0000,0.0000,0.0000
M:07ce:0.2449,0.2603,-0.0854,-0.6857,-0.0665,-0.2415,0.3030,0.6269
I:07ce:0.4822,-0.0427,0.0851,0.1186,-0.4451,0.3920,0.4655,0.0361
F:0.9718@390
A:0.9718@390
{
  "exo_version": "0.12",
  "last_tick": 2000,
  "attractor": {
    "events": 1,
    "sim_mean": 0.9718
  },
  "memory": {
    "unique_patterns": 3,
    "familiarity_mean": 0.9503
  },
  "path_dependency_index": 1.9150,
  "sedimentation": true
}

T:07d0:0.6296,-0.1987,0.0256,0.0829,-0.5315,-0.1564,0.2838,-0.3331
C:07d1:0.0000,0.0000,0.0000,0.0000,0.0000,0.0000,0.0000,0.0000
M:07d1:0.3519,0.3947,0.2033,-0.5968,-0.2861,0.1252,0.0805,0.5431
I:07d1:0.4822,-0.0427,0.0851,0.1186,-0.4451,0.3920,0.4655,0.0361
F:0.9503@390
A:0.9503@390
T:07d3:0.6296,-0.1987,0.0256,0.0829,-0.5315,-0.1564,0.2838,-0.3331
C:07d4:0.0000,0.0000,0.0000,0.0000,0.0000,0.0000,0.0000,0.0000
M:07d4:0.2379,0.4461,0.2735,-0.5108,-0.4333,0.2195,0.0160,0.2459
I:07d4:0.4822,-0.0427,0.0851,0.1186,-0.4451,0.3920,0.4655,0.0361
F:0.9031@390
A:0.9031@390
T:07d5:0.6296,-0.1987,0.0256,0.0829,-0.5315,-0.1564,0.2838,-0.3331
C:07d5:0.0000,0.0000,0.0000,0.0000,0.0000,0.0000,0.0000,0.0000
M:07d5:0.1187,0.4194,0.2056,-0.4126,-0.4977,0.1395,0.0533,-0.0600
I:07d5:0.4822,-0.0427,0.0851,0.1186,-0.4451,0.3920,0.4655,0.0361
F:0.9318@1010
A:0.9318@1010
T:07d7:0.6296,-0.1987,0.0256,0.0829,-0.5315,-0.1564,0.2838,-0.3331
C:07d7:0.0000,0.0000,0.0000,0.0000,0.0000,0.0000,0.0000,0.0000
M:07d7:0.1326,0.3224,0.0332,-0.3061,-0.4897,-0.0142,0.0893,-0.2321
I:07d8:0.4823,-0.0426,0.0851,0.1187,-0.4452,0.3919,0.4655,0.0361
F:0.9828@1010
A:0.9828@1010
T:07d9:0.6296,-0.1987,0.0256,0.0829,-0.5315,-0.1564,0.2838,-0.3331
C:07d9:0.0000,0.0000,0.0000,0.0000,0.0000,0.0000,0.0000,0.0000
M:07d9:0.2150,0.1982,-0.1438,-0.2515,-0.3953,-0.1238,0.0955,-0.2681
I:07da:0.4823,-0.0426,0.0852,0.1187,-0.4452,0.3920,0.4655,0.0360
F:1.0000@1010
A:1.0000@1010
T:07db:0.6296,-0.1987,0.0256,0.0829,-0.5315,-0.1564,0.2838,-0.3331
C:07db:0.0000,0.0000,0.0000,0.0000,0.0000,0.0000,0.0000,0.0000
M:07db:0.2890,0.1031,-0.2643,-0.2502,-0.1935,-0.1548,0.0885,-0.1908
I:07dc:0.4824,-0.0426,0.0853,0.1188,-0.4452,0.3920,0.4655,0.0360
F:0.9827@1010
A:0.9827@1010
T:07dd:0.6296,-0.1987,0.0256,0.0829,-0.5315,-0.1564,0.2838,-0.3331
C:07dd:0.0000,0.0000,0.0000,0.0000,0.0000,0.0000,0.0000,0.0000
M:07dd:0.3165,0.0589,-0.3005,-0.2580,0.0160,-0.0711,0.0633,-0.0366
I:07dd:0.4824,-0.0426,0.0853,0.1188,-0.4453,0.3920,0.4655,0.0360
F:0.9346@1010
A:0.9346@1010
T:07df:0.6296,-0.1987,0.0256,0.0829,-0.5315,-0.1564,0.2838,-0.3331
C:07df:0.0000,0.0000,0.0000,0.0000,0.0000,0.0000,0.0000,0.0000
M:07df:0.2794,0.0373,-0.2598,-0.2520,0.1353,0.0566,0.0508,0.0761
I:07df:0.4824,-0.0426,0.0853,0.1189,-0.4453,0.3920,0.4655,0.0359
F:0.9380@20
A:0.9380@20
T:07e1:0.6296,-0.1987,0.0256,0.0829,-0.5315,-0.1564,0.2838,-0.3331
C:07e1:0.0000,0.0000,0.0000,0.0000,0.0000,0.0000,0.0000,0.0000
M:07e1:0.2011,-0.0030,-0.1851,-0.2177,0.1613,0.1361,0.0663,0.1147
I:07e1:0.4811,-0.0396,0.0872,0.1179,-0.4453,0.3944,0.4646,0.0360
F:0.9362@20
A:0.9362@20
T:07e2:0.6296,-0.1987,0.0256,0.0829,-0.5315,-0.1564,0.2838,-0.3331
C:07e2:0.0000,0.0000,0.0000,0.0000,0.0000,0.0000,0.0000,0.0000
M:07e3:0.1512,-0.0631,-0.1252,-0.1586,0.1210,0.1501,0.0905,0.1109
I:07e3:0.4800,-0.0381,0.0880,0.1179,-0.4449,0.3964,0.4635,0.0360
F:0.9346@20
A:0.9346@20
T:07e5:0.6296,-0.1987,0.0256,0.0829,-0.5315,-0.1564,0.2838,-0.3331
C:07e5:0.0000,0.0000,0.0000,0.0000,0.0000,0.0000,0.0000,0.0000
M:07e5:0.1605,-0.1211,-0.1240,-0.1048,0.0626,0.1004,0.1054,0.1124
I:07e6:0.4792,-0.0378,0.0879,0.1184,-0.4444,0.3976,0.4624,0.0359
F:0.9380@20
A:0.9380@20
T:07e7:0.6296,-0.1987,0.0256,0.0829,-0.5315,-0.1564,0.2838,-0.3331
C:07e7:0.0000,0.0000,0.0000,0.0000,0.0000,0.0000,0.0000,0.0000
M:07e7:0.2112,-0.1507,-0.1636,-0.1050,0.0404,0.0308,0.1060,0.1539
I:07e8:0.4786,-0.0382,0.0874,0.1190,-0.4439,0.3980,0.4616,0.0357
F:0.9431@20
A:0.9431@20
T:07e9:0.6296,-0.1987,0.0256,0.0829,-0.5315,-0.1564,0.2838,-0.3331
C:07e9:0.0000,0.0000,0.0000,0.0000,0.0000,0.0000,0.0000,0.0000
M:07e9:0.2647,-0.1277,-0.1888,-0.1591,0.0501,0.0196,0.0962,0.2210
I:07e9:0.4783,-0.0390,0.0866,0.1194,-0.4434,0.3979,0.4610,0.0355
F:0.9480@20
A:0.9480@20
T:07eb:0.6296,-0.1987,0.0256,0.0829,-0.5315,-0.1564,0.2838,-0.3331
C:07eb:0.0000,0.0000,0.0000,0.0000,0.0000,0.0000,0.0000,0.0000
M:07eb:0.2881,-0.0567,-0.1773,-0.2210,0.0403,0.0633,0.0907,0.2693
I:07ec:0.4782,-0.0398,0.0857,0.1197,-0.4431,0.3975,0.4607,0.0353
F:0.9509@20
A:0.9509@20
T:07ed:0.6296,-0.1987,0.0256,0.0829,-0.5315,-0.1564,0.2838,-0.3331
C:07ed:0.0000,0.0000,0.0000,0.0000,0.0000,0.0000,0.0000,0.0000
M:07ed:0.2783,0.0149,-0.1491,-0.2627,-0.0210,0.1028,0.0970,0.2765
I:07ed:0.4783,-0.0404,0.0851,0.1196,-0.4429,0.3970,0.4607,0.0353
F:0.9497@20
A:0.9497@20
T:07ee:0.6296,-0.1987,0.0256,0.0829,-0.5315,-0.1564,0.2838,-0.3331
C:07ee:0.0000,0.0000,0.0000,0.0000,0.0000,0.0000,0.0000,0.0000
M:07ef:0.2664,0.0640,-0.1384,-0.2887,-0.1062,0.1047,0.1167,0.2497
I:07ef:0.4785,-0.0407,0.0847,0.1194,-0.4428,0.3966,0.4608,0.0352
F:0.9487@20
A:0.9487@20
T:07f0:0.6296,-0.1987,0.0256,0.0829,-0.5315,-0.1564,0.2838,-0.3331
C:07f0:0.0000,0.0000,0.0000,0.0000,0.0000,0.0000,0.0000,0.0000
M:07f0:0.2764,0.0932,-0.1593,-0.3102,-0.1764,0.0699,0.1399,0.2166
I:07f1:0.4788,-0.0408,0.0846,0.1191,-0.4428,0.3963,0.4610,0.0353
F:0.9533@390
A:0.9533@390
T:07f2:0.6296,-0.1987,0.0256,0.0829,-0.5315,-0.1564,0.2838,-0.3331
C:07f3:0.0000,0.0000,0.0000,0.0000,0.0000,0.0000,0.0000,0.0000
M:07f3:0.3047,0.1171,-0.1965,-0.3348,-0.2143,0.0281,0.1556,0.2045
I:07f3:0.4801,-0.0438,0.0827,0.1199,-0.4428,0.3937,0.4621,0.0352
F:0.9619@390
A:0.9619@390
T:07f4:0.6296,-0.1987,0.0256,0.0829,-0.5315,-0.1564,0.2838,-0.3331
C:07f4:0.0000,0.0000,0.0000,0.0000,0.0000,0.0000,0.0000,0.0000
M:07f4:0.3345,0.1456,-0.2289,-0.3627,-0.2257,0.0095,0.1617,0.2151
I:07f5:0.4813,-0.0452,0.0821,0.1197,-0.4432,0.3917,0.4634,0.0353
F:0.9699@390
A:0.9699@390
T:07f6:0.6296,-0.1987,0.0256,0.0829,-0.5315,-0.1564,0.2838,-0.3331
C:07f6:0.0000,0.0000,0.0000,0.0000,0.0000,0.0000,0.0000,0.0000
M:07f6:0.3531,0.1757,-0.2478,-0.3885,-0.2273,0.0155,0.1643,0.2312
I:07f6:0.4822,-0.0453,0.0823,0.1190,-0.4438,0.3906,0.4645,0.0355
F:0.9749@390
A:0.9749@390
T:07f8:0.6296,-0.1987,0.0256,0.0829,-0.5315,-0.1564,0.2838,-0.3331
C:07f8:0.0000,0.0000,0.0000,0.0000,0.0000,0.0000,0.0000,0.0000
M:07f8:0.3592,0.1995,-0.2563,-0.4075,-0.2314,0.0288,0.1691,0.2398
I:07f8:0.4828,-0.0447,0.0830,0.1183,-0.4443,0.3902,0.4654,0.0358
F:0.9771@390
A:0.9771@390
T:07fa:0.6296,-0.1987,0.0256,0.0829,-0.5315,-0.1564,0.2838,-0.3331
C:07fa:0.0000,0.0000,0.0000,0.0000,0.0000,0.0000,0.0000,0.0000
M:07fa:0.3594,0.2137,-0.2614,-0.4194,-0.2396,0.0362,0.1768,0.2400
I:07fb:0.4830,-0.0437,0.0839,0.1178,-0.4448,0.3905,0.4659,0.0360
F:0.9793@390
A:0.9793@390
T:07fc:0.6296,-0.1987,0.0256,0.0829,-0.5315,-0.1564,0.2838,-0.3331
C:07fc:0.0000,0.0000,0.0000,0.0000,0.0000,0.0000,0.0000,0.0000
M:07fc:0.3603,0.2202,-0.2672,-0.4265,-0.2481,0.0348,0.1849,0.2376
I:07fc:0.4830,-0.0427,0.0849,0.1176,-0.4451,0.3910,0.4662,0.0361
F:0.9798@390
A:0.9798@390
T:07ff:0.6296,-0.1987,0.0256,0.0829,-0.5315,-0.1564,0.2838,-0.3331
C:0800:0.0000,0.0000,0.0000,0.0000,0.0000,0.0000,0.0000,0.0000
M:0800:0.3639,0.2230,-0.2743,-0.4318,-0.2535,0.0287,0.1912,0.2381
I:0800:0.4829,-0.0421,0.0855,0.1177,-0.4453,0.3916,0.4662,0.0362
F:0.9810@390
A:0.9810@390
T:0801:0.6296,-0.1987,0.0256,0.0829,-0.5315,-0.1564,0.2838,-0.3331
C:0801:0.0000,0.0000,0.0000,0.0000,0.0000,0.0000,0.0000,0.0000
M:0802:0.3692,0.2260,-0.2802,-0.4368,-0.2557,0.0246,0.1948,0.2428
I:0802:0.4826,-0.0417,0.0859,0.1179,-0.4454,0.3921,0.4660,0.0362
F:0.9816@390
A:0.9816@390
T:0804:0.6296,-0.1987,0.0256,0.0829,-0.5315,-0.1564,0.2838,-0.3331
C:0804:0.0000,0.0000,0.0000,0.0000,0.0000,0.0000,0.0000,0.0000
M:0805:0.3735,0.2298,-0.2842,-0.4420,-0.2564,0.0234,0.1968,0.2496
I:0805:0.4824,-0.0417,0.0860,0.1183,-0.4454,0.3924,0.4658,0.0362
F:0.9821@390
A:0.9821@390
T:0806:0.6296,-0.1987,0.0256,0.0829,-0.5315,-0.1564,0.2838,-0.3331
C:0806:0.0000,0.0000,0.0000,0.0000,0.0000,0.0000,0.0000,0.0000
M:0807:0.3763,0.2343,-0.2860,-0.4468,-0.2576,0.0249,0.1983,0.2558
I:0807:0.4821,-0.0419,0.0858,0.1186,-0.4453,0.3925,0.4656,0.0361
F:0.9833@390
A:0.9833@390
T:0808:0.6296,-0.1987,0.0256,0.0829,-0.5315,-0.1564,0.2838,-0.3331
C:0808:0.0000,0.0000,0.0000,0.0000,0.0000,0.0000,0.0000,0.0000
M:0808:0.3776,0.2383,-0.2866,-0.4508,-0.2602,0.0263,0.2000,0.2602
I:0808:0.4820,-0.0423,0.0855,0.1188,-0.4452,0.3925,0.4654,0.0361
F:0.9848@390
A:0.9848@390
T:080a:0.6296,-0.1987,0.0256,0.0829,-0.5315,-0.1564,0.2838,-0.3331
C:080a:0.0000,0.0000,0.0000,0.0000,0.0000,0.0000,0.0000,0.0000
M:080a:0.3784,0.2416,-0.2870,-0.4541,-0.2636,0.0262,0.2020,0.2630
I:080a:0.4820,-0.0426,0.0852,0.1190,-0.4451,0.3923,0.4653,0.0360
F:0.9851@390
A:0.9851@390
T:080d:0.6296,-0.1987,0.0256,0.0829,-0.5315,-0.1564,0.2838,-0.3331
C:080d:0.0000,0.0000,0.0000,0.0000,0.0000,0.0000,0.0000,0.0000
M:080d:0.3793,0.2441,-0.2879,-0.4572,-0.2667,0.0244,0.2040,0.2655
I:080f:0.4820,-0.0429,0.0850,0.1190,-0.4451,0.3921,0.4653,0.0360
F:0.9851@390
A:0.9851@390
T:0810:0.6296,-0.1987,0.0256,0.0829,-0.5315,-0.1564,0.2838,-0.3331
C:0811:0.0000,0.0000,0.0000,0.0000,0.0000,0.0000,0.0000,0.0000
M:0811:0.3806,0.2465,-0.2889,-0.4602,-0.2691,0.0224,0.2056,0.2686
I:0811:0.4820,-0.0430,0.0848,0.1189,-0.4450,0.3920,0.4653,0.0360
F:0.9855@390
A:0.9855@390
T:0813:0.6296,-0.1987,0.0256,0.0829,-0.5315,-0.1564,0.2838,-0.3331
C:0813:0.0000,0.0000,0.0000,0.0000,0.0000,0.0000,0.0000,0.0000
M:0813:0.3820,0.2491,-0.2895,-0.4633,-0.2710,0.0210,0.2069,0.2720
I:0813:0.4821,-0.0431,0.0848,0.1188,-0.4450,0.3918,0.4654,0.0361
F:0.9863@390
A:0.9863@390
T:0814:0.6296,-0.1987,0.0256,0.0829,-0.5315,-0.1564,0.2838,-0.3331
C:0814:0.0000,0.0000,0.0000,0.0000,0.0000,0.0000,0.0000,0.0000
M:0815:0.3832,0.2521,-0.2892,-0.4661,-0.2733,0.0213,0.2076,0.2749
I:0815:0.4822,-0.0430,0.0848,0.1187,-0.4451,0.3918,0.4655,0.0361
F:0.9866@390
A:0.9866@390
T:0816:0.6296,-0.1987,0.0256,0.0829,-0.5315,-0.1564,0.2838,-0.3331
C:0816:0.0000,0.0000,0.0000,0.0000,0.0000,0.0000,0.0000,0.0000
M:0816:0.3838,0.2548,-0.2891,-0.4684,-0.2758,0.0209,0.2084,0.2769
I:0816:0.4822,-0.0429,0.0849,0.1186,-0.4451,0.3918,0.4655,0.0361
F:0.9866@390
A:0.9866@390
T:0818:0.6296,-0.1987,0.0256,0.0829,-0.5315,-0.1564,0.2838,-0.3331
C:0818:0.0000,0.0000,0.0000,0.0000,0.0000,0.0000,0.0000,0.0000
M:0818:0.3843,0.2570,-0.2893,-0.4706,-0.2781,0.0199,0.2094,0.2785
I:0819:0.4822,-0.0428,0.0850,0.1185,-0.4451,0.3918,0.4655,0.0361
F:0.9874@390
A:0.9874@390
T:081a:0.6296,-0.1987,0.0256,0.0829,-0.5315,-0.1564,0.2838,-0.3331
C:081a:0.0000,0.0000,0.0000,0.0000,0.0000,0.0000,0.0000,0.0000
M:081a:0.3850,0.2590,-0.2895,-0.4727,-0.2800,0.0187,0.2103,0.2801
I:081b:0.4822,-0.0427,0.0851,0.1185,-0.4451,0.3919,0.4656,0.0361
F:0.9882@390
A:0.9882@390
T:081c:0.6296,-0.1987,0.0256,0.0829,-0.5315,-0.1564,0.2838,-0.3331
C:081c:0.0000,0.0000,0.0000,0.0000,0.0000,0.0000,0.0000,0.0000
M:081c:0.3856,0.2608,-0.2897,-0.4746,-0.2815,0.0177,0.2110,0.2818
I:081c:0.4822,-0.0426,0.0851,0.1185,-0.4451,0.3919,0.4656,0.0361
F:0.9885@390
A:0.9885@390
T:081e:0.6296,-0.1987,0.0256,0.0829,-0.5315,-0.1564,0.2838,-0.3331
C:081e:0.0000,0.0000,0.0000,0.0000,0.0000,0.0000,0.0000,0.0000
M:081e:0.3862,0.2627,-0.2895,-0.4763,-0.2830,0.0175,0.2115,0.2833
I:081f:0.4822,-0.0426,0.0852,0.1185,-0.4452,0.3920,0.4655,0.0361
F:0.9885@390
A:0.9885@390
T:0820:0.6296,-0.1987,0.0256,0.0829,-0.5315,-0.1564,0.2838,-0.3331
C:0820:0.0000,0.0000,0.0000,0.0000,0.0000,0.0000,0.0000,0.0000
M:0820:0.3864,0.2641,-0.2899,-0.4781,-0.2841,0.0160,0.2123,0.2848
I:0821:0.4822,-0.0426,0.0852,0.1186,-0.4451,0.3920,0.4655,0.0361
F:0.9885@390
A:0.9885@390
T:0822:0.6296,-0.1987,0.0256,0.0829,-0.5315,-0.1564,0.2838,-0.3331
C:0822:0.0000,0.0000,0.0000,0.0000,0.0000,0.0000,0.0000,0.0000
M:0822:0.3869,0.2654,-0.2899,-0.4798,-0.2849,0.0152,0.2130,0.2867
I:0823:0.4822,-0.0426,0.0851,0.1186,-0.4451,0.3920,0.4655,0.0361
F:0.9885@390
A:0.9885@390
T:0824:0.6296,-0.1987,0.0256,0.0829,-0.5315,-0.1564,0.2838,-0.3331
C:0824:0.0000,0.0000,0.0000,0.0000,0.0000,0.0000,0.0000,0.0000
M:0824:0.3872,0.2667,-0.2898,-0.4815,-0.2857,0.0147,0.2135,0.2885
I:0824:0.4822,-0.0427,0.0851,0.1186,-0.4451,0.3920,0.4655,0.0361
F:0.9888@390
A:0.9888@390
T:0825:0.6296,-0.1987,0.0256,0.0829,-0.5315,-0.1564,0.2838,-0.3331
C:0825:0.0000,0.0000,0.0000,0.0000,0.0000,0.0000,0.0000,0.0000
M:0825:0.3875,0.2682,-0.2893,-0.4828,-0.2868,0.0148,0.2139,0.2899
I:0825:0.4822,-0.0427,0.0851,0.1186,-0.4451,0.3920,0.4655,0.0361
F:0.9888@390
A:0.9888@390
T:0827:0.6296,-0.1987,0.0256,0.0829,-0.5315,-0.1564,0.2838,-0.3331
C:0827:0.0000,0.0000,0.0000,0.0000,0.0000,0.0000,0.0000,0.0000
M:0827:0.3876,0.2693,-0.2892,-0.4841,-0.2879,0.0139,0.2145,0.2911
I:0827:0.4822,-0.0427,0.0851,0.1186,-0.4451,0.3920,0.4655,0.0361
F:0.9895@390
A:0.9895@390
T:0829:0.6296,-0.1987,0.0256,0.0829,-0.5315,-0.1564,0.2838,-0.3331
C:0829:0.0000,0.0000,0.0000,0.0000,0.0000,0.0000,0.0000,0.0000
M:0829:0.3878,0.2703,-0.2892,-0.4854,-0.2888,0.0129,0.2151,0.2924
I:082a:0.4822,-0.0427,0.0850,0.1186,-0.4451,0.3920,0.4655,0.0361
F:0.9897@390
A:0.9897@390
T:082c:0.6296,-0.1987,0.0256,0.0829,-0.5315,-0.1564,0.2838,-0.3331
C:082c:0.0000,0.0000,0.0000,0.0000,0.0000,0.0000,0.0000,0.0000
M:082c:0.3880,0.2712,-0.2891,-0.4868,-0.2894,0.0121,0.2156,0.2940
I:082c:0.4822,-0.0427,0.0850,0.1186,-0.4451,0.3919,0.4655,0.0361
F:0.9897@390
A:0.9897@390
T:082e:0.6296,-0.1987,0.0256,0.0829,-0.5315,-0.1564,0.2838,-0.3331
C:082e:0.0000,0.0000,0.0000,0.0000,0.0000,0.0000,0.0000,0.0000
M:082e:0.3882,0.2720,-0.2893,-0.4883,-0.2897,0.0107,0.2163,0.2958
I:082f:0.4822,-0.0427,0.0850,0.1186,-0.4451,0.3919,0.4655,0.0361
F:0.9897@390
A:0.9897@390
T:0830:0.6296,-0.1987,0.0256,0.0829,-0.5315,-0.1564,0.2838,-0.3331
C:0830:0.0000,0.0000,0.0000,0.0000,0.0000,0.0000,0.0000,0.0000
M:0830:0.3885,0.2730,-0.2889,-0.4898,-0.2901,0.0103,0.2168,0.2979
I:0830:0.4822,-0.0427,0.0851,0.1186,-0.4451,0.3919,0.4655,0.0361
F:0.9897@390
A:0.9897@390
T:0832:0.6296,-0.1987,0.0256,0.0829,-0.5315,-0.1564,0.2838,-0.3331
C:0832:0.0000,0.0000,0.0000,0.0000,0.0000,0.0000,0.0000,0.0000
M:0832:0.3886,0.2741,-0.2885,-0.4912,-0.2908,0.0100,0.2172,0.2997
I:0833:0.4822,-0.0427,0.0851,0.1186,-0.4451,0.3919,0.4655,0.0361
F:0.9900@390
A:0.9900@390
{
  "exo_version": "0.12",
  "last_tick": 2100,
  "attractor": {
    "events": 1,
    "sim_mean": 0.9900
  },
  "memory": {
    "unique_patterns": 3,
    "familiarity_mean": 0.9910
  },
  "path_dependency_index": 1.9150,
  "sedimentation": true
}

T:0835:0.6296,-0.1987,0.0256,0.0829,-0.5315,-0.1564,0.2838,-0.3331
C:0835:0.0000,0.0000,0.0000,0.0000,0.0000,0.0000,0.0000,0.0000
M:0835:0.3887,0.2752,-0.2880,-0.4925,-0.2916,0.0095,0.2177,0.3013
I:0835:0.4822,-0.0427,0.0851,0.1186,-0.4451,0.3919,0.4655,0.0361
F:0.9910@390
A:0.9910@390
T:0836:0.6296,-0.1987,0.0256,0.0829,-0.5315,-0.1564,0.2838,-0.3331
C:0836:0.0000,0.0000,0.0000,0.0000,0.0000,0.0000,0.0000,0.0000
M:0836:0.3888,0.2761,-0.2877,-0.4938,-0.2925,0.0087,0.2183,0.3028
I:0836:0.4822,-0.0427,0.0851,0.1186,-0.4451,0.3920,0.4655,0.0361
F:0.9910@390
A:0.9910@390
T:0837:0.6296,-0.1987,0.0256,0.0829,-0.5315,-0.1564,0.2838,-0.3331
C:0837:0.0000,0.0000,0.0000,0.0000,0.0000,0.0000,0.0000,0.0000
M:0837:0.3890,0.2773,-0.2872,-0.4949,-0.2935,0.0086,0.2186,0.3041
I:0838:0.4822,-0.0427,0.0851,0.1186,-0.4451,0.3920,0.4655,0.0361
F:0.9910@390
A:0.9910@390
T:0839:0.6296,-0.1987,0.0256,0.0829,-0.5315,-0.1564,0.2838,-0.3331
C:083a:0.0000,0.0000,0.0000,0.0000,0.0000,0.0000,0.0000,0.0000
M:083b:0.3891,0.2782,-0.2870,-0.4961,-0.2944,0.0076,0.2191,0.3052
I:083b:0.4822,-0.0427,0.0851,0.1186,-0.4451,0.3920,0.4655,0.0361
F:0.9910@390
A:0.9910@390
T:083c:0.6296,-0.1987,0.0256,0.0829,-0.5315,-0.1564,0.2838,-0.3331
C:083c:0.0000,0.0000,0.0000,0.0000,0.0000,0.0000,0.0000,0.0000
M:083c:0.3892,0.2789,-0.2872,-0.4974,-0.2949,0.0060,0.2197,0.3067
I:083d:0.4822,-0.0427,0.0851,0.1186,-0.4451,0.3920,0.4655,0.0361
F:0.9910@390
A:0.9910@390
T:083e:0.6296,-0.1987,0.0256,0.0829,-0.5315,-0.1564,0.2838,-0.3331
C:083e:0.0000,0.0000,0.0000,0.0000,0.0000,0.0000,0.0000,0.0000
M:083e:0.3895,0.2798,-0.2870,-0.4988,-0.2951,0.0053,0.2202,0.3086
I:083e:0.4822,-0.0427,0.0851,0.1186,-0.4451,0.3920,0.4655,0.0361
F:0.9911@390
A:0.9911@390
T:0840:0.6296,-0.1987,0.0256,0.0829,-0.5315,-0.1564,0.2838,-0.3331
C:0840:0.0000,0.0000,0.0000,0.0000,0.0000,0.0000,0.0000,0.0000
M:0840:0.3897,0.2808,-0.2866,-0.5001,-0.2956,0.0050,0.2206,0.3104
I:0841:0.4822,-0.0427,0.0851,0.1186,-0.4451,0.3920,0.4655,0.0361
F:0.9921@390
A:0.9921@390
T:0842:0.6296,-0.1987,0.0256,0.0829,-0.5315,-0.1564,0.2838,-0.3331
C:0842:0.0000,0.0000,0.0000,0.0000,0.0000,0.0000,0.0000,0.0000
M:0842:0.3897,0.2817,-0.2862,-0.5013,-0.2962,0.0045,0.2210,0.3120
I:0843:0.4822,-0.0427,0.0851,0.1186,-0.4451,0.3920,0.4655,0.0361
F:0.9921@390
A:0.9921@390
T:0844:0.6296,-0.1987,0.0256,0.0829,-0.5315,-0.1564,0.2838,-0.3331
C:0844:0.0000,0.0000,0.0000,0.0000,0.0000,0.0000,0.0000,0.0000
M:0844:0.3897,0.2826,-0.2858,-0.5025,-0.2969,0.0039,0.2215,0.3134
I:0844:0.4822,-0.0427,0.0851,0.1186,-0.4451,0.3920,0.4655,0.0361
F:0.9921@390
A:0.9921@390
T:0846:0.6296,-0.1987,0.0256,0.0829,-0.5315,-0.1564,0.2838,-0.3331
C:0846:0.0000,0.0000,0.0000,0.0000,0.0000,0.0000,0.0000,0.0000
M:0846:0.3898,0.2835,-0.2855,-0.5037,-0.2976,0.0031,0.2220,0.3148
I:0847:0.4822,-0.0427,0.0851,0.1186,-0.4451,0.3920,0.4655,0.0361
F:0.9921@390
A:0.9921@390
T:0848:0.6296,-0.1987,0.0256,0.0829,-0.5315,-0.1564,0.2838,-0.3331
C:0848:0.0000,0.0000,0.0000,0.0000,0.0000,0.0000,0.0000,0.0000
M:0849:0.3899,0.2843,-0.2853,-0.5049,-0.2982,0.0023,0.2224,0.3163
I:0849:0.4822,-0.0427,0.0851,0.1186,-0.4451,0.3920,0.4655,0.0361
F:0.9921@390
A:0.9921@390
T:084a:0.6296,-0.1987,0.0256,0.0829,-0.5315,-0.1564,0.2838,-0.3331
C:084a:0.0000,0.0000,0.0000,0.0000,0.0000,0.0000,0.0000,0.0000
M:084a:0.3901,0.2852,-0.2850,-0.5061,-0.2988,0.0016,0.2229,0.3178
I:084a:0.4822,-0.0427,0.0851,0.1186,-0.4451,0.3920,0.4655,0.0361
F:0.9921@390
A:0.9921@390
T:084c:0.6296,-0.1987,0.0256,0.0829,-0.5315,-0.1564,0.2838,-0.3331
C:084c:0.0000,0.0000,0.0000,0.0000,0.0000,0.0000,0.0000,0.0000
M:084c:0.3903,0.2862,-0.2844,-0.5071,-0.2996,0.0015,0.2231,0.3191
I:084c:0.4822,-0.0427,0.0851,0.1186,-0.4451,0.3920,0.4655,0.0361
F:0.9921@390
A:0.9921@390
T:084e:0.6296,-0.1987,0.0256,0.0829,-0.5315,-0.1564,0.2838,-0.3331
C:084e:0.0000,0.0000,0.0000,0.0000,0.0000,0.0000,0.0000,0.0000
M:084e:0.3902,0.2868,-0.2845,-0.5083,-0.3001,0.0000,0.2237,0.3204
I:084e:0.4822,-0.0427,0.0851,0.1186,-0.4451,0.3920,0.4655,0.0361
F:0.9925@390
A:0.9925@390
T:084f:0.6296,-0.1987,0.0256,0.0829,-0.5315,-0.1564,0.2838,-0.3331
C:084f:0.0000,0.0000,0.0000,0.0000,0.0000,0.0000,0.0000,0.0000
M:0850:0.3905,0.2878,-0.2841,-0.5093,-0.3006,-0.0001,0.2240,0.3218
I:0850:0.4822,-0.0427,0.0851,0.1186,-0.4451,0.3920,0.4655,0.0361
F:0.9925@390
A:0.9925@390
T:0851:0.6296,-0.1987,0.0256,0.0829,-0.5315,-0.1564,0.2838,-0.3331
C:0851:0.0000,0.0000,0.0000,0.0000,0.0000,0.0000,0.0000,0.0000
M:0851:0.3905,0.2886,-0.2838,-0.5104,-0.3012,-0.0008,0.2244,0.3230
I:0852:0.4822,-0.0427,0.0851,0.1186,-0.4451,0.3920,0.4655,0.0361
F:0.9928@390
A:0.9928@390
T:0853:0.6296,-0.1987,0.0256,0.0829,-0.5315,-0.1564,0.2838,-0.3331
C:0853:0.0000,0.0000,0.0000,0.0000,0.0000,0.0000,0.0000,0.0000
M:0853:0.3905,0.2893,-0.2836,-0.5114,-0.3016,-0.0016,0.2248,0.3243
I:0854:0.4822,-0.0427,0.0851,0.1186,-0.4451,0.3920,0.4655,0.0361
F:0.9928@390
A:0.9928@390
T:0855:0.6296,-0.1987,0.0256,0.0829,-0.5315,-0.1564,0.2838,-0.3331
C:0855:0.0000,0.0000,0.0000,0.0000,0.0000,0.0000,0.0000,0.0000
M:0855:0.3906,0.2900,-0.2834,-0.5125,-0.3020,-0.0024,0.2252,0.3257
I:0856:0.4822,-0.0427,0.0851,0.1186,-0.4451,0.3920,0.4655,0.0361
F:0.9928@390
A:0.9928@390
T:0857:0.6296,-0.1987,0.0256,0.0829,-0.5315,-0.1564,0.2838,-0.3331
C:0857:0.0000,0.0000,0.0000,0.0000,0.0000,0.0000,0.0000,0.0000
M:0857:0.3907,0.2907,-0.2832,-0.5136,-0.3023,-0.0030,0.2256,0.3271
I:0857:0.4822,-0.0427,0.0851,0.1186,-0.4451,0.3920,0.4655,0.0361
F:0.9930@390
A:0.9930@390
T:0858:0.6296,-0.1987,0.0256,0.0829,-0.5315,-0.1564,0.2838,-0.3331
C:0858:0.0000,0.0000,0.0000,0.0000,0.0000,0.0000,0.0000,0.0000
M:0858:0.3909,0.2916,-0.2826,-0.5145,-0.3029,-0.0030,0.2258,0.3284
I:0858:0.4822,-0.0427,0.0851,0.1186,-0.4451,0.3920,0.4655,0.0361
F:0.9930@390
A:0.9930@390
T:0859:0.6296,-0.1987,0.0256,0.0829,-0.5315,-0.1564,0.2838,-0.3331
C:0859:0.0000,0.0000,0.0000,0.0000,0.0000,0.0000,0.0000,0.0000
M:0859:0.3909,0.2924,-0.2821,-0.5153,-0.3037,-0.0032,0.2260,0.3293
I:0859:0.4822,-0.0427,0.0851,0.1186,-0.4451,0.3920,0.4655,0.0361
F:0.9930@390
A:0.9930@390
T:085b:0.6296,-0.1987,0.0256,0.0829,-0.5315,-0.1564,0.2838,-0.3331
C:085b:0.0000,0.0000,0.0000,0.0000,0.0000,0.0000,0.0000,0.0000
M:085b:0.3909,0.2931,-0.2818,-0.5160,-0.3045,-0.0036,0.2263,0.3299
I:085b:0.4822,-0.0427,0.0851,0.1186,-0.4451,0.3920,0.4655,0.0361
F:0.9930@390
A:0.9930@390
T:085c:0.6296,-0.1987,0.0256,0.0829,-0.5315,-0.1564,0.2838,-0.3331
C:085c:0.0000,0.0000,0.0000,0.0000,0.0000,0.0000,0.0000,0.0000
M:085c:0.3909,0.2936,-0.2819,-0.5168,-0.3050,-0.0048,0.2267,0.3307
I:085d:0.4822,-0.0427,0.0851,0.1186,-0.4451,0.3920,0.4655,0.0361
F:0.9935@390
A:0.9935@390
T:085e:0.6296,-0.1987,0.0256,0.0829,-0.5315,-0.1564,0.2838,-0.3331
C:085e:0.0000,0.0000,0.0000,0.0000,0.0000,0.0000,0.0000,0.0000
M:085e:0.3910,0.2940,-0.2820,-0.5177,-0.3051,-0.0059,0.2271,0.3319
I:085e:0.4822,-0.0427,0.0851,0.1186,-0.4451,0.3920,0.4655,0.0361
F:0.9935@390
A:0.9935@390
T:0860:0.6296,-0.1987,0.0256,0.0829,-0.5315,-0.1564,0.2838,-0.3331
C:0860:0.0000,0.0000,0.0000,0.0000,0.0000,0.0000,0.0000,0.0000
M:0861:0.3912,0.2945,-0.2820,-0.5187,-0.3050,-0.0066,0.2275,0.3334
I:0861:0.4822,-0.0427,0.0851,0.1186,-0.4451,0.3920,0.4655,0.0361
F:0.9935@390
A:0.9935@390
T:0862:0.6296,-0.1987,0.0256,0.0829,-0.5315,-0.1564,0.2838,-0.3331
C:0862:0.0000,0.0000,0.0000,0.0000,0.0000,0.0000,0.0000,0.0000
M:0862:0.3912,0.2951,-0.2817,-0.5197,-0.3050,-0.0070,0.2278,0.3348
I:0862:0.4822,-0.0427,0.0851,0.1186,-0.4451,0.3920,0.4655,0.0361
F:0.9935@390
A:0.9935@390
T:0864:0.6296,-0.1987,0.0256,0.0829,-0.5315,-0.1564,0.2838,-0.3331
C:0864:0.0000,0.0000,0.0000,0.0000,0.0000,0.0000,0.0000,0.0000
M:0864:0.3912,0.2957,-0.2814,-0.5207,-0.3052,-0.0075,0.2282,0.3363
I:0865:0.4822,-0.0427,0.0851,0.1186,-0.4451,0.3920,0.4655,0.0361
F:0.9937@390
A:0.9937@390
T:0867:0.6296,-0.1987,0.0256,0.0829,-0.5315,-0.1564,0.2838,-0.3331
C:0867:0.0000,0.0000,0.0000,0.0000,0.0000,0.0000,0.0000,0.0000
M:0867:0.3911,0.2960,-0.2813,-0.5217,-0.3052,-0.0087,0.2288,0.3379
I:0868:0.4822,-0.0427,0.0851,0.1186,-0.4451,0.3920,0.4655,0.0361
F:0.9937@390
A:0.9937@390
T:0869:0.6296,-0.1987,0.0256,0.0829,-0.5315,-0.1564,0.2838,-0.3331
C:0869:0.0000,0.0000,0.0000,0.0000,0.0000,0.0000,0.0000,0.0000
M:0869:0.3912,0.2966,-0.2809,-0.5228,-0.3052,-0.0093,0.2292,0.3396
I:0869:0.4822,-0.0427,0.0851,0.1186,-0.4451,0.3920,0.4655,0.0361
F:0.9937@390
A:0.9937@390
T:086b:0.6296,-0.1987,0.0256,0.0829,-0.5315,-0.1564,0.2838,-0.3331
C:086b:0.0000,0.0000,0.0000,0.0000,0.0000,0.0000,0.0000,0.0000
M:086b:0.3912,0.2973,-0.2804,-0.5239,-0.3055,-0.0097,0.2295,0.3412
I:086b:0.4822,-0.0427,0.0851,0.1186,-0.4451,0.3920,0.4655,0.0361
F:0.9942@390
A:0.9942@390
T:086d:0.6296,-0.1987,0.0256,0.0829,-0.5315,-0.1564,0.2838,-0.3331
C:086d:0.0000,0.0000,0.0000,0.0000,0.0000,0.0000,0.0000,0.0000
M:086d:0.3912,0.2979,-0.2800,-0.5249,-0.3060,-0.0103,0.2299,0.3426
I:086d:0.4822,-0.0427,0.0851,0.1186,-0.4451,0.3920,0.4655,0.0361
F:0.9946@390
A:0.9946@390
T:086f:0.6296,-0.1987,0.0256,0.0829,-0.5315,-0.1564,0.2838,-0.3331
C:086f:0.0000,0.0000,0.0000,0.0000,0.0000,0.0000,0.0000,0.0000
M:0870:0.3912,0.2986,-0.2796,-0.5259,-0.3065,-0.0110,0.2303,0.3440
I:0870:0.4822,-0.0427,0.0851,0.1186,-0.4451,0.3920,0.4655,0.0361
F:0.9947@390
A:0.9947@390
T:0872:0.6296,-0.1987,0.0256,0.0829,-0.5315,-0.1564,0.2838,-0.3331
C:0872:0.0000,0.0000,0.0000,0.0000,0.0000,0.0000,0.0000,0.0000
M:0872:0.3911,0.2991,-0.2795,-0.5270,-0.3067,-0.0124,0.2309,0.3455
I:0872:0.4822,-0.0427,0.0851,0.1186,-0.4451,0.3920,0.4655,0.0361
F:0.9947@390
A:0.9947@390
T:0873:0.6296,-0.1987,0.0256,0.0829,-0.5315,-0.1564,0.2838,-0.3331
C:0873:0.0000,0.0000,0.0000,0.0000,0.0000,0.0000,0.0000,0.0000
M:0874:0.3914,0.2999,-0.2789,-0.5280,-0.3071,-0.0123,0.2311,0.3470
I:0875:0.4822,-0.0427,0.0851,0.1186,-0.4451,0.3920,0.4655,0.0361
F:0.9947@390
A:0.9947@390
T:0876:0.6296,-0.1987,0.0256,0.0829,-0.5315,-0.1564,0.2838,-0.3331
C:0876:0.0000,0.0000,0.0000,0.0000,0.0000,0.0000,0.0000,0.0000
M:0876:0.3912,0.3005,-0.2788,-0.5290,-0.3074,-0.0136,0.2316,0.3484
I:0877:0.4822,-0.0427,0.0851,0.1186,-0.4451,0.3920,0.4655,0.0361
F:0.9948@390
A:0.9948@390
T:0878:0.6296,-0.1987,0.0256,0.0829,-0.5315,-0.1564,0.2838,-0.3331
C:0878:0.0000,0.0000,0.0000,0.0000,0.0000,0.0000,0.0000,0.0000
M:0878:0.3913,0.3012,-0.2784,-0.5301,-0.3077,-0.0142,0.2320,0.3499
I:0878:0.4822,-0.0427,0.0851,0.1186,-0.4451,0.3920,0.4655,0.0361
F:0.9950@390
A:0.9950@390
T:087a:0.6296,-0.1987,0.0256,0.0829,-0.5315,-0.1564,0.2838,-0.3331
C:087a:0.0000,0.0000,0.0000,0.0000,0.0000,0.0000,0.0000,0.0000
M:087a:0.3914,0.3019,-0.2780,-0.5312,-0.3080,-0.0148,0.2323,0.3514
I:087b:0.4822,-0.0427,0.0851,0.1186,-0.4451,0.3920,0.4655,0.0361
F:0.9955@390
A:0.9955@390
T:087c:0.6296,-0.1987,0.0256,0.0829,-0.5315,-0.1564,0.2838,-0.3331
C:087c:0.0000,0.0000,0.0000,0.0000,0.0000,0.0000,0.0000,0.0000
M:087c:0.3914,0.3025,-0.2777,-0.5321,-0.3084,-0.0154,0.2327,0.3528
I:087c:0.4822,-0.0427,0.0851,0.1186,-0.4451,0.3920,0.4655,0.0361
F:0.9955@390
A:0.9955@390
T:087e:0.6296,-0.1987,0.0256,0.0829,-0.5315,-0.1564,0.2838,-0.3331
C:087e:0.0000,0.0000,0.0000,0.0000,0.0000,0.0000,0.0000,0.0000
M:087e:0.3914,0.3032,-0.2773,-0.5331,-0.3088,-0.0161,0.2331,0.3541
I:087f:0.4822,-0.0427,0.0851,0.1186,-0.4451,0.3920,0.4655,0.0361
F:0.9955@390
A:0.9955@390
T:0881:0.6296,-0.1987,0.0256,0.0829,-0.5315,-0.1564,0.2838,-0.3331
C:0881:0.0000,0.0000,0.0000,0.0000,0.0000,0.0000,0.0000,0.0000
M:0881:0.3914,0.3038,-0.2770,-0.5341,-0.3092,-0.0169,0.2335,0.3554
I:0882:0.4822,-0.0427,0.0851,0.1186,-0.4451,0.3920,0.4655,0.0361
F:0.9955@390
A:0.9955@390
T:0883:0.6296,-0.1987,0.0256,0.0829,-0.5315,-0.1564,0.2838,-0.3331
C:0883:0.0000,0.0000,0.0000,0.0000,0.0000,0.0000,0.0000,0.0000
M:0883:0.3914,0.3042,-0.2770,-0.5351,-0.3093,-0.0182,0.2340,0.3568
I:0884:0.4822,-0.0427,0.0851,0.1186,-0.4451,0.3920,0.4655,0.0361
F:0.9955@390
A:0.9955@390
T:0885:0.6296,-0.1987,0.0256,0.0829,-0.5315,-0.1564,0.2838,-0.3331
C:0885:0.0000,0.0000,0.0000,0.0000,0.0000,0.0000,0.0000,0.0000
M:0885:0.3915,0.3049,-0.2767,-0.5362,-0.3093,-0.0188,0.2344,0.3585
I:0885:0.4822,-0.0427,0.0851,0.1186,-0.4451,0.3920,0.4655,0.0361
F:0.9955@390
A:0.9955@390
T:0887:0.6296,-0.1987,0.0256,0.0829,-0.5315,-0.1564,0.2838,-0.3331
C:0887:0.0000,0.0000,0.0000,0.0000,0.0000,0.0000,0.0000,0.0000
M:0887:0.3915,0.3056,-0.2762,-0.5372,-0.3096,-0.0192,0.2347,0.3600
I:0888:0.4822,-0.0427,0.0851,0.1186,-0.4451,0.3920,0.4655,0.0361
F:0.9955@390
A:0.9955@390
T:0889:0.6296,-0.1987,0.0256,0.0829,-0.5315,-0.1564,0.2838,-0.3331
C:0889:0.0000,0.0000,0.0000,0.0000,0.0000,0.0000,0.0000,0.0000
M:0889:0.3915,0.3062,-0.2758,-0.5381,-0.3099,-0.0198,0.2350,0.3613
I:088a:0.4822,-0.0427,0.0851,0.1186,-0.4451,0.3920,0.4655,0.0361
F:0.9959@390
A:0.9959@390
T:088b:0.6296,-0.1987,0.0256,0.0829,-0.5315,-0.1564,0.2838,-0.3331
C:088b:0.0000,0.0000,0.0000,0.0000,0.0000,0.0000,0.0000,0.0000
M:088b:0.3914,0.3068,-0.2754,-0.5390,-0.3103,-0.0205,0.2354,0.3626
I:088c:0.4822,-0.0427,0.0851,0.1186,-0.4451,0.3920,0.4655,0.0361
F:0.9960@390
A:0.9960@390
T:088d:0.6296,-0.1987,0.0256,0.0829,-0.5315,-0.1564,0.2838,-0.3331
C:088d:0.0000,0.0000,0.0000,0.0000,0.0000,0.0000,0.0000,0.0000
M:088d:0.3914,0.3074,-0.2751,-0.5399,-0.3106,-0.0212,0.2358,0.3638
I:088d:0.4822,-0.0427,0.0851,0.1186,-0.4451,0.3920,0.4655,0.0361
F:0.9960@390
A:0.9960@390
T:088e:0.6296,-0.1987,0.0256,0.0829,-0.5315,-0.1564,0.2838,-0.3331
C:088f:0.0000,0.0000,0.0000,0.0000,0.0000,0.0000,0.0000,0.0000
M:088f:0.3916,0.3081,-0.2746,-0.5407,-0.3111,-0.0214,0.2359,0.3649
I:088f:0.4822,-0.0427,0.0851,0.1186,-0.4451,0.3920,0.4655,0.0361
F:0.9962@390
A:0.9962@390
T:0891:0.6296,-0.1987,0.0256,0.0829,-0.5315,-0.1564,0.2838,-0.3331
C:0891:0.0000,0.0000,0.0000,0.0000,0.0000,0.0000,0.0000,0.0000
M:0891:0.3914,0.3084,-0.2747,-0.5416,-0.3113,-0.0228,0.2364,0.3660
I:0891:0.4822,-0.0427,0.0851,0.1186,-0.4451,0.3920,0.4655,0.0361
F:0.9962@390
A:0.9962@390
T:0892:0.6296,-0.1987,0.0256,0.0829,-0.5315,-0.1564,0.2838,-0.3331
C:0892:0.0000,0.0000,0.0000,0.0000,0.0000,0.0000,0.0000,0.0000
M:0892:0.3916,0.3091,-0.2742,-0.5425,-0.3116,-0.0230,0.2366,0.3673
I:0893:0.4822,-0.0427,0.0851,0.1186,-0.4451,0.3920,0.4655,0.0361
F:0.9962@390
A:0.9962@390
T:0894:0.6296,-0.1987,0.0256,0.0829,-0.5315,-0.1564,0.2838,-0.3331
C:0894:0.0000,0.0000,0.0000,0.0000,0.0000,0.0000,0.0000,0.0000
M:0894:0.3915,0.3096,-0.2740,-0.5432,-0.3118,-0.0237,0.2369,0.3683
I:0894:0.4822,-0.0427,0.0851,0.1186,-0.4451,0.3920,0.4655,0.0361
F:0.9962@390
A:0.9962@390
T:0895:0.6296,-0.1987,0.0256,0.0829,-0.5315,-0.1564,0.2838,-0.3331
C:0896:0.0000,0.0000,0.0000,0.0000,0.0000,0.0000,0.0000,0.0000
M:0896:0.3916,0.3103,-0.2735,-0.5439,-0.3122,-0.0238,0.2371,0.3693
I:0896:0.4822,-0.0427,0.0851,0.1186,-0.4451,0.3920,0.4655,0.0361
F:0.9963@390
A:0.9963@390
T:0897:0.6296,-0.1987,0.0256,0.0829,-0.5315,-0.1564,0.2838,-0.3331
C:0897:0.0000,0.0000,0.0000,0.0000,0.0000,0.0000,0.0000,0.0000
M:0897:0.3915,0.3107,-0.2734,-0.5447,-0.3125,-0.0247,0.2374,0.3702
I:0898:0.4822,-0.0427,0.0851,0.1186,-0.4451,0.3920,0.4655,0.0361
F:0.9966@390
A:0.9966@390
T:0899:0.6296,-0.1987,0.0256,0.0829,-0.5315,-0.1564,0.2838,-0.3331
C:0899:0.0000,0.0000,0.0000,0.0000,0.0000,0.0000,0.0000,0.0000
M:0899:0.3915,0.3110,-0.2733,-0.5454,-0.3126,-0.0256,0.2378,0.3713
I:0899:0.4822,-0.0427,0.0851,0.1186,-0.4451,0.3920,0.4655,0.0361
F:0.9966@390
A:0.9966@390
T:089b:0.6296,-0.1987,0.0256,0.0829,-0.5315,-0.1564,0.2838,-0.3331
C:089b:0.0000,0.0000,0.0000,0.0000,0.0000,0.0000,0.0000,0.0000
M:089b:0.3915,0.3114,-0.2732,-0.5462,-0.3126,-0.0263,0.2382,0.3725
I:089c:0.4822,-0.0427,0.0851,0.1186,-0.4451,0.3920,0.4655,0.0361
F:0.9966@390
A:0.9966@390
T:089d:0.6296,-0.1987,0.0256,0.0829,-0.5315,-0.1564,0.2838,-0.3331
C:089d:0.0000,0.0000,0.0000,0.0000,0.0000,0.0000,0.0000,0.0000
M:089d:0.3916,0.3118,-0.2729,-0.5471,-0.3125,-0.0270,0.2385,0.3738
I:089d:0.4822,-0.0427,0.0851,0.1186,-0.4451,0.3920,0.4655,0.0361
F:0.9966@390
A:0.9966@390
T:089f:0.6296,-0.1987,0.0256,0.0829,-0.5315,-0.1564,0.2838,-0.3331
C:089f:0.0000,0.0000,0.0000,0.0000,0.0000,0.0000,0.0000,0.0000
M:089f:0.3915,0.3122,-0.2727,-0.5479,-0.3125,-0.0275,0.2388,0.3751
I:089f:0.4822,-0.0427,0.0851,0.1186,-0.4451,0.3920,0.4655,0.0361
F:0.9966@390
A:0.9966@390
T:08a0:0.6296,-0.1987,0.0256,0.0829,-0.5315,-0.1564,0.2838,-0.3331
C:08a1:0.0000,0.0000,0.0000,0.0000,0.0000,0.0000,0.0000,0.0000
M:08a1:0.3916,0.3128,-0.2721,-0.5486,-0.3127,-0.0275,0.2389,0.3761
I:08a1:0.4822,-0.0427,0.0851,0.1186,-0.4451,0.3920,0.4655,0.0361
F:0.9966@390
A:0.9966@390
T:08a2:0.6296,-0.1987,0.0256,0.0829,-0.5315,-0.1564,0.2838,-0.3331
C:08a2:0.0000,0.0000,0.0000,0.0000,0.0000,0.0000,0.0000,0.0000
M:08a2:0.3914,0.3132,-0.2719,-0.5492,-0.3130,-0.0283,0.2393,0.3771
I:08a3:0.4822,-0.0427,0.0851,0.1186,-0.4451,0.3920,0.4655,0.0361
F:0.9966@390
A:0.9966@390
T:08a4:0.6296,-0.1987,0.0256,0.0829,-0.5315,-0.1564,0.2838,-0.3331
C:08a4:0.0000,0.0000,0.0000,0.0000,0.0000,0.0000,0.0000,0.0000
M:08a4:0.3913,0.3135,-0.2717,-0.5500,-0.3131,-0.0292,0.2396,0.3781
I:08a4:0.4822,-0.0427,0.0851,0.1186,-0.4451,0.3920,0.4655,0.0361
F:0.9966@390
A:0.9966@390
T:08a6:0.6296,-0.1987,0.0256,0.0829,-0.5315,-0.1564,0.2838,-0.3331
C:08a6:0.0000,0.0000,0.0000,0.0000,0.0000,0.0000,0.0000,0.0000
M:08a6:0.3915,0.3140,-0.2713,-0.5506,-0.3133,-0.0293,0.2398,0.3791
I:08a6:0.4822,-0.0427,0.0851,0.1186,-0.4451,0.3920,0.4655,0.0361
F:0.9968@390
A:0.9968@390
T:08a8:0.6296,-0.1987,0.0256,0.0829,-0.5315,-0.1564,0.2838,-0.3331
C:08a9:0.0000,0.0000,0.0000,0.0000,0.0000,0.0000,0.0000,0.0000
M:08a9:0.3913,0.3142,-0.2714,-0.5514,-0.3133,-0.0307,0.2403,0.3802
I:08a9:0.4822,-0.0427,0.0851,0.1186,-0.4451,0.3920,0.4655,0.0361
F:0.9974@390
A:0.9974@390
T:08aa:0.6296,-0.1987,0.0256,0.0829,-0.5315,-0.1564,0.2838,-0.3331
C:08aa:0.0000,0.0000,0.0000,0.0000,0.0000,0.0000,0.0000,0.0000
M:08aa:0.3914,0.3145,-0.2713,-0.5523,-0.3131,-0.0314,0.2406,0.3816
I:08aa:0.4822,-0.0427,0.0851,0.1186,-0.4451,0.3920,0.4655,0.0361
F:0.9974@390
A:0.9974@390
T:08ac:0.6296,-0.1987,0.0256,0.0829,-0.5315,-0.1564,0.2838,-0.3331
C:08ac:0.0000,0.0000,0.0000,0.0000,0.0000,0.0000,0.0000,0.0000
M:08ac:0.3914,0.3149,-0.2709,-0.5531,-0.3130,-0.0319,0.2409,0.3830
I:08ac:0.4822,-0.0427,0.0851,0.1186,-0.4451,0.3920,0.4655,0.0361
F:0.9974@390
A:0.9974@390
T:08ae:0.6296,-0.1987,0.0256,0.0829,-0.5315,-0.1564,0.2838,-0.3331
C:08ae:0.0000,0.0000,0.0000,0.0000,0.0000,0.0000,0.0000,0.0000
M:08ae:0.3913,0.3153,-0.2706,-0.5539,-0.3130,-0.0325,0.2412,0.3842
I:08af:0.4822,-0.0427,0.0851,0.1186,-0.4451,0.3920,0.4655,0.0361
F:0.9974@390
A:0.9974@390
T:08b1:0.6296,-0.1987,0.0256,0.0829,-0.5315,-0.1564,0.2838,-0.3331
C:08b1:0.0000,0.0000,0.0000,0.0000,0.0000,0.0000,0.0000,0.0000
M:08b2:0.3911,0.3156,-0.2705,-0.5548,-0.3128,-0.0337,0.2417,0.3856
I:08b2:0.4822,-0.0427,0.0851,0.1186,-0.4451,0.3920,0.4655,0.0361
F:0.9974@390
A:0.9974@390
T:08b3:0.6296,-0.1987,0.0256,0.0829,-0.5315,-0.1564,0.2838,-0.3331
C:08b3:0.0000,0.0000,0.0000,0.0000,0.0000,0.0000,0.0000,0.0000
M:08b3:0.3911,0.3160,-0.2701,-0.5557,-0.3127,-0.0342,0.2421,0.3871
I:08b4:0.4822,-0.0427,0.0851,0.1186,-0.4451,0.3920,0.4655,0.0361
F:0.9974@390
A:0.9974@390
T:08b5:0.6296,-0.1987,0.0256,0.0829,-0.5315,-0.1564,0.2838,-0.3331
C:08b5:0.0000,0.0000,0.0000,0.0000,0.0000,0.0000,0.0000,0.0000
M:08b5:0.3911,0.3164,-0.2697,-0.5565,-0.3127,-0.0347,0.2423,0.3884
I:08b6:0.4822,-0.0427,0.0851,0.1186,-0.4451,0.3920,0.4655,0.0361
F:0.9975@390
A:0.9975@390
T:08b7:0.6296,-0.1987,0.0256,0.0829,-0.5315,-0.1564,0.2838,-0.3331
C:08b8:0.0000,0.0000,0.0000,0.0000,0.0000,0.0000,0.0000,0.0000
M:08b8:0.3910,0.3169,-0.2692,-0.5573,-0.3129,-0.0353,0.2427,0.3897
I:08b8:0.4822,-0.0427,0.0851,0.1186,-0.4451,0.3920,0.4655,0.0361
F:0.9975@390
A:0.9975@390
T:08b9:0.6296,-0.1987,0.0256,0.0829,-0.5315,-0.1564,0.2838,-0.3331
C:08b9:0.0000,0.0000,0.0000,0.0000,0.0000,0.0000,0.0000,0.0000
M:08b9:0.3909,0.3173,-0.2689,-0.5580,-0.3131,-0.0360,0.2430,0.3908
I:08ba:0.4822,-0.0427,0.0851,0.1186,-0.4451,0.3920,0.4655,0.0361
F:0.9978@390
A:0.9978@390
T:08bb:0.6296,-0.1987,0.0256,0.0829,-0.5315,-0.1564,0.2838,-0.3331
C:08bb:0.0000,0.0000,0.0000,0.0000,0.0000,0.0000,0.0000,0.0000
M:08bc:0.3909,0.3177,-0.2686,-0.5588,-0.3132,-0.0367,0.2433,0.3920
I:08bc:0.4822,-0.0427,0.0851,0.1186,-0.4451,0.3920,0.4655,0.0361
F:0.9978@390
A:0.9978@390
T:08bd:0.6296,-0.1987,0.0256,0.0829,-0.5315,-0.1564,0.2838,-0.3331
C:08bd:0.0000,0.0000,0.0000,0.0000,0.0000,0.0000,0.0000,0.0000
M:08be:0.3909,0.3181,-0.2683,-0.5596,-0.3133,-0.0374,0.2436,0.3931
I:08be:0.4822,-0.0427,0.0851,0.1186,-0.4451,0.3920,0.4655,0.0361
F:0.9978@390
A:0.9978@390
T:08c0:0.6296,-0.1987,0.0256,0.0829,-0.5315,-0.1564,0.2838,-0.3331
C:08c0:0.0000,0.0000,0.0000,0.0000,0.0000,0.0000,0.0000,0.0000
M:08c0:0.3908,0.3185,-0.2680,-0.5603,-0.3134,-0.0381,0.2439,0.3943
I:08c0:0.4822,-0.0427,0.0851,0.1186,-0.4451,0.3920,0.4655,0.0361
F:0.9979@390
A:0.9979@390
T:08c1:0.6296,-0.1987,0.0256,0.0829,-0.5315,-0.1564,0.2838,-0.3331
C:08c2:0.0000,0.0000,0.0000,0.0000,0.0000,0.0000,0.0000,0.0000
M:08c2:0.3908,0.3189,-0.2678,-0.5611,-0.3134,-0.0388,0.2442,0.3954
I:08c2:0.4822,-0.0427,0.0851,0.1186,-0.4451,0.3920,0.4655,0.0361
F:0.9979@390
A:0.9979@390
T:08c3:0.6296,-0.1987,0.0256,0.0829,-0.5315,-0.1564,0.2838,-0.3331
C:08c3:0.0000,0.0000,0.0000,0.0000,0.0000,0.0000,0.0000,0.0000
M:08c3:0.3907,0.3193,-0.2675,-0.5619,-0.3135,-0.0395,0.2445,0.3966
I:08c4:0.4822,-0.0427,0.0851,0.1186,-0.4451,0.3920,0.4655,0.0361
F:0.9979@390
A:0.9979@390
T:08c5:0.6296,-0.1987,0.0256,0.0829,-0.5315,-0.1564,0.2838,-0.3331
C:08c5:0.0000,0.0000,0.0000,0.0000,0.0000,0.0000,0.0000,0.0000
M:08c5:0.3907,0.3197,-0.2672,-0.5626,-0.3135,-0.0401,0.2448,0.3977
I:08c6:0.4822,-0.0427,0.0851,0.1186,-0.4451,0.3920,0.4655,0.0361
F:0.9981@390
A:0.9981@390
T:08c7:0.6296,-0.1987,0.0256,0.0829,-0.5315,-0.1564,0.2838,-0.3331
C:08c7:0.0000,0.0000,0.0000,0.0000,0.0000,0.0000,0.0000,0.0000
M:08c7:0.3906,0.3200,-0.2669,-0.5633,-0.3135,-0.0408,0.2451,0.3989
I:08c7:0.4822,-0.0427,0.0851,0.1186,-0.4451,0.3920,0.4655,0.0361
F:0.9981@390
A:0.9981@390
T:08c9:0.6296,-0.1987,0.0256,0.0829,-0.5315,-0.1564,0.2838,-0.3331
C:08c9:0.0000,0.0000,0.0000,0.0000,0.0000,0.0000,0.0000,0.0000
M:08c9:0.3906,0.3204,-0.2667,-0.5641,-0.3135,-0.0414,0.2454,0.4000
I:08c9:0.4822,-0.0427,0.0851,0.1186,-0.4451,0.3920,0.4655,0.0361
F:0.9984@390
A:0.9984@390
T:08cb:0.6296,-0.1987,0.0256,0.0829,-0.5315,-0.1564,0.2838,-0.3331
C:08cb:0.0000,0.0000,0.0000,0.0000,0.0000,0.0000,0.0000,0.0000
M:08cb:0.3905,0.3207,-0.2664,-0.5648,-0.3135,-0.0421,0.2457,0.4011
I:08cb:0.4822,-0.0427,0.0851,0.1186,-0.4451,0.3920,0.4655,0.0361
F:0.9984@390
A:0.9984@390
T:08cd:0.6296,-0.1987,0.0256,0.0829,-0.5315,-0.1564,0.2838,-0.3331
C:08cd:0.0000,0.0000,0.0000,0.0000,0.0000,0.0000,0.0000,0.0000
M:08ce:0.3904,0.3211,-0.2661,-0.5655,-0.3134,-0.0428,0.2460,0.4023
I:08ce:0.4822,-0.0427,0.0851,0.1186,-0.4451,0.3920,0.4655,0.0361
F:0.9984@390
A:0.9984@390
T:08d0:0.6296,-0.1987,0.0256,0.0829,-0.5315,-0.1564,0.2838,-0.3331
C:08d0:0.0000,0.0000,0.0000,0.0000,0.0000,0.0000,0.0000,0.0000
M:08d1:0.3903,0.3212,-0.2661,-0.5663,-0.3132,-0.0440,0.2465,0.4035
I:08d1:0.4822,-0.0427,0.0851,0.1186,-0.4451,0.3920,0.4655,0.0361
F:0.9984@390
A:0.9984@390
T:08d3:0.6296,-0.1987,0.0256,0.0829,-0.5315,-0.1564,0.2838,-0.3331
C:08d3:0.0000,0.0000,0.0000,0.0000,0.0000,0.0000,0.0000,0.0000
M:08d3:0.3902,0.3214,-0.2661,-0.5673,-0.3127,-0.0452,0.2470,0.4051
I:08d4:0.4822,-0.0427,0.0851,0.1186,-0.4451,0.3920,0.4655,0.0361
F:0.9984@390
A:0.9984@390
T:08d5:0.6296,-0.1987,0.0256,0.0829,-0.5315,-0.1564,0.2838,-0.3331
C:08d5:0.0000,0.0000,0.0000,0.0000,0.0000,0.0000,0.0000,0.0000
M:08d5:0.3903,0.3218,-0.2656,-0.5681,-0.3124,-0.0456,0.2472,0.4067
I:08d6:0.4822,-0.0427,0.0851,0.1186,-0.4451,0.3920,0.4655,0.0361
F:0.9984@390
A:0.9984@390
T:08d7:0.6296,-0.1987,0.0256,0.0829,-0.5315,-0.1564,0.2838,-0.3331
C:08d7:0.0000,0.0000,0.0000,0.0000,0.0000,0.0000,0.0000,0.0000
M:08d7:0.3902,0.3222,-0.2650,-0.5689,-0.3124,-0.0459,0.2475,0.4080
I:08d8:0.4822,-0.0427,0.0851,0.1186,-0.4451,0.3920,0.4655,0.0361
F:0.9984@390
A:0.9984@390
T:08d9:0.6296,-0.1987,0.0256,0.0829,-0.5315,-0.1564,0.2838,-0.3331
C:08d9:0.0000,0.0000,0.0000,0.0000,0.0000,0.0000,0.0000,0.0000
M:08da:0.3900,0.3226,-0.2645,-0.5696,-0.3125,-0.0464,0.2478,0.4091
I:08da:0.4822,-0.0427,0.0851,0.1186,-0.4451,0.3920,0.4655,0.0361
F:0.9984@390
A:0.9984@390
T:08dc:0.6296,-0.1987,0.0256,0.0829,-0.5315,-0.1564,0.2838,-0.3331
C:08dc:0.0000,0.0000,0.0000,0.0000,0.0000,0.0000,0.0000,0.0000
M:08dc:0.3897,0.3228,-0.2644,-0.5704,-0.3125,-0.0477,0.2483,0.4103
I:08dd:0.4822,-0.0427,0.0851,0.1186,-0.4451,0.3920,0.4655,0.0361
F:0.9987@390
A:0.9987@390
T:08de:0.6296,-0.1987,0.0256,0.0829,-0.5315,-0.1564,0.2838,-0.3331
C:08de:0.0000,0.0000,0.0000,0.0000,0.0000,0.0000,0.0000,0.0000
M:08de:0.3898,0.3231,-0.2641,-0.5712,-0.3124,-0.0484,0.2486,0.4116
I:08de:0.4822,-0.0427,0.0851,0.1186,-0.4451,0.3920,0.4655,0.0361
F:0.9987@390
A:0.9987@390
T:08e0:0.6296,-0.1987,0.0256,0.0829,-0.5315,-0.1564,0.2838,-0.3331
C:08e0:0.0000,0.0000,0.0000,0.0000,0.0000,0.0000,0.0000,0.0000
M:08e0:0.3897,0.3235,-0.2637,-0.5720,-0.3123,-0.0490,0.2488,0.4128
I:08e1:0.4822,-0.0427,0.0851,0.1186,-0.4451,0.3920,0.4655,0.0361
F:0.9987@390
A:0.9987@390
T:08e2:0.6296,-0.1987,0.0256,0.0829,-0.5315,-0.1564,0.2838,-0.3331
C:08e2:0.0000,0.0000,0.0000,0.0000,0.0000,0.0000,0.0000,0.0000
M:08e2:0.3896,0.3239,-0.2633,-0.5727,-0.3124,-0.0495,0.2491,0.4140
I:08e2:0.4822,-0.0427,0.0851,0.1186,-0.4451,0.3920,0.4655,0.0361
F:0.9987@390
A:0.9987@390
T:08e4:0.6296,-0.1987,0.0256,0.0829,-0.5315,-0.1564,0.2838,-0.3331
C:08e4:0.0000,0.0000,0.0000,0.0000,0.0000,0.0000,0.0000,0.0000
M:08e4:0.3895,0.3243,-0.2629,-0.5734,-0.3124,-0.0502,0.2494,0.4150
I:08e5:0.4822,-0.0427,0.0851,0.1186,-0.4451,0.3920,0.4655,0.0361
F:0.9989@390
A:0.9989@390
T:08e6:0.6296,-0.1987,0.0256,0.0829,-0.5315,-0.1564,0.2838,-0.3331
C:08e6:0.0000,0.0000,0.0000,0.0000,0.0000,0.0000,0.0000,0.0000
M:08e7:0.3895,0.3246,-0.2626,-0.5741,-0.3125,-0.0509,0.2496,0.4161
I:08e7:0.4822,-0.0427,0.0851,0.1186,-0.4451,0.3920,0.4655,0.0361
F:0.9989@390
A:0.9989@390
T:08e8:0.6296,-0.1987,0.0256,0.0829,-0.5315,-0.1564,0.2838,-0.3331
C:08e8:0.0000,0.0000,0.0000,0.0000,0.0000,0.0000,0.0000,0.0000
M:08e8:0.3894,0.3249,-0.2624,-0.5747,-0.3124,-0.0516,0.2499,0.4171
I:08e9:0.4822,-0.0427,0.0851,0.1186,-0.4451,0.3920,0.4655,0.0361
F:0.9989@390
A:0.9989@390
T:08eb:0.6296,-0.1987,0.0256,0.0829,-0.5315,-0.1564,0.2838,-0.3331
C:08eb:0.0000,0.0000,0.0000,0.0000,0.0000,0.0000,0.0000,0.0000
M:08ec:0.3893,0.3252,-0.2621,-0.5754,-0.3124,-0.0523,0.2502,0.4182
I:08ec:0.4822,-0.0427,0.0851,0.1186,-0.4451,0.3920,0.4655,0.0361
F:0.9989@390
A:0.9989@390
T:08ed:0.6296,-0.1987,0.0256,0.0829,-0.5315,-0.1564,0.2838,-0.3331
C:08ed:0.0000,0.0000,0.0000,0.0000,0.0000,0.0000,0.0000,0.0000
M:08ed:0.3891,0.3254,-0.2621,-0.5762,-0.3121,-0.0536,0.2507,0.4194
I:08ee:0.4822,-0.0427,0.0851,0.1186,-0.4451,0.3920,0.4655,0.0361
F:0.9989@390
A:0.9989@390
T:08ef:0.6296,-0.1987,0.0256,0.0829,-0.5315,-0.1564,0.2838,-0.3331
C:08ef:0.0000,0.0000,0.0000,0.0000,0.0000,0.0000,0.0000,0.0000
M:08ef:0.3892,0.3257,-0.2618,-0.5769,-0.3118,-0.0541,0.2510,0.4207
I:08f0:0.4822,-0.0427,0.0851,0.1186,-0.4451,0.3920,0.4655,0.0361
F:0.9991@390
A:0.9991@390
T:08f1:0.6296,-0.1987,0.0256,0.0829,-0.5315,-0.1564,0.2838,-0.3331
C:08f1:0.0000,0.0000,0.0000,0.0000,0.0000,0.0000,0.0000,0.0000
M:08f1:0.3891,0.3260,-0.2614,-0.5776,-0.3116,-0.0546,0.2512,0.4219
I:08f2:0.4822,-0.0427,0.0851,0.1186,-0.4451,0.3920,0.4655,0.0361
F:0.9991@390
A:0.9991@390
T:08f3:0.6296,-0.1987,0.0256,0.0829,-0.5315,-0.1564,0.2838,-0.3331
C:08f3:0.0000,0.0000,0.0000,0.0000,0.0000,0.0000,0.0000,0.0000
M:08f3:0.3889,0.3263,-0.2610,-0.5783,-0.3115,-0.0551,0.2514,0.4230
I:08f4:0.4822,-0.0427,0.0851,0.1186,-0.4451,0.3920,0.4655,0.0361
F:0.9991@390
A:0.9991@390
T:08f5:0.6296,-0.1987,0.0256,0.0829,-0.5315,-0.1564,0.2838,-0.3331
C:08f5:0.0000,0.0000,0.0000,0.0000,0.0000,0.0000,0.0000,0.0000
M:08f5:0.3888,0.3266,-0.2607,-0.5789,-0.3115,-0.0558,0.2517,0.4240
I:08f5:0.4822,-0.0427,0.0851,0.1186,-0.4451,0.3920,0.4655,0.0361
F:0.9991@390
A:0.9991@390
T:08f8:0.6296,-0.1987,0.0256,0.0829,-0.5315,-0.1564,0.2838,-0.3331
C:08f8:0.0000,0.0000,0.0000,0.0000,0.0000,0.0000,0.0000,0.0000
M:08f8:0.3888,0.3270,-0.2601,-0.5795,-0.3117,-0.0559,0.2519,0.4249
I:08f8:0.4822,-0.0427,0.0851,0.1186,-0.4451,0.3920,0.4655,0.0361
F:0.9991@390
A:0.9991@390
T:08fb:0.6296,-0.1987,0.0256,0.0829,-0.5315,-0.1564,0.2838,-0.3331
C:08fb:0.0000,0.0000,0.0000,0.0000,0.0000,0.0000,0.0000,0.0000
M:08fb:0.3884,0.3269,-0.2605,-0.5802,-0.3114,-0.0578,0.2525,0.4259
I:08fb:0.4822,-0.0427,0.0851,0.1186,-0.4451,0.3920,0.4655,0.0361
F:0.9992@390
A:0.9992@390
T:08fd:0.6296,-0.1987,0.0256,0.0829,-0.5315,-0.1564,0.2838,-0.3331
C:08fd:0.0000,0.0000,0.0000,0.0000,0.0000,0.0000,0.0000,0.0000
M:08fd:0.3884,0.3269,-0.2605,-0.5811,-0.3106,-0.0591,0.2530,0.4274
I:08fe:0.4822,-0.0427,0.0851,0.1186,-0.4451,0.3920,0.4655,0.0361
F:0.9992@390
A:0.9992@390
T:08ff:0.6296,-0.1987,0.0256,0.0829,-0.5315,-0.1564,0.2838,-0.3331
C:08ff:0.0000,0.0000,0.0000,0.0000,0.0000,0.0000,0.0000,0.0000
M:08ff:0.3885,0.3272,-0.2600,-0.5819,-0.3101,-0.0595,0.2532,0.4290
I:08ff:0.4822,-0.0427,0.0851,0.1186,-0.4451,0.3920,0.4655,0.0361
F:0.9992@390
A:0.9992@390
T:0901:0.6296,-0.1987,0.0256,0.0829,-0.5315,-0.1564,0.2838,-0.3331
C:0901:0.0000,0.0000,0.0000,0.0000,0.0000,0.0000,0.0000,0.0000
M:0902:0.3883,0.3276,-0.2595,-0.5826,-0.3099,-0.0597,0.2534,0.4303
I:0902:0.4822,-0.0427,0.0851,0.1186,-0.4451,0.3920,0.4655,0.0361
F:0.9994@390
A:0.9994@390
T:0903:0.6296,-0.1987,0.0256,0.0829,-0.5315,-0.1564,0.2838,-0.3331
C:0903:0.0000,0.0000,0.0000,0.0000,0.0000,0.0000,0.0000,0.0000
M:0903:0.3881,0.3279,-0.2589,-0.5832,-0.3099,-0.0602,0.2536,0.4313
I:0903:0.4822,-0.0427,0.0851,0.1186,-0.4451,0.3920,0.4655,0.0361
F:0.9995@390
A:0.9995@390
T:0905:0.6296,-0.1987,0.0256,0.0829,-0.5315,-0.1564,0.2838,-0.3331
C:0905:0.0000,0.0000,0.0000,0.0000,0.0000,0.0000,0.0000,0.0000
M:0905:0.3879,0.3282,-0.2585,-0.5839,-0.3100,-0.0608,0.2539,0.4323
I:0905:0.4822,-0.0427,0.0851,0.1186,-0.4451,0.3920,0.4655,0.0361
F:0.9995@390
A:0.9995@390
T:0907:0.6296,-0.1987,0.0256,0.0829,-0.5315,-0.1564,0.2838,-0.3331
C:0907:0.0000,0.0000,0.0000,0.0000,0.0000,0.0000,0.0000,0.0000
M:0907:0.3879,0.3286,-0.2579,-0.5844,-0.3102,-0.0610,0.2540,0.4331
I:0907:0.4822,-0.0427,0.0851,0.1186,-0.4451,0.3920,0.4655,0.0361
F:0.9995@390
A:0.9995@390
T:0909:0.6296,-0.1987,0.0256,0.0829,-0.5315,-0.1564,0.2838,-0.3331
C:0909:0.0000,0.0000,0.0000,0.0000,0.0000,0.0000,0.0000,0.0000
M:0909:0.3876,0.3286,-0.2580,-0.5850,-0.3101,-0.0624,0.2545,0.4339
I:090a:0.4822,-0.0427,0.0851,0.1186,-0.4451,0.3920,0.4655,0.0361
F:0.9995@390
A:0.9995@390
T:090b:0.6296,-0.1987,0.0256,0.0829,-0.5315,-0.1564,0.2838,-0.3331
C:090b:0.0000,0.0000,0.0000,0.0000,0.0000,0.0000,0.0000,0.0000
M:090b:0.3876,0.3288,-0.2578,-0.5857,-0.3099,-0.0632,0.2548,0.4350
I:090b:0.4822,-0.0427,0.0851,0.1186,-0.4451,0.3920,0.4655,0.0361
F:0.9995@390
A:0.9995@390
T:090c:0.6296,-0.1987,0.0256,0.0829,-0.5315,-0.1564,0.2838,-0.3331
C:090d:0.0000,0.0000,0.0000,0.0000,0.0000,0.0000,0.0000,0.0000
M:090d:0.3877,0.3293,-0.2573,-0.5862,-0.3098,-0.0633,0.2548,0.4360
I:090d:0.4822,-0.0427,0.0851,0.1186,-0.4451,0.3920,0.4655,0.0361
F:0.9995@390
A:0.9995@390
T:090e:0.6296,-0.1987,0.0256,0.0829,-0.5315,-0.1564,0.2838,-0.3331
C:090e:0.0000,0.0000,0.0000,0.0000,0.0000,0.0000,0.0000,0.0000
M:090e:0.3875,0.3295,-0.2570,-0.5867,-0.3098,-0.0639,0.2550,0.4368
I:090e:0.4822,-0.0427,0.0851,0.1186,-0.4451,0.3920,0.4655,0.0361
F:0.9995@390
A:0.9995@390
T:090f:0.6296,-0.1987,0.0256,0.0829,-0.5315,-0.1564,0.2838,-0.3331
C:090f:0.0000,0.0000,0.0000,0.0000,0.0000,0.0000,0.0000,0.0000
M:0910:0.3874,0.3298,-0.2566,-0.5872,-0.3099,-0.0641,0.2552,0.4375
I:0910:0.4822,-0.0427,0.0851,0.1186,-0.4451,0.3920,0.4655,0.0361
F:0.9995@390
A:0.9995@390
T:0911:0.6296,-0.1987,0.0256,0.0829,-0.5315,-0.1564,0.2838,-0.3331
C:0911:0.0000,0.0000,0.0000,0.0000,0.0000,0.0000,0.0000,0.0000
M:0911:0.3872,0.3300,-0.2565,-0.5877,-0.3099,-0.0649,0.2554,0.4382
I:0912:0.4822,-0.0427,0.0851,0.1186,-0.4451,0.3920,0.4655,0.0361
F:0.9995@390
A:0.9995@390
T:0913:0.6296,-0.1987,0.0256,0.0829,-0.5315,-0.1564,0.2838,-0.3331
C:0913:0.0000,0.0000,0.0000,0.0000,0.0000,0.0000,0.0000,0.0000
M:0913:0.3871,0.3301,-0.2564,-0.5882,-0.3097,-0.0658,0.2557,0.4390
I:0914:0.4822,-0.0427,0.0851,0.1186,-0.4451,0.3920,0.4655,0.0361
F:0.9995@390
A:0.9995@390
T:0915:0.6296,-0.1987,0.0256,0.0829,-0.5315,-0.1564,0.2838,-0.3331
C:0915:0.0000,0.0000,0.0000,0.0000,0.0000,0.0000,0.0000,0.0000
M:0915:0.3871,0.3302,-0.2563,-0.5888,-0.3093,-0.0665,0.2560,0.4400
I:0916:0.4822,-0.0427,0.0851,0.1186,-0.4451,0.3920,0.4655,0.0361
F:0.9995@390
A:0.9995@390
T:0917:0.6296,-0.1987,0.0256,0.0829,-0.5315,-0.1564,0.2838,-0.3331
C:0917:0.0000,0.0000,0.0000,0.0000,0.0000,0.0000,0.0000,0.0000
M:0917:0.3870,0.3303,-0.2562,-0.5894,-0.3089,-0.0671,0.2563,0.4410
I:0917:0.4822,-0.0427,0.0851,0.1186,-0.4451,0.3920,0.4655,0.0361
F:0.9996@390
A:0.9996@390
T:0918:0.6296,-0.1987,0.0256,0.0829,-0.5315,-0.1564,0.2838,-0.3331
C:0918:0.0000,0.0000,0.0000,0.0000,0.0000,0.0000,0.0000,0.0000
M:0919:0.3870,0.3306,-0.2557,-0.5898,-0.3088,-0.0672,0.2563,0.4419
I:0919:0.4822,-0.0427,0.0851,0.1186,-0.4451,0.3920,0.4655,0.0361
F:0.9996@390
A:0.9996@390
T:091a:0.6296,-0.1987,0.0256,0.0829,-0.5315,-0.1564,0.2838,-0.3331
C:091a:0.0000,0.0000,0.0000,0.0000,0.0000,0.0000,0.0000,0.0000
M:091b:0.3867,0.3307,-0.2554,-0.5903,-0.3087,-0.0678,0.2566,0.4426
I:091b:0.4822,-0.0427,0.0851,0.1186,-0.4451,0.3920,0.4655,0.0361
F:0.9997@390
A:0.9997@390
T:091c:0.6296,-0.1987,0.0256,0.0829,-0.5315,-0.1564,0.2838,-0.3331
C:091c:0.0000,0.0000,0.0000,0.0000,0.0000,0.0000,0.0000,0.0000
M:091c:0.3866,0.3308,-0.2553,-0.5908,-0.3085,-0.0686,0.2569,0.4434
I:091c:0.4822,-0.0427,0.0851,0.1186,-0.4451,0.3920,0.4655,0.0361
F:0.9997@390
A:0.9997@390
T:091e:0.6296,-0.1987,0.0256,0.0829,-0.5315,-0.1564,0.2838,-0.3331
C:091e:0.0000,0.0000,0.0000,0.0000,0.0000,0.0000,0.0000,0.0000
M:091f:0.3865,0.3309,-0.2552,-0.5913,-0.3081,-0.0693,0.2572,0.4444
I:091f:0.4822,-0.0427,0.0851,0.1186,-0.4451,0.3920,0.4655,0.0361
F:0.9997@390
A:0.9997@390
T:0920:0.6296,-0.1987,0.0256,0.0829,-0.5315,-0.1564,0.2838,-0.3331
C:0920:0.0000,0.0000,0.0000,0.0000,0.0000,0.0000,0.0000,0.0000
M:0920:0.3864,0.3310,-0.2550,-0.5919,-0.3078,-0.0700,0.2574,0.4453
I:0921:0.4822,-0.0427,0.0851,0.1186,-0.4451,0.3920,0.4655,0.0361
F:0.9997@390
A:0.9997@390
T:0922:0.6296,-0.1987,0.0256,0.0829,-0.5315,-0.1564,0.2838,-0.3331
C:0922:0.0000,0.0000,0.0000,0.0000,0.0000,0.0000,0.0000,0.0000
M:0922:0.3863,0.3311,-0.2548,-0.5925,-0.3074,-0.0706,0.2577,0.4463
I:0923:0.4822,-0.0427,0.0851,0.1186,-0.4451,0.3920,0.4655,0.0361
F:0.9997@390
A:0.9997@390
T:0924:0.6296,-0.1987,0.0256,0.0829,-0.5315,-0.1564,0.2838,-0.3331
C:0924:0.0000,0.0000,0.0000,0.0000,0.0000,0.0000,0.0000,0.0000
M:0924:0.3862,0.3312,-0.2545,-0.5930,-0.3071,-0.0712,0.2579,0.4473
I:0924:0.4822,-0.0427,0.0851,0.1186,-0.4451,0.3920,0.4655,0.0361
F:0.9997@390
A:0.9997@390
T:0926:0.6296,-0.1987,0.0256,0.0829,-0.5315,-0.1564,0.2838,-0.3331
C:0926:0.0000,0.0000,0.0000,0.0000,0.0000,0.0000,0.0000,0.0000
M:0926:0.3860,0.3313,-0.2542,-0.5935,-0.3068,-0.0718,0.2582,0.4483
I:0926:0.4822,-0.0427,0.0851,0.1186,-0.4451,0.3920,0.4655,0.0361
F:0.9997@390
A:0.9997@390
T:092a:0.6296,-0.1987,0.0256,0.0829,-0.5315,-0.1564,0.2838,-0.3331
C:092a:0.0000,0.0000,0.0000,0.0000,0.0000,0.0000,0.0000,0.0000
M:092b:0.3856,0.3311,-0.2546,-0.5943,-0.3060,-0.0735,0.2588,0.4495
I:092b:0.4822,-0.0427,0.0851,0.1186,-0.4451,0.3920,0.4655,0.0361
F:0.9997@390
A:0.9997@390
T:092c:0.6296,-0.1987,0.0256,0.0829,-0.5315,-0.1564,0.2838,-0.3331
C:092c:0.0000,0.0000,0.0000,0.0000,0.0000,0.0000,0.0000,0.0000
M:092c:0.3857,0.3312,-0.2542,-0.5950,-0.3053,-0.0740,0.2591,0.4509
I:092d:0.4822,-0.0427,0.0851,0.1186,-0.4451,0.3920,0.4655,0.0361
F:0.9998@390
A:0.9998@390
T:092e:0.6296,-0.1987,0.0256,0.0829,-0.5315,-0.1564,0.2838,-0.3331
C:092e:0.0000,0.0000,0.0000,0.0000,0.0000,0.0000,0.0000,0.0000
M:092e:0.3856,0.3314,-0.2536,-0.5956,-0.3049,-0.0743,0.2592,0.4521
I:092f:0.4822,-0.0427,0.0851,0.1186,-0.4451,0.3920,0.4655,0.0361
F:0.9998@390
A:0.9998@390
T:0930:0.6296,-0.1987,0.0256,0.0829,-0.5315,-0.1564,0.2838,-0.3331
C:0930:0.0000,0.0000,0.0000,0.0000,0.0000,0.0000,0.0000,0.0000
M:0930:0.3853,0.3316,-0.2531,-0.5962,-0.3047,-0.0747,0.2595,0.4531
I:0931:0.4822,-0.0427,0.0851,0.1186,-0.4451,0.3920,0.4655,0.0361
F:0.9998@390
A:0.9998@390
T:0932:0.6296,-0.1987,0.0256,0.0829,-0.5315,-0.1564,0.2838,-0.3331
C:0932:0.0000,0.0000,0.0000,0.0000,0.0000,0.0000,0.0000,0.0000
M:0932:0.3851,0.3318,-0.2527,-0.5967,-0.3046,-0.0753,0.2597,0.4540
I:0932:0.4822,-0.0427,0.0851,0.1186,-0.4451,0.3920,0.4655,0.0361
F:0.9998@390
A:0.9998@390
T:0934:0.6296,-0.1987,0.0256,0.0829,-0.5315,-0.1564,0.2838,-0.3331
C:0934:0.0000,0.0000,0.0000,0.0000,0.0000,0.0000,0.0000,0.0000
M:0934:0.3849,0.3319,-0.2523,-0.5972,-0.3045,-0.0760,0.2600,0.4549
I:0934:0.4822,-0.0427,0.0851,0.1186,-0.4451,0.3920,0.4655,0.0361
F:0.9998@390
A:0.9998@390
T:0937:0.6296,-0.1987,0.0256,0.0829,-0.5315,-0.1564,0.2838,-0.3331
C:0937:0.0000,0.0000,0.0000,0.0000,0.0000,0.0000,0.0000,0.0000
M:0937:0.3848,0.3320,-0.2521,-0.5978,-0.3043,-0.0767,0.2602,0.4558
I:0937:0.4822,-0.0427,0.0851,0.1186,-0.4451,0.3920,0.4655,0.0361
F:0.9998@390
A:0.9998@390
T:0939:0.6296,-0.1987,0.0256,0.0829,-0.5315,-0.1564,0.2838,-0.3331
C:093a:0.0000,0.0000,0.0000,0.0000,0.0000,0.0000,0.0000,0.0000
M:093a:0.3845,0.3320,-0.2521,-0.5984,-0.3038,-0.0780,0.2606,0.4568
I:093a:0.4822,-0.0427,0.0851,0.1186,-0.4451,0.3920,0.4655,0.0361
F:0.9998@390
A:0.9998@390
T:093b:0.6296,-0.1987,0.0256,0.0829,-0.5315,-0.1564,0.2838,-0.3331
C:093b:0.0000,0.0000,0.0000,0.0000,0.0000,0.0000,0.0000,0.0000
M:093b:0.3845,0.3322,-0.2518,-0.5990,-0.3034,-0.0786,0.2609,0.4579
I:093c:0.4822,-0.0427,0.0851,0.1186,-0.4451,0.3920,0.4655,0.0361
F:0.9998@390
A:0.9998@390
T:093d:0.6296,-0.1987,0.0256,0.0829,-0.5315,-0.1564,0.2838,-0.3331
C:093d:0.0000,0.0000,0.0000,0.0000,0.0000,0.0000,0.0000,0.0000
M:093d:0.3844,0.3324,-0.2514,-0.5996,-0.3030,-0.0791,0.2611,0.4590
I:093e:0.4822,-0.0427,0.0851,0.1186,-0.4451,0.3920,0.4655,0.0361
F:0.9998@390
A:0.9998@390
T:093f:0.6296,-0.1987,0.0256,0.0829,-0.5315,-0.1564,0.2838,-0.3331
C:093f:0.0000,0.0000,0.0000,0.0000,0.0000,0.0000,0.0000,0.0000
M:0940:0.3842,0.3325,-0.2510,-0.6002,-0.3027,-0.0796,0.2613,0.4599
I:0940:0.4822,-0.0427,0.0851,0.1186,-0.4451,0.3920,0.4655,0.0361
F:0.9999@390
A:0.9999@390
T:0941:0.6296,-0.1987,0.0256,0.0829,-0.5315,-0.1564,0.2838,-0.3331
C:0941:0.0000,0.0000,0.0000,0.0000,0.0000,0.0000,0.0000,0.0000
M:0941:0.3840,0.3326,-0.2507,-0.6007,-0.3025,-0.0802,0.2615,0.4608
I:0942:0.4822,-0.0427,0.0851,0.1186,-0.4451,0.3920,0.4655,0.0361
F:0.9999@390
A:0.9999@390
T:0943:0.6296,-0.1987,0.0256,0.0829,-0.5315,-0.1564,0.2838,-0.3331
C:0943:0.0000,0.0000,0.0000,0.0000,0.0000,0.0000,0.0000,0.0000
M:0943:0.3838,0.3328,-0.2504,-0.6012,-0.3023,-0.0808,0.2618,0.4617
I:0944:0.4822,-0.0427,0.0851,0.1186,-0.4451,0.3920,0.4655,0.0361
F:0.9999@390
A:0.9999@390
T:0945:0.6296,-0.1987,0.0256,0.0829,-0.5315,-0.1564,0.2838,-0.3331
C:0945:0.0000,0.0000,0.0000,0.0000,0.0000,0.0000,0.0000,0.0000
M:0945:0.3836,0.3329,-0.2501,-0.6017,-0.3020,-0.0815,0.2620,0.4625
I:0945:0.4822,-0.0427,0.0851,0.1186,-0.4451,0.3920,0.4655,0.0361
F:0.9999@390
A:0.9999@390
T:0947:0.6296,-0.1987,0.0256,0.0829,-0.5315,-0.1564,0.2838,-0.3331
C:0947:0.0000,0.0000,0.0000,0.0000,0.0000,0.0000,0.0000,0.0000
M:0947:0.3835,0.3330,-0.2499,-0.6022,-0.3017,-0.0822,0.2623,0.4634
I:0947:0.4822,-0.0427,0.0851,0.1186,-0.4451,0.3920,0.4655,0.0361
F:0.9999@390
A:0.9999@390
T:0949:0.6296,-0.1987,0.0256,0.0829,-0.5315,-0.1564,0.2838,-0.3331
C:0949:0.0000,0.0000,0.0000,0.0000,0.0000,0.0000,0.0000,0.0000
M:0949:0.3835,0.3332,-0.2493,-0.6027,-0.3016,-0.0823,0.2623,0.4642
I:0949:0.4822,-0.0427,0.0851,0.1186,-0.4451,0.3920,0.4655,0.0361
F:0.9999@390
A:0.9999@390
T:094b:0.6296,-0.1987,0.0256,0.0829,-0.5315,-0.1564,0.2838,-0.3331
C:094b:0.0000,0.0000,0.0000,0.0000,0.0000,0.0000,0.0000,0.0000
M:094c:0.3831,0.3332,-0.2494,-0.6032,-0.3013,-0.0835,0.2627,0.4650
I:094c:0.4822,-0.0427,0.0851,0.1186,-0.4451,0.3920,0.4655,0.0361
F:0.9999@390
A:0.9999@390
T:094d:0.6296,-0.1987,0.0256,0.0829,-0.5315,-0.1564,0.2838,-0.3331
C:094d:0.0000,0.0000,0.0000,0.0000,0.0000,0.0000,0.0000,0.0000
M:094d:0.3830,0.3332,-0.2493,-0.6037,-0.3008,-0.0843,0.2630,0.4659
I:094e:0.4822,-0.0427,0.0851,0.1186,-0.4451,0.3920,0.4655,0.0361
F:0.9999@390
A:0.9999@390
T:094f:0.6296,-0.1987,0.0256,0.0829,-0.5315,-0.1564,0.2838,-0.3331
C:094f:0.0000,0.0000,0.0000,0.0000,0.0000,0.0000,0.0000,0.0000
M:094f:0.3829,0.3333,-0.2490,-0.6043,-0.3003,-0.0848,0.2632,0.4669
I:094f:0.4822,-0.0427,0.0851,0.1186,-0.4451,0.3920,0.4655,0.0361
F:0.9999@390
A:0.9999@390
T:0951:0.6296,-0.1987,0.0256,0.0829,-0.5315,-0.1564,0.2838,-0.3331
C:0951:0.0000,0.0000,0.0000,0.0000,0.0000,0.0000,0.0000,0.0000
M:0951:0.3828,0.3334,-0.2487,-0.6048,-0.2999,-0.0854,0.2634,0.4678
I:0951:0.4822,-0.0427,0.0851,0.1186,-0.4451,0.3920,0.4655,0.0361
F:1.0000@390
A:1.0000@390
T:0954:0.6296,-0.1987,0.0256,0.0829,-0.5315,-0.1564,0.2838,-0.3331
C:0954:0.0000,0.0000,0.0000,0.0000,0.0000,0.0000,0.0000,0.0000
M:0954:0.3826,0.3335,-0.2484,-0.6053,-0.2995,-0.0859,0.2637,0.4687
I:0954:0.4822,-0.0427,0.0851,0.1186,-0.4451,0.3920,0.4655,0.0361
F:1.0000@390
A:1.0000@390
T:0957:0.6296,-0.1987,0.0256,0.0829,-0.5315,-0.1564,0.2838,-0.3331
C:0957:0.0000,0.0000,0.0000,0.0000,0.0000,0.0000,0.0000,0.0000
M:0957:0.3822,0.3332,-0.2487,-0.6059,-0.2987,-0.0876,0.2642,0.4698
I:0958:0.4822,-0.0427,0.0851,0.1186,-0.4451,0.3920,0.4655,0.0361
F:1.0000@390
A:1.0000@390
T:0959:0.6296,-0.1987,0.0256,0.0829,-0.5315,-0.1564,0.2838,-0.3331
C:0959:0.0000,0.0000,0.0000,0.0000,0.0000,0.0000,0.0000,0.0000
M:0959:0.3822,0.3332,-0.2483,-0.6066,-0.2979,-0.0882,0.2645,0.4711
I:0959:0.4822,-0.0427,0.0851,0.1186,-0.4451,0.3920,0.4655,0.0361
F:1.0000@390
A:1.0000@390
T:095c:0.6296,-0.1987,0.0256,0.0829,-0.5315,-0.1564,0.2838,-0.3331
C:095d:0.0000,0.0000,0.0000,0.0000,0.0000,0.0000,0.0000,0.0000
M:095d:0.3819,0.3332,-0.2481,-0.6072,-0.2972,-0.0890,0.2649,0.4723
I:095d:0.4822,-0.0427,0.0851,0.1186,-0.4451,0.3920,0.4655,0.0361
F:1.0000@390
A:1.0000@390
T:095e:0.6296,-0.1987,0.0256,0.0829,-0.5315,-0.1564,0.2838,-0.3331
C:095e:0.0000,0.0000,0.0000,0.0000,0.0000,0.0000,0.0000,0.0000
M:095e:0.3817,0.3333,-0.2475,-0.6078,-0.2966,-0.0893,0.2651,0.4734
I:095e:0.4822,-0.0427,0.0851,0.1186,-0.4451,0.3920,0.4655,0.0361
F:1.0000@390
A:1.0000@390
{
  "exo_version": "0.12",
  "last_tick": 2400,
  "attractor": {
    "events": 1,
    "sim_mean": 1.0000
  },
  "memory": {
    "unique_patterns": 3,
    "familiarity_mean": 1.0000
  },
  "path_dependency_index": 1.9150,
  "sedimentation": true
}

T:0961:0.6296,-0.1987,0.0256,0.0829,-0.5315,-0.1564,0.2838,-0.3331
C:0961:0.0000,0.0000,0.0000,0.0000,0.0000,0.0000,0.0000,0.0000
M:0961:0.3815,0.3334,-0.2470,-0.6083,-0.2963,-0.0897,0.2652,0.4744
I:0961:0.4822,-0.0427,0.0851,0.1186,-0.4451,0.3920,0.4655,0.0361
F:1.0000@390
A:1.0000@390
T:0962:0.6296,-0.1987,0.0256,0.0829,-0.5315,-0.1564,0.2838,-0.3331
C:0962:0.0000,0.0000,0.0000,0.0000,0.0000,0.0000,0.0000,0.0000
M:0962:0.3812,0.3335,-0.2465,-0.6088,-0.2961,-0.0903,0.2655,0.4752
I:0962:0.4822,-0.0427,0.0851,0.1186,-0.4451,0.3920,0.4655,0.0361
F:1.0000@390
A:1.0000@390
T:0964:0.6296,-0.1987,0.0256,0.0829,-0.5315,-0.1564,0.2838,-0.3331
C:0964:0.0000,0.0000,0.0000,0.0000,0.0000,0.0000,0.0000,0.0000
M:0965:0.3809,0.3336,-0.2461,-0.6092,-0.2959,-0.0910,0.2657,0.4760
I:0965:0.4822,-0.0427,0.0851,0.1186,-0.4451,0.3920,0.4655,0.0361
F:1.0000@390
A:1.0000@390
T:0966:0.6296,-0.1987,0.0256,0.0829,-0.5315,-0.1564,0.2838,-0.3331
C:0966:0.0000,0.0000,0.0000,0.0000,0.0000,0.0000,0.0000,0.0000
M:0967:0.3808,0.3337,-0.2458,-0.6097,-0.2957,-0.0917,0.2659,0.4768
I:0967:0.4822,-0.0427,0.0851,0.1186,-0.4451,0.3920,0.4655,0.0361
F:1.0000@390
A:1.0000@390
T:0968:0.6296,-0.1987,0.0256,0.0829,-0.5315,-0.1564,0.2838,-0.3331
C:0968:0.0000,0.0000,0.0000,0.0000,0.0000,0.0000,0.0000,0.0000
M:0968:0.3806,0.3337,-0.2455,-0.6102,-0.2954,-0.0924,0.2661,0.4776
I:0968:0.4822,-0.0427,0.0851,0.1186,-0.4451,0.3920,0.4655,0.0361
F:1.0000@390
A:1.0000@390
T:0969:0.6296,-0.1987,0.0256,0.0829,-0.5315,-0.1564,0.2838,-0.3331
C:0969:0.0000,0.0000,0.0000,0.0000,0.0000,0.0000,0.0000,0.0000
M:096a:0.3806,0.3340,-0.2450,-0.6106,-0.2953,-0.0925,0.2662,0.4783
I:096a:0.4822,-0.0427,0.0851,0.1186,-0.4451,0.3920,0.4655,0.0361
F:1.0000@390
A:1.0000@390
T:096b:0.6296,-0.1987,0.0256,0.0829,-0.5315,-0.1564,0.2838,-0.3331
C:096b:0.0000,0.0000,0.0000,0.0000,0.0000,0.0000,0.0000,0.0000
M:096b:0.3803,0.3341,-0.2448,-0.6110,-0.2952,-0.0932,0.2664,0.4790
I:096b:0.4822,-0.0427,0.0851,0.1186,-0.4451,0.3920,0.4655,0.0361
F:1.0000@390
A:1.0000@390
T:096d:0.6296,-0.1987,0.0256,0.0829,-0.5315,-0.1564,0.2838,-0.3331
C:096d:0.0000,0.0000,0.0000,0.0000,0.0000,0.0000,0.0000,0.0000
M:096d:0.3801,0.3341,-0.2447,-0.6114,-0.2948,-0.0940,0.2666,0.4797
I:096e:0.4822,-0.0427,0.0851,0.1186,-0.4451,0.3920,0.4655,0.0361
F:1.0000@390
A:1.0000@390
T:096f:0.6296,-0.1987,0.0256,0.0829,-0.5315,-0.1564,0.2838,-0.3331
C:096f:0.0000,0.0000,0.0000,0.0000,0.0000,0.0000,0.0000,0.0000
M:096f:0.3800,0.3341,-0.2445,-0.6119,-0.2944,-0.0947,0.2669,0.4805
I:0970:0.4822,-0.0427,0.0851,0.1186,-0.4451,0.3920,0.4655,0.0361
F:0.9999@390
A:0.9999@390
T:0972:0.6296,-0.1987,0.0256,0.0829,-0.5315,-0.1564,0.2838,-0.3331
C:0972:0.0000,0.0000,0.0000,0.0000,0.0000,0.0000,0.0000,0.0000
M:0972:0.3798,0.3341,-0.2444,-0.6124,-0.2939,-0.0954,0.2671,0.4813
I:0972:0.4822,-0.0427,0.0851,0.1186,-0.4451,0.3920,0.4655,0.0361
F:0.9999@390
A:0.9999@390
T:0973:0.6296,-0.1987,0.0256,0.0829,-0.5315,-0.1564,0.2838,-0.3331
C:0973:0.0000,0.0000,0.0000,0.0000,0.0000,0.0000,0.0000,0.0000
M:0974:0.3797,0.3341,-0.2442,-0.6128,-0.2934,-0.0959,0.2673,0.4821
I:0974:0.4822,-0.0427,0.0851,0.1186,-0.4451,0.3920,0.4655,0.0361
F:0.9999@390
A:0.9999@390
T:0975:0.6296,-0.1987,0.0256,0.0829,-0.5315,-0.1564,0.2838,-0.3331
C:0975:0.0000,0.0000,0.0000,0.0000,0.0000,0.0000,0.0000,0.0000
M:0975:0.3795,0.3341,-0.2439,-0.6133,-0.2929,-0.0965,0.2676,0.4829
I:0976:0.4822,-0.0427,0.0851,0.1186,-0.4451,0.3920,0.4655,0.0361
F:0.9999@390
A:0.9999@390
T:0977:0.6296,-0.1987,0.0256,0.0829,-0.5315,-0.1564,0.2838,-0.3331
C:0977:0.0000,0.0000,0.0000,0.0000,0.0000,0.0000,0.0000,0.0000
M:0977:0.3793,0.3341,-0.2436,-0.6137,-0.2924,-0.0971,0.2678,0.4838
I:0978:0.4822,-0.0427,0.0851,0.1186,-0.4451,0.3920,0.4655,0.0361
F:0.9999@390
A:0.9999@390
T:0979:0.6296,-0.1987,0.0256,0.0829,-0.5315,-0.1564,0.2838,-0.3331
C:0979:0.0000,0.0000,0.0000,0.0000,0.0000,0.0000,0.0000,0.0000
M:0979:0.3791,0.3341,-0.2434,-0.6142,-0.2919,-0.0977,0.2680,0.4846
I:097a:0.4822,-0.0427,0.0851,0.1186,-0.4451,0.3920,0.4655,0.0361
F:0.9999@390
A:0.9999@390
T:097b:0.6296,-0.1987,0.0256,0.0829,-0.5315,-0.1564,0.2838,-0.3331
C:097b:0.0000,0.0000,0.0000,0.0000,0.0000,0.0000,0.0000,0.0000
M:097b:0.3788,0.3341,-0.2431,-0.6146,-0.2915,-0.0983,0.2682,0.4854
I:097c:0.4822,-0.0427,0.0851,0.1186,-0.4451,0.3920,0.4655,0.0361
F:0.9999@390
A:0.9999@390
T:097d:0.6296,-0.1987,0.0256,0.0829,-0.5315,-0.1564,0.2838,-0.3331
C:097d:0.0000,0.0000,0.0000,0.0000,0.0000,0.0000,0.0000,0.0000
M:097d:0.3786,0.3341,-0.2428,-0.6151,-0.2910,-0.0989,0.2685,0.4862
I:097d:0.4822,-0.0427,0.0851,0.1186,-0.4451,0.3920,0.4655,0.0361
F:0.9999@390
A:0.9999@390
T:097f:0.6296,-0.1987,0.0256,0.0829,-0.5315,-0.1564,0.2838,-0.3331
C:097f:0.0000,0.0000,0.0000,0.0000,0.0000,0.0000,0.0000,0.0000
M:097f:0.3784,0.3341,-0.2426,-0.6155,-0.2906,-0.0995,0.2687,0.4870
I:0980:0.4822,-0.0427,0.0851,0.1186,-0.4451,0.3920,0.4655,0.0361
F:0.9999@390
A:0.9999@390
T:0981:0.6296,-0.1987,0.0256,0.0829,-0.5315,-0.1564,0.2838,-0.3331
C:0981:0.0000,0.0000,0.0000,0.0000,0.0000,0.0000,0.0000,0.0000
M:0981:0.3782,0.3341,-0.2423,-0.6159,-0.2901,-0.1001,0.2689,0.4878
I:0981:0.4822,-0.0427,0.0851,0.1186,-0.4451,0.3920,0.4655,0.0361
F:0.9999@390
A:0.9999@390
T:0983:0.6296,-0.1987,0.0256,0.0829,-0.5315,-0.1564,0.2838,-0.3331
C:0983:0.0000,0.0000,0.0000,0.0000,0.0000,0.0000,0.0000,0.0000
M:0983:0.3780,0.3341,-0.2420,-0.6164,-0.2896,-0.1007,0.2691,0.4886
I:0984:0.4822,-0.0427,0.0851,0.1186,-0.4451,0.3920,0.4655,0.0361
F:0.9998@390
A:0.9998@390
T:0985:0.6296,-0.1987,0.0256,0.0829,-0.5315,-0.1564,0.2838,-0.3331
C:0985:0.0000,0.0000,0.0000,0.0000,0.0000,0.0000,0.0000,0.0000
M:0985:0.3778,0.3340,-0.2418,-0.6168,-0.2892,-0.1013,0.2693,0.4894
I:0986:0.4822,-0.0427,0.0851,0.1186,-0.4451,0.3920,0.4655,0.0361
F:0.9998@390
A:0.9998@390
T:0987:0.6296,-0.1987,0.0256,0.0829,-0.5315,-0.1564,0.2838,-0.3331
C:0987:0.0000,0.0000,0.0000,0.0000,0.0000,0.0000,0.0000,0.0000
M:0987:0.3776,0.3340,-0.2415,-0.6172,-0.2887,-0.1019,0.2696,0.4902
I:0988:0.4822,-0.0427,0.0851,0.1186,-0.4451,0.3920,0.4655,0.0361
F:0.9998@390
A:0.9998@390
T:0989:0.6296,-0.1987,0.0256,0.0829,-0.5315,-0.1564,0.2838,-0.3331
C:0989:0.0000,0.0000,0.0000,0.0000,0.0000,0.0000,0.0000,0.0000
M:0989:0.3774,0.3340,-0.2412,-0.6177,-0.2882,-0.1025,0.2698,0.4909
I:0989:0.4822,-0.0427,0.0851,0.1186,-0.4451,0.3920,0.4655,0.0361
F:0.9998@390
A:0.9998@390
T:098b:0.6296,-0.1987,0.0256,0.0829,-0.5315,-0.1564,0.2838,-0.3331
C:098b:0.0000,0.0000,0.0000,0.0000,0.0000,0.0000,0.0000,0.0000
M:098b:0.3772,0.3340,-0.2410,-0.6181,-0.2878,-0.1031,0.2700,0.4917
I:098c:0.4822,-0.0427,0.0851,0.1186,-0.4451,0.3920,0.4655,0.0361
F:0.9998@390
A:0.9998@390
T:098d:0.6296,-0.1987,0.0256,0.0829,-0.5315,-0.1564,0.2838,-0.3331
C:098d:0.0000,0.0000,0.0000,0.0000,0.0000,0.0000,0.0000,0.0000
M:098d:0.3770,0.3340,-0.2407,-0.6185,-0.2873,-0.1037,0.2702,0.4925
I:098d:0.4822,-0.0427,0.0851,0.1186,-0.4451,0.3920,0.4655,0.0361
F:0.9998@390
A:0.9998@390
T:098f:0.6296,-0.1987,0.0256,0.0829,-0.5315,-0.1564,0.2838,-0.3331
C:0990:0.0000,0.0000,0.0000,0.0000,0.0000,0.0000,0.0000,0.0000
M:0990:0.3768,0.3339,-0.2404,-0.6189,-0.2868,-0.1043,0.2704,0.4933
I:0990:0.4822,-0.0427,0.0851,0.1186,-0.4451,0.3920,0.4655,0.0361
F:0.9998@390
A:0.9998@390
T:0991:0.6296,-0.1987,0.0256,0.0829,-0.5315,-0.1564,0.2838,-0.3331
C:0991:0.0000,0.0000,0.0000,0.0000,0.0000,0.0000,0.0000,0.0000
M:0991:0.3765,0.3339,-0.2401,-0.6194,-0.2863,-0.1049,0.2706,0.4941
I:0992:0.4822,-0.0427,0.0851,0.1186,-0.4451,0.3920,0.4655,0.0361
F:0.9998@390
A:0.9998@390
T:0993:0.6296,-0.1987,0.0256,0.0829,-0.5315,-0.1564,0.2838,-0.3331
C:0993:0.0000,0.0000,0.0000,0.0000,0.0000,0.0000,0.0000,0.0000
M:0994:0.3763,0.3339,-0.2399,-0.6198,-0.2858,-0.1055,0.2709,0.4948
I:0994:0.4822,-0.0427,0.0851,0.1186,-0.4451,0.3920,0.4655,0.0361
F:0.9998@390
A:0.9998@390
T:0995:0.6296,-0.1987,0.0256,0.0829,-0.5315,-0.1564,0.2838,-0.3331
C:0995:0.0000,0.0000,0.0000,0.0000,0.0000,0.0000,0.0000,0.0000
M:0995:0.3761,0.3338,-0.2396,-0.6202,-0.2853,-0.1061,0.2711,0.4956
I:0995:0.4822,-0.0427,0.0851,0.1186,-0.4451,0.3920,0.4655,0.0361
F:0.9997@390
A:0.9997@390
T:0996:0.6296,-0.1987,0.0256,0.0829,-0.5315,-0.1564,0.2838,-0.3331
C:0996:0.0000,0.0000,0.0000,0.0000,0.0000,0.0000,0.0000,0.0000
M:0997:0.3760,0.3340,-0.2390,-0.6205,-0.2850,-0.1062,0.2711,0.4963
I:0997:0.4822,-0.0427,0.0851,0.1186,-0.4451,0.3920,0.4655,0.0361
F:0.9997@390
A:0.9997@390
T:0999:0.6296,-0.1987,0.0256,0.0829,-0.5315,-0.1564,0.2838,-0.3331
C:0999:0.0000,0.0000,0.0000,0.0000,0.0000,0.0000,0.0000,0.0000
M:099a:0.3756,0.3338,-0.2391,-0.6210,-0.2845,-0.1074,0.2715,0.4969
I:099a:0.4822,-0.0427,0.0851,0.1186,-0.4451,0.3920,0.4655,0.0361
F:0.9997@390
A:0.9997@390
T:099b:0.6296,-0.1987,0.0256,0.0829,-0.5315,-0.1564,0.2838,-0.3331
C:099b:0.0000,0.0000,0.0000,0.0000,0.0000,0.0000,0.0000,0.0000
M:099b:0.3754,0.3337,-0.2389,-0.6214,-0.2839,-0.1081,0.2717,0.4978
I:099c:0.4822,-0.0427,0.0851,0.1186,-0.4451,0.3920,0.4655,0.0361
F:0.9997@390
A:0.9997@390
T:099d:0.6296,-0.1987,0.0256,0.0829,-0.5315,-0.1564,0.2838,-0.3331
C:099d:0.0000,0.0000,0.0000,0.0000,0.0000,0.0000,0.0000,0.0000
M:099d:0.3753,0.3337,-0.2386,-0.6218,-0.2833,-0.1086,0.2719,0.4986
I:099d:0.4822,-0.0427,0.0851,0.1186,-0.4451,0.3920,0.4655,0.0361
F:0.9997@390
A:0.9997@390
T:09a0:0.6296,-0.1987,0.0256,0.0829,-0.5315,-0.1564,0.2838,-0.3331
C:09a1:0.0000,0.0000,0.0000,0.0000,0.0000,0.0000,0.0000,0.0000
M:09a1:0.3750,0.3336,-0.2383,-0.6223,-0.2827,-0.1091,0.2721,0.4994
I:09a1:0.4822,-0.0427,0.0851,0.1186,-0.4451,0.3920,0.4655,0.0361
F:0.9997@390
A:0.9997@390
T:09a3:0.6296,-0.1987,0.0256,0.0829,-0.5315,-0.1564,0.2838,-0.3331
C:09a3:0.0000,0.0000,0.0000,0.0000,0.0000,0.0000,0.0000,0.0000
M:09a3:0.3746,0.3332,-0.2386,-0.6228,-0.2817,-0.1107,0.2726,0.5004
I:09a4:0.4822,-0.0427,0.0851,0.1186,-0.4451,0.3920,0.4655,0.0361
F:0.9996@390
A:0.9996@390
T:09a5:0.6296,-0.1987,0.0256,0.0829,-0.5315,-0.1564,0.2838,-0.3331
C:09a5:0.0000,0.0000,0.0000,0.0000,0.0000,0.0000,0.0000,0.0000
M:09a5:0.3745,0.3331,-0.2383,-0.6234,-0.2806,-0.1112,0.2729,0.5015
I:09a6:0.4822,-0.0427,0.0851,0.1186,-0.4451,0.3920,0.4655,0.0361
F:0.9996@390
A:0.9996@390
T:09a7:0.6296,-0.1987,0.0256,0.0829,-0.5315,-0.1564,0.2838,-0.3331
C:09a7:0.0000,0.0000,0.0000,0.0000,0.0000,0.0000,0.0000,0.0000
M:09a7:0.3743,0.3331,-0.2377,-0.6238,-0.2799,-0.1115,0.2730,0.5024
I:09a8:0.4822,-0.0427,0.0851,0.1186,-0.4451,0.3920,0.4655,0.0361
F:0.9995@390
A:0.9995@390
T:09a9:0.6296,-0.1987,0.0256,0.0829,-0.5315,-0.1564,0.2838,-0.3331
C:09a9:0.0000,0.0000,0.0000,0.0000,0.0000,0.0000,0.0000,0.0000
M:09a9:0.3739,0.3331,-0.2371,-0.6242,-0.2794,-0.1119,0.2732,0.5032
I:09a9:0.4822,-0.0427,0.0851,0.1186,-0.4451,0.3920,0.4655,0.0361
F:0.9995@390
A:0.9995@390
T:09ab:0.6296,-0.1987,0.0256,0.0829,-0.5315,-0.1564,0.2838,-0.3331
C:09ab:0.0000,0.0000,0.0000,0.0000,0.0000,0.0000,0.0000,0.0000
M:09ab:0.3735,0.3331,-0.2367,-0.6246,-0.2791,-0.1124,0.2734,0.5040
I:09ab:0.4822,-0.0427,0.0851,0.1186,-0.4451,0.3920,0.4655,0.0361
F:0.9995@390
A:0.9995@390
T:09ad:0.6296,-0.1987,0.0256,0.0829,-0.5315,-0.1564,0.2838,-0.3331
C:09ad:0.0000,0.0000,0.0000,0.0000,0.0000,0.0000,0.0000,0.0000
M:09ad:0.3732,0.3330,-0.2363,-0.6250,-0.2787,-0.1130,0.2736,0.5046
I:09ad:0.4822,-0.0427,0.0851,0.1186,-0.4451,0.3920,0.4655,0.0361
F:0.9995@390
A:0.9995@390
T:09af:0.6296,-0.1987,0.0256,0.0829,-0.5315,-0.1564,0.2838,-0.3331
C:09af:0.0000,0.0000,0.0000,0.0000,0.0000,0.0000,0.0000,0.0000
M:09af:0.3731,0.3331,-0.2356,-0.6253,-0.2785,-0.1132,0.2736,0.5052
I:09af:0.4822,-0.0427,0.0851,0.1186,-0.4451,0.3920,0.4655,0.0361
F:0.9995@390
A:0.9995@390
T:09b1:0.6296,-0.1987,0.0256,0.0829,-0.5315,-0.1564,0.2838,-0.3331
C:09b1:0.0000,0.0000,0.0000,0.0000,0.0000,0.0000,0.0000,0.0000
M:09b1:0.3727,0.3330,-0.2357,-0.6257,-0.2781,-0.1144,0.2740,0.5059
I:09b2:0.4822,-0.0427,0.0851,0.1186,-0.4451,0.3920,0.4655,0.0361
F:0.9995@390
A:0.9995@390
T:09b3:0.6296,-0.1987,0.0256,0.0829,-0.5315,-0.1564,0.2838,-0.3331
C:09b3:0.0000,0.0000,0.0000,0.0000,0.0000,0.0000,0.0000,0.0000
M:09b4:0.3726,0.3329,-0.2355,-0.6262,-0.2775,-0.1151,0.2742,0.5067
I:09b4:0.4822,-0.0427,0.0851,0.1186,-0.4451,0.3920,0.4655,0.0361
F:0.9995@390
A:0.9995@390
T:09b5:0.6296,-0.1987,0.0256,0.0829,-0.5315,-0.1564,0.2838,-0.3331
C:09b5:0.0000,0.0000,0.0000,0.0000,0.0000,0.0000,0.0000,0.0000
M:09b5:0.3724,0.3329,-0.2353,-0.6266,-0.2768,-0.1157,0.2744,0.5075
I:09b5:0.4822,-0.0427,0.0851,0.1186,-0.4451,0.3920,0.4655,0.0361
F:0.9995@390
A:0.9995@390
T:09b7:0.6296,-0.1987,0.0256,0.0829,-0.5315,-0.1564,0.2838,-0.3331
C:09b7:0.0000,0.0000,0.0000,0.0000,0.0000,0.0000,0.0000,0.0000
M:09b7:0.3722,0.3328,-0.2350,-0.6270,-0.2762,-0.1162,0.2746,0.5082
I:09b8:0.4822,-0.0427,0.0851,0.1186,-0.4451,0.3920,0.4655,0.0361
F:0.9995@390
A:0.9995@390
T:09b9:0.6296,-0.1987,0.0256,0.0829,-0.5315,-0.1564,0.2838,-0.3331
C:09b9:0.0000,0.0000,0.0000,0.0000,0.0000,0.0000,0.0000,0.0000
M:09b9:0.3719,0.3328,-0.2346,-0.6274,-0.2756,-0.1167,0.2748,0.5090
I:09b9:0.4822,-0.0427,0.0851,0.1186,-0.4451,0.3920,0.4655,0.0361
F:0.9995@390
A:0.9995@390
T:09ba:0.6296,-0.1987,0.0256,0.0829,-0.5315,-0.1564,0.2838,-0.3331
C:09ba:0.0000,0.0000,0.0000,0.0000,0.0000,0.0000,0.0000,0.0000
M:09bb:0.3717,0.3329,-0.2340,-0.6277,-0.2753,-0.1168,0.2748,0.5096
I:09bb:0.4822,-0.0427,0.0851,0.1186,-0.4451,0.3920,0.4655,0.0361
F:0.9995@390
A:0.9995@390
T:09bc:0.6296,-0.1987,0.0256,0.0829,-0.5315,-0.1564,0.2838,-0.3331
C:09bc:0.0000,0.0000,0.0000,0.0000,0.0000,0.0000,0.0000,0.0000
M:09bd:0.3714,0.3328,-0.2337,-0.6280,-0.2750,-0.1174,0.2750,0.5101
I:09bd:0.4822,-0.0427,0.0851,0.1186,-0.4451,0.3920,0.4655,0.0361
F:0.9994@390
A:0.9994@390
T:09be:0.6296,-0.1987,0.0256,0.0829,-0.5315,-0.1564,0.2838,-0.3331
C:09be:0.0000,0.0000,0.0000,0.0000,0.0000,0.0000,0.0000,0.0000
M:09be:0.3711,0.3327,-0.2336,-0.6283,-0.2746,-0.1182,0.2752,0.5107
I:09bf:0.4822,-0.0427,0.0851,0.1186,-0.4451,0.3920,0.4655,0.0361
F:0.9994@390
A:0.9994@390
T:09c0:0.6296,-0.1987,0.0256,0.0829,-0.5315,-0.1564,0.2838,-0.3331
C:09c0:0.0000,0.0000,0.0000,0.0000,0.0000,0.0000,0.0000,0.0000
M:09c0:0.3709,0.3326,-0.2334,-0.6287,-0.2740,-0.1189,0.2755,0.5114
I:09c0:0.4822,-0.0427,0.0851,0.1186,-0.4451,0.3920,0.4655,0.0361
F:0.9994@390
A:0.9994@390
T:09c3:0.6296,-0.1987,0.0256,0.0829,-0.5315,-0.1564,0.2838,-0.3331
C:09c3:0.0000,0.0000,0.0000,0.0000,0.0000,0.0000,0.0000,0.0000
M:09c3:0.3706,0.3323,-0.2335,-0.6292,-0.2731,-0.1200,0.2758,0.5122
I:09c4:0.4822,-0.0427,0.0851,0.1186,-0.4451,0.3920,0.4655,0.0361
F:0.9994@390
A:0.9994@390
T:09c5:0.6296,-0.1987,0.0256,0.0829,-0.5315,-0.1564,0.2838,-0.3331
C:09c5:0.0000,0.0000,0.0000,0.0000,0.0000,0.0000,0.0000,0.0000
M:09c5:0.3705,0.3322,-0.2333,-0.6296,-0.2722,-0.1205,0.2761,0.5131
I:09c6:0.4822,-0.0427,0.0851,0.1186,-0.4451,0.3920,0.4655,0.0361
F:0.9993@390
A:0.9993@390
T:09c7:0.6296,-0.1987,0.0256,0.0829,-0.5315,-0.1564,0.2838,-0.3331
C:09c7:0.0000,0.0000,0.0000,0.0000,0.0000,0.0000,0.0000,0.0000
M:09c7:0.3702,0.3321,-0.2329,-0.6300,-0.2714,-0.1209,0.2762,0.5139
I:09c7:0.4822,-0.0427,0.0851,0.1186,-0.4451,0.3920,0.4655,0.0361
F:0.9992@390
A:0.9992@390
T:09c8:0.6296,-0.1987,0.0256,0.0829,-0.5315,-0.1564,0.2838,-0.3331
C:09c8:0.0000,0.0000,0.0000,0.0000,0.0000,0.0000,0.0000,0.0000
M:09c9:0.3700,0.3322,-0.2321,-0.6303,-0.2710,-0.1208,0.2762,0.5145
I:09c9:0.4822,-0.0427,0.0851,0.1186,-0.4451,0.3920,0.4655,0.0361
F:0.9992@390
A:0.9992@390
T:09ca:0.6296,-0.1987,0.0256,0.0829,-0.5315,-0.1564,0.2838,-0.3331
C:09ca:0.0000,0.0000,0.0000,0.0000,0.0000,0.0000,0.0000,0.0000
M:09ca:0.3696,0.3321,-0.2318,-0.6306,-0.2707,-0.1214,0.2764,0.5151
I:09ca:0.4822,-0.0427,0.0851,0.1186,-0.4451,0.3920,0.4655,0.0361
F:0.9991@390
A:0.9991@390
T:09cc:0.6296,-0.1987,0.0256,0.0829,-0.5315,-0.1564,0.2838,-0.3331
C:09cc:0.0000,0.0000,0.0000,0.0000,0.0000,0.0000,0.0000,0.0000
M:09cc:0.3692,0.3320,-0.2315,-0.6309,-0.2703,-0.1221,0.2766,0.5156
I:09cd:0.4822,-0.0427,0.0851,0.1186,-0.4451,0.3920,0.4655,0.0361
F:0.9991@390
A:0.9991@390
T:09ce:0.6296,-0.1987,0.0256,0.0829,-0.5315,-0.1564,0.2838,-0.3331
C:09ce:0.0000,0.0000,0.0000,0.0000,0.0000,0.0000,0.0000,0.0000
M:09ce:0.3690,0.3318,-0.2313,-0.6313,-0.2698,-0.1228,0.2769,0.5163
I:09ce:0.4822,-0.0427,0.0851,0.1186,-0.4451,0.3920,0.4655,0.0361
F:0.9990@390
A:0.9990@390
T:09cf:0.6296,-0.1987,0.0256,0.0829,-0.5315,-0.1564,0.2838,-0.3331
C:09cf:0.0000,0.0000,0.0000,0.0000,0.0000,0.0000,0.0000,0.0000
M:09cf:0.3690,0.3319,-0.2308,-0.6316,-0.2694,-0.1230,0.2769,0.5168
I:09cf:0.4822,-0.0427,0.0851,0.1186,-0.4451,0.3920,0.4655,0.0361
F:0.9990@390
A:0.9990@390
T:09d0:0.6296,-0.1987,0.0256,0.0829,-0.5315,-0.1564,0.2838,-0.3331
C:09d0:0.0000,0.0000,0.0000,0.0000,0.0000,0.0000,0.0000,0.0000
M:09d0:0.3688,0.3320,-0.2303,-0.6318,-0.2693,-0.1231,0.2769,0.5173
I:09d1:0.4822,-0.0427,0.0851,0.1186,-0.4451,0.3920,0.4655,0.0361
F:0.9990@390
A:0.9990@390
T:09d2:0.6296,-0.1987,0.0256,0.0829,-0.5315,-0.1564,0.2838,-0.3331
C:09d2:0.0000,0.0000,0.0000,0.0000,0.0000,0.0000,0.0000,0.0000
M:09d3:0.3684,0.3319,-0.2302,-0.6321,-0.2690,-0.1238,0.2771,0.5177
I:09d3:0.4822,-0.0427,0.0851,0.1186,-0.4451,0.3920,0.4655,0.0361
F:0.9990@390
A:0.9990@390
T:09d4:0.6296,-0.1987,0.0256,0.0829,-0.5315,-0.1564,0.2838,-0.3331
C:09d4:0.0000,0.0000,0.0000,0.0000,0.0000,0.0000,0.0000,0.0000
M:09d4:0.3682,0.3317,-0.2302,-0.6324,-0.2685,-0.1246,0.2774,0.5183
I:09d5:0.4822,-0.0427,0.0851,0.1186,-0.4451,0.3920,0.4655,0.0361
F:0.9990@390
A:0.9990@390
T:09d6:0.6296,-0.1987,0.0256,0.0829,-0.5315,-0.1564,0.2838,-0.3331
C:09d6:0.0000,0.0000,0.0000,0.0000,0.0000,0.0000,0.0000,0.0000
M:09d6:0.3680,0.3316,-0.2301,-0.6328,-0.2678,-0.1253,0.2776,0.5189
I:09d7:0.4822,-0.0427,0.0851,0.1186,-0.4451,0.3920,0.4655,0.0361
F:0.9990@390
A:0.9990@390
T:09d8:0.6296,-0.1987,0.0256,0.0829,-0.5315,-0.1564,0.2838,-0.3331
C:09d8:0.0000,0.0000,0.0000,0.0000,0.0000,0.0000,0.0000,0.0000
M:09d8:0.3678,0.3314,-0.2300,-0.6331,-0.2670,-0.1259,0.2778,0.5196
I:09d9:0.4822,-0.0427,0.0851,0.1186,-0.4451,0.3920,0.4655,0.0361
F:0.9990@390
A:0.9990@390
T:09da:0.6296,-0.1987,0.0256,0.0829,-0.5315,-0.1564,0.2838,-0.3331
C:09da:0.0000,0.0000,0.0000,0.0000,0.0000,0.0000,0.0000,0.0000
M:09da:0.3676,0.3313,-0.2298,-0.6335,-0.2662,-0.1264,0.2780,0.5203
I:09db:0.4822,-0.0427,0.0851,0.1186,-0.4451,0.3920,0.4655,0.0361
F:0.9988@390
A:0.9988@390
T:09dc:0.6296,-0.1987,0.0256,0.0829,-0.5315,-0.1564,0.2838,-0.3331
C:09dc:0.0000,0.0000,0.0000,0.0000,0.0000,0.0000,0.0000,0.0000
M:09dc:0.3673,0.3311,-0.2295,-0.6338,-0.2654,-0.1269,0.2782,0.5210
I:09dc:0.4822,-0.0427,0.0851,0.1186,-0.4451,0.3920,0.4655,0.0361
F:0.9988@390
A:0.9988@390
T:09de:0.6296,-0.1987,0.0256,0.0829,-0.5315,-0.1564,0.2838,-0.3331
C:09de:0.0000,0.0000,0.0000,0.0000,0.0000,0.0000,0.0000,0.0000
M:09de:0.3671,0.3311,-0.2289,-0.6341,-0.2650,-0.1269,0.2782,0.5216
I:09de:0.4822,-0.0427,0.0851,0.1186,-0.4451,0.3920,0.4655,0.0361
F:0.9988@390
A:0.9988@390
T:09e1:0.6296,-0.1987,0.0256,0.0829,-0.5315,-0.1564,0.2838,-0.3331
C:09e1:0.0000,0.0000,0.0000,0.0000,0.0000,0.0000,0.0000,0.0000
M:09e1:0.3665,0.3307,-0.2292,-0.6345,-0.2640,-0.1285,0.2787,0.5223
I:09e3:0.4822,-0.0427,0.0851,0.1186,-0.4451,0.3920,0.4655,0.0361
F:0.9988@390
A:0.9988@390
T:09e4:0.6296,-0.1987,0.0256,0.0829,-0.5315,-0.1564,0.2838,-0.3331
C:09e4:0.0000,0.0000,0.0000,0.0000,0.0000,0.0000,0.0000,0.0000
M:09e4:0.3663,0.3302,-0.2293,-0.6351,-0.2627,-0.1296,0.2792,0.5233
I:09e5:0.4822,-0.0427,0.0851,0.1186,-0.4451,0.3920,0.4655,0.0361
F:0.9988@390
A:0.9988@390
T:09e6:0.6296,-0.1987,0.0256,0.0829,-0.5315,-0.1564,0.2838,-0.3331
C:09e6:0.0000,0.0000,0.0000,0.0000,0.0000,0.0000,0.0000,0.0000
M:09e6:0.3661,0.3301,-0.2288,-0.6355,-0.2615,-0.1299,0.2793,0.5243
I:09e6:0.4822,-0.0427,0.0851,0.1186,-0.4451,0.3920,0.4655,0.0361
F:0.9988@390
A:0.9988@390
T:09e8:0.6296,-0.1987,0.0256,0.0829,-0.5315,-0.1564,0.2838,-0.3331
C:09e8:0.0000,0.0000,0.0000,0.0000,0.0000,0.0000,0.0000,0.0000
M:09e8:0.3658,0.3300,-0.2282,-0.6359,-0.2607,-0.1302,0.2794,0.5251
I:09e8:0.4822,-0.0427,0.0851,0.1186,-0.4451,0.3920,0.4655,0.0361
F:0.9987@390
A:0.9987@390
T:09ea:0.6296,-0.1987,0.0256,0.0829,-0.5315,-0.1564,0.2838,-0.3331
C:09ea:0.0000,0.0000,0.0000,0.0000,0.0000,0.0000,0.0000,0.0000
M:09ea:0.3653,0.3298,-0.2276,-0.6362,-0.2601,-0.1305,0.2795,0.5258
I:09eb:0.4822,-0.0427,0.0851,0.1186,-0.4451,0.3920,0.4655,0.0361
F:0.9987@390
A:0.9987@390
T:09ec:0.6296,-0.1987,0.0256,0.0829,-0.5315,-0.1564,0.2838,-0.3331
C:09ec:0.0000,0.0000,0.0000,0.0000,0.0000,0.0000,0.0000,0.0000
M:09ec:0.3649,0.3297,-0.2270,-0.6365,-0.2596,-0.1310,0.2797,0.5265
I:09ec:0.4822,-0.0427,0.0851,0.1186,-0.4451,0.3920,0.4655,0.0361
F:0.9985@390
A:0.9985@390
T:09ed:0.6296,-0.1987,0.0256,0.0829,-0.5315,-0.1564,0.2838,-0.3331
C:09ed:0.0000,0.0000,0.0000,0.0000,0.0000,0.0000,0.0000,0.0000
M:09ed:0.3646,0.3297,-0.2263,-0.6368,-0.2594,-0.1311,0.2797,0.5270
I:09ed:0.4822,-0.0427,0.0851,0.1186,-0.4451,0.3920,0.4655,0.0361
F:0.9985@390
A:0.9985@390
T:09ee:0.6296,-0.1987,0.0256,0.0829,-0.5315,-0.1564,0.2838,-0.3331
C:09ef:0.0000,0.0000,0.0000,0.0000,0.0000,0.0000,0.0000,0.0000
M:09ef:0.3643,0.3298,-0.2256,-0.6369,-0.2594,-0.1313,0.2797,0.5273
I:09ef:0.4822,-0.0427,0.0851,0.1186,-0.4451,0.3920,0.4655,0.0361
F:0.9985@390
A:0.9985@390
T:09f0:0.6296,-0.1987,0.0256,0.0829,-0.5315,-0.1564,0.2838,-0.3331
C:09f0:0.0000,0.0000,0.0000,0.0000,0.0000,0.0000,0.0000,0.0000
M:09f0:0.3640,0.3297,-0.2254,-0.6372,-0.2593,-0.1321,0.2799,0.5277
I:09f0:0.4822,-0.0427,0.0851,0.1186,-0.4451,0.3920,0.4655,0.0361
F:0.9985@390
A:0.9985@390
T:09f1:0.6296,-0.1987,0.0256,0.0829,-0.5315,-0.1564,0.2838,-0.3331
C:09f2:0.0000,0.0000,0.0000,0.0000,0.0000,0.0000,0.0000,0.0000
M:09f2:0.3639,0.3297,-0.2251,-0.6374,-0.2591,-0.1325,0.2800,0.5281
I:09f2:0.4822,-0.0427,0.0851,0.1186,-0.4451,0.3920,0.4655,0.0361
F:0.9985@390
A:0.9985@390
T:09f3:0.6296,-0.1987,0.0256,0.0829,-0.5315,-0.1564,0.2838,-0.3331
C:09f3:0.0000,0.0000,0.0000,0.0000,0.0000,0.0000,0.0000,0.0000
M:09f3:0.3637,0.3296,-0.2251,-0.6377,-0.2587,-0.1333,0.2802,0.5286
I:09f4:0.4822,-0.0427,0.0851,0.1186,-0.4451,0.3920,0.4655,0.0361
F:0.9985@390
A:0.9985@390
T:09f5:0.6296,-0.1987,0.0256,0.0829,-0.5315,-0.1564,0.2838,-0.3331
C:09f5:0.0000,0.0000,0.0000,0.0000,0.0000,0.0000,0.0000,0.0000
M:09f5:0.3635,0.3295,-0.2251,-0.6381,-0.2580,-0.1340,0.2804,0.5291
I:09f5:0.4822,-0.0427,0.0851,0.1186,-0.4451,0.3920,0.4655,0.0361
F:0.9985@390
A:0.9985@390
T:09f7:0.6296,-0.1987,0.0256,0.0829,-0.5315,-0.1564,0.2838,-0.3331
C:09f7:0.0000,0.0000,0.0000,0.0000,0.0000,0.0000,0.0000,0.0000
M:09f7:0.3633,0.3293,-0.2250,-0.6384,-0.2572,-0.1346,0.2806,0.5298
I:09f7:0.4822,-0.0427,0.0851,0.1186,-0.4451,0.3920,0.4655,0.0361
F:0.9985@390
A:0.9985@390
T:09f9:0.6296,-0.1987,0.0256,0.0829,-0.5315,-0.1564,0.2838,-0.3331
C:09f9:0.0000,0.0000,0.0000,0.0000,0.0000,0.0000,0.0000,0.0000
M:09f9:0.3631,0.3292,-0.2249,-0.6388,-0.2563,-0.1352,0.2808,0.5305
I:09f9:0.4822,-0.0427,0.0851,0.1186,-0.4451,0.3920,0.4655,0.0361
F:0.9983@390
A:0.9983@390
T:09fa:0.6296,-0.1987,0.0256,0.0829,-0.5315,-0.1564,0.2838,-0.3331
C:09fa:0.0000,0.0000,0.0000,0.0000,0.0000,0.0000,0.0000,0.0000
M:09fa:0.3629,0.3292,-0.2243,-0.6390,-0.2557,-0.1352,0.2809,0.5310
I:09fb:0.4822,-0.0427,0.0851,0.1186,-0.4451,0.3920,0.4655,0.0361
F:0.9983@390
A:0.9983@390
T:09fc:0.6296,-0.1987,0.0256,0.0829,-0.5315,-0.1564,0.2838,-0.3331
C:09fc:0.0000,0.0000,0.0000,0.0000,0.0000,0.0000,0.0000,0.0000
M:09fc:0.3625,0.3290,-0.2240,-0.6393,-0.2552,-0.1357,0.2810,0.5315
I:09fc:0.4822,-0.0427,0.0851,0.1186,-0.4451,0.3920,0.4655,0.0361
F:0.9983@390
A:0.9983@390
T:09fe:0.6296,-0.1987,0.0256,0.0829,-0.5315,-0.1564,0.2838,-0.3331
C:09fe:0.0000,0.0000,0.0000,0.0000,0.0000,0.0000,0.0000,0.0000
M:09fe:0.3622,0.3289,-0.2235,-0.6395,-0.2548,-0.1358,0.2811,0.5320
I:09fe:0.4822,-0.0427,0.0851,0.1186,-0.4451,0.3920,0.4655,0.0361
F:0.9983@390
A:0.9983@390
T:09ff:0.6296,-0.1987,0.0256,0.0829,-0.5315,-0.1564,0.2838,-0.3331
C:09ff:0.0000,0.0000,0.0000,0.0000,0.0000,0.0000,0.0000,0.0000
M:09ff:0.3619,0.3288,-0.2233,-0.6397,-0.2544,-0.1365,0.2813,0.5324
I:0a00:0.4822,-0.0427,0.0851,0.1186,-0.4451,0.3920,0.4655,0.0361
F:0.9983@390
A:0.9983@390
T:0a01:0.6296,-0.1987,0.0256,0.0829,-0.5315,-0.1564,0.2838,-0.3331
C:0a01:0.0000,0.0000,0.0000,0.0000,0.0000,0.0000,0.0000,0.0000
M:0a01:0.3616,0.3285,-0.2232,-0.6400,-0.2537,-0.1372,0.2815,0.5330
I:0a02:0.4822,-0.0427,0.0851,0.1186,-0.4451,0.3920,0.4655,0.0361
F:0.9982@390
A:0.9982@390
T:0a03:0.6296,-0.1987,0.0256,0.0829,-0.5315,-0.1564,0.2838,-0.3331
C:0a03:0.0000,0.0000,0.0000,0.0000,0.0000,0.0000,0.0000,0.0000
M:0a03:0.3614,0.3283,-0.2231,-0.6404,-0.2530,-0.1379,0.2817,0.5336
I:0a04:0.4822,-0.0427,0.0851,0.1186,-0.4451,0.3920,0.4655,0.0361
F:0.9982@390
A:0.9982@390
T:0a05:0.6296,-0.1987,0.0256,0.0829,-0.5315,-0.1564,0.2838,-0.3331
C:0a05:0.0000,0.0000,0.0000,0.0000,0.0000,0.0000,0.0000,0.0000
M:0a05:0.3612,0.3281,-0.2229,-0.6407,-0.2521,-0.1384,0.2819,0.5342
I:0a06:0.4822,-0.0427,0.0851,0.1186,-0.4451,0.3920,0.4655,0.0361
F:0.9982@390
A:0.9982@390
T:0a07:0.6296,-0.1987,0.0256,0.0829,-0.5315,-0.1564,0.2838,-0.3331
C:0a07:0.0000,0.0000,0.0000,0.0000,0.0000,0.0000,0.0000,0.0000
M:0a08:0.3609,0.3279,-0.2226,-0.6410,-0.2513,-0.1389,0.2821,0.5349
I:0a08:0.4822,-0.0427,0.0851,0.1186,-0.4451,0.3920,0.4655,0.0361
F:0.9982@390
A:0.9982@390
T:0a0a:0.6296,-0.1987,0.0256,0.0829,-0.5315,-0.1564,0.2838,-0.3331
C:0a0a:0.0000,0.0000,0.0000,0.0000,0.0000,0.0000,0.0000,0.0000
M:0a0a:0.3604,0.3276,-0.2226,-0.6414,-0.2502,-0.1399,0.2824,0.5356
I:0a0a:0.4822,-0.0427,0.0851,0.1186,-0.4451,0.3920,0.4655,0.0361
F:0.9982@390
A:0.9982@390
T:0a0c:0.6296,-0.1987,0.0256,0.0829,-0.5315,-0.1564,0.2838,-0.3331
C:0a0c:0.0000,0.0000,0.0000,0.0000,0.0000,0.0000,0.0000,0.0000
M:0a0c:0.3602,0.3273,-0.2222,-0.6418,-0.2491,-0.1403,0.2826,0.5364
I:0a0d:0.4822,-0.0427,0.0851,0.1186,-0.4451,0.3920,0.4655,0.0361
F:0.9979@390
A:0.9979@390
T:0a0e:0.6296,-0.1987,0.0256,0.0829,-0.5315,-0.1564,0.2838,-0.3331
C:0a0e:0.0000,0.0000,0.0000,0.0000,0.0000,0.0000,0.0000,0.0000
M:0a0e:0.3598,0.3271,-0.2218,-0.6421,-0.2482,-0.1407,0.2828,0.5371
I:0a0e:0.4822,-0.0427,0.0851,0.1186,-0.4451,0.3920,0.4655,0.0361
F:0.9977@390
A:0.9977@390
T:0a0f:0.6296,-0.1987,0.0256,0.0829,-0.5315,-0.1564,0.2838,-0.3331
C:0a0f:0.0000,0.0000,0.0000,0.0000,0.0000,0.0000,0.0000,0.0000
M:0a0f:0.3595,0.3271,-0.2209,-0.6423,-0.2478,-0.1406,0.2828,0.5377
I:0a0f:0.4822,-0.0427,0.0851,0.1186,-0.4451,0.3920,0.4655,0.0361
F:0.9977@390
A:0.9977@390
T:0a11:0.6296,-0.1987,0.0256,0.0829,-0.5315,-0.1564,0.2838,-0.3331
C:0a11:0.0000,0.0000,0.0000,0.0000,0.0000,0.0000,0.0000,0.0000
M:0a12:0.3590,0.3269,-0.2205,-0.6426,-0.2474,-0.1412,0.2829,0.5381
I:0a12:0.4822,-0.0427,0.0851,0.1186,-0.4451,0.3920,0.4655,0.0361
F:0.9977@390
A:0.9977@390
T:0a13:0.6296,-0.1987,0.0256,0.0829,-0.5315,-0.1564,0.2838,-0.3331
C:0a13:0.0000,0.0000,0.0000,0.0000,0.0000,0.0000,0.0000,0.0000
M:0a13:0.3586,0.3267,-0.2202,-0.6428,-0.2469,-0.1419,0.2831,0.5386
I:0a13:0.4822,-0.0427,0.0851,0.1186,-0.4451,0.3920,0.4655,0.0361
F:0.9977@390
A:0.9977@390
T:0a15:0.6296,-0.1987,0.0256,0.0829,-0.5315,-0.1564,0.2838,-0.3331
C:0a15:0.0000,0.0000,0.0000,0.0000,0.0000,0.0000,0.0000,0.0000
M:0a15:0.3584,0.3265,-0.2199,-0.6431,-0.2463,-0.1426,0.2833,0.5392
I:0a15:0.4822,-0.0427,0.0851,0.1186,-0.4451,0.3920,0.4655,0.0361
F:0.9976@390
A:0.9976@390
T:0a17:0.6296,-0.1987,0.0256,0.0829,-0.5315,-0.1564,0.2838,-0.3331
C:0a17:0.0000,0.0000,0.0000,0.0000,0.0000,0.0000,0.0000,0.0000
M:0a17:0.3581,0.3263,-0.2197,-0.6434,-0.2456,-0.1432,0.2835,0.5398
I:0a17:0.4822,-0.0427,0.0851,0.1186,-0.4451,0.3920,0.4655,0.0361
F:0.9976@390
A:0.9976@390
T:0a19:0.6296,-0.1987,0.0256,0.0829,-0.5315,-0.1564,0.2838,-0.3331
C:0a19:0.0000,0.0000,0.0000,0.0000,0.0000,0.0000,0.0000,0.0000
M:0a19:0.3579,0.3262,-0.2194,-0.6438,-0.2448,-0.1437,0.2837,0.5404
I:0a19:0.4822,-0.0427,0.0851,0.1186,-0.4451,0.3920,0.4655,0.0361
F:0.9974@390
A:0.9974@390
T:0a1a:0.6296,-0.1987,0.0256,0.0829,-0.5315,-0.1564,0.2838,-0.3331
C:0a1a:0.0000,0.0000,0.0000,0.0000,0.0000,0.0000,0.0000,0.0000
M:0a1a:0.3577,0.3262,-0.2188,-0.6440,-0.2443,-0.1438,0.2837,0.5409
I:0a1a:0.4822,-0.0427,0.0851,0.1186,-0.4451,0.3920,0.4655,0.0361
F:0.9974@390
A:0.9974@390
T:0a1c:0.6296,-0.1987,0.0256,0.0829,-0.5315,-0.1564,0.2838,-0.3331
C:0a1c:0.0000,0.0000,0.0000,0.0000,0.0000,0.0000,0.0000,0.0000
M:0a1c:0.3572,0.3260,-0.2185,-0.6443,-0.2438,-0.1443,0.2838,0.5414
I:0a1d:0.4822,-0.0427,0.0851,0.1186,-0.4451,0.3920,0.4655,0.0361
F:0.9974@390
A:0.9974@390
T:0a1e:0.6296,-0.1987,0.0256,0.0829,-0.5315,-0.1564,0.2838,-0.3331
C:0a1e:0.0000,0.0000,0.0000,0.0000,0.0000,0.0000,0.0000,0.0000
M:0a1e:0.3569,0.3258,-0.2183,-0.6445,-0.2432,-0.1450,0.2840,0.5419
I:0a1f:0.4822,-0.0427,0.0851,0.1186,-0.4451,0.3920,0.4655,0.0361
F:0.9974@390
A:0.9974@390
T:0a21:0.6296,-0.1987,0.0256,0.0829,-0.5315,-0.1564,0.2838,-0.3331
C:0a21:0.0000,0.0000,0.0000,0.0000,0.0000,0.0000,0.0000,0.0000
M:0a21:0.3566,0.3256,-0.2180,-0.6448,-0.2424,-0.1456,0.2842,0.5424
I:0a21:0.4822,-0.0427,0.0851,0.1186,-0.4451,0.3920,0.4655,0.0361
F:0.9974@390
A:0.9974@390
T:0a22:0.6296,-0.1987,0.0256,0.0829,-0.5315,-0.1564,0.2838,-0.3331
C:0a22:0.0000,0.0000,0.0000,0.0000,0.0000,0.0000,0.0000,0.0000
M:0a22:0.3563,0.3254,-0.2178,-0.6451,-0.2416,-0.1462,0.2844,0.5430
I:0a22:0.4822,-0.0427,0.0851,0.1186,-0.4451,0.3920,0.4655,0.0361
F:0.9974@390
A:0.9974@390
T:0a23:0.6296,-0.1987,0.0256,0.0829,-0.5315,-0.1564,0.2838,-0.3331
C:0a23:0.0000,0.0000,0.0000,0.0000,0.0000,0.0000,0.0000,0.0000
M:0a24:0.3561,0.3253,-0.2172,-0.6454,-0.2411,-0.1462,0.2844,0.5436
I:0a24:0.4822,-0.0427,0.0851,0.1186,-0.4451,0.3920,0.4655,0.0361
F:0.9974@390
A:0.9974@390
T:0a26:0.6296,-0.1987,0.0256,0.0829,-0.5315,-0.1564,0.2838,-0.3331
C:0a26:0.0000,0.0000,0.0000,0.0000,0.0000,0.0000,0.0000,0.0000
M:0a26:0.3557,0.3252,-0.2169,-0.6456,-0.2405,-0.1467,0.2845,0.5440
I:0a26:0.4822,-0.0427,0.0851,0.1186,-0.4451,0.3920,0.4655,0.0361
F:0.9974@390
A:0.9974@390
T:0a29:0.6296,-0.1987,0.0256,0.0829,-0.5315,-0.1564,0.2838,-0.3331
C:0a29:0.0000,0.0000,0.0000,0.0000,0.0000,0.0000,0.0000,0.0000
M:0a29:0.3552,0.3248,-0.2170,-0.6460,-0.2396,-0.1478,0.2849,0.5446
I:0a29:0.4822,-0.0427,0.0851,0.1186,-0.4451,0.3920,0.4655,0.0361
F:0.9972@390
A:0.9972@390
T:0a2a:0.6296,-0.1987,0.0256,0.0829,-0.5315,-0.1564,0.2838,-0.3331
C:0a2a:0.0000,0.0000,0.0000,0.0000,0.0000,0.0000,0.0000,0.0000
M:0a2a:0.3550,0.3245,-0.2167,-0.6463,-0.2386,-0.1484,0.2851,0.5453
I:0a2b:0.4822,-0.0427,0.0851,0.1186,-0.4451,0.3920,0.4655,0.0361
F:0.9972@390
A:0.9972@390
T:0a2c:0.6296,-0.1987,0.0256,0.0829,-0.5315,-0.1564,0.2838,-0.3331
C:0a2c:0.0000,0.0000,0.0000,0.0000,0.0000,0.0000,0.0000,0.0000
M:0a2c:0.3547,0.3243,-0.2163,-0.6466,-0.2376,-0.1489,0.2853,0.5460
I:0a2c:0.4822,-0.0427,0.0851,0.1186,-0.4451,0.3920,0.4655,0.0361
F:0.9972@390
A:0.9972@390
T:0a2e:0.6296,-0.1987,0.0256,0.0829,-0.5315,-0.1564,0.2838,-0.3331
C:0a2e:0.0000,0.0000,0.0000,0.0000,0.0000,0.0000,0.0000,0.0000
M:0a2e:0.3544,0.3242,-0.2156,-0.6468,-0.2370,-0.1488,0.2852,0.5465
I:0a2e:0.4822,-0.0427,0.0851,0.1186,-0.4451,0.3920,0.4655,0.0361
F:0.9972@390
A:0.9972@390
T:0a30:0.6296,-0.1987,0.0256,0.0829,-0.5315,-0.1564,0.2838,-0.3331
C:0a30:0.0000,0.0000,0.0000,0.0000,0.0000,0.0000,0.0000,0.0000
M:0a30:0.3538,0.3239,-0.2154,-0.6471,-0.2362,-0.1497,0.2855,0.5471
I:0a30:0.4822,-0.0427,0.0851,0.1186,-0.4451,0.3920,0.4655,0.0361
F:0.9972@390
A:0.9972@390
T:0a31:0.6296,-0.1987,0.0256,0.0829,-0.5315,-0.1564,0.2838,-0.3331
C:0a31:0.0000,0.0000,0.0000,0.0000,0.0000,0.0000,0.0000,0.0000
M:0a31:0.3536,0.3237,-0.2148,-0.6474,-0.2356,-0.1499,0.2856,0.5476
I:0a32:0.4822,-0.0427,0.0851,0.1186,-0.4451,0.3920,0.4655,0.0361
F:0.9972@390
A:0.9972@390
T:0a33:0.6296,-0.1987,0.0256,0.0829,-0.5315,-0.1564,0.2838,-0.3331
C:0a33:0.0000,0.0000,0.0000,0.0000,0.0000,0.0000,0.0000,0.0000
M:0a33:0.3532,0.3235,-0.2144,-0.6476,-0.2351,-0.1504,0.2857,0.5481
I:0a34:0.4822,-0.0427,0.0851,0.1186,-0.4451,0.3920,0.4655,0.0361
F:0.9970@390
A:0.9970@390
T:0a35:0.6296,-0.1987,0.0256,0.0829,-0.5315,-0.1564,0.2838,-0.3331
C:0a35:0.0000,0.0000,0.0000,0.0000,0.0000,0.0000,0.0000,0.0000
M:0a35:0.3528,0.3233,-0.2141,-0.6479,-0.2344,-0.1510,0.2859,0.5486
I:0a35:0.4822,-0.0427,0.0851,0.1186,-0.4451,0.3920,0.4655,0.0361
F:0.9970@390
A:0.9970@390
T:0a37:0.6296,-0.1987,0.0256,0.0829,-0.5315,-0.1564,0.2838,-0.3331
C:0a37:0.0000,0.0000,0.0000,0.0000,0.0000,0.0000,0.0000,0.0000
M:0a37:0.3525,0.3231,-0.2138,-0.6482,-0.2337,-0.1516,0.2861,0.5491
I:0a38:0.4822,-0.0427,0.0851,0.1186,-0.4451,0.3920,0.4655,0.0361
F:0.9970@390
A:0.9970@390
T:0a3a:0.6296,-0.1987,0.0256,0.0829,-0.5315,-0.1564,0.2838,-0.3331
C:0a3a:0.0000,0.0000,0.0000,0.0000,0.0000,0.0000,0.0000,0.0000
M:0a3a:0.3522,0.3229,-0.2135,-0.6485,-0.2329,-0.1522,0.2863,0.5497
I:0a3a:0.4822,-0.0427,0.0851,0.1186,-0.4451,0.3920,0.4655,0.0361
F:0.9970@390
A:0.9970@390
T:0a3c:0.6296,-0.1987,0.0256,0.0829,-0.5315,-0.1564,0.2838,-0.3331
C:0a3c:0.0000,0.0000,0.0000,0.0000,0.0000,0.0000,0.0000,0.0000
M:0a3c:0.3517,0.3225,-0.2135,-0.6488,-0.2318,-0.1532,0.2866,0.5503
I:0a3d:0.4822,-0.0427,0.0851,0.1186,-0.4451,0.3920,0.4655,0.0361
F:0.9968@390
A:0.9968@390
T:0a3e:0.6296,-0.1987,0.0256,0.0829,-0.5315,-0.1564,0.2838,-0.3331
C:0a3e:0.0000,0.0000,0.0000,0.0000,0.0000,0.0000,0.0000,0.0000
M:0a3f:0.3515,0.3222,-0.2131,-0.6492,-0.2306,-0.1537,0.2868,0.5511
I:0a3f:0.4822,-0.0427,0.0851,0.1186,-0.4451,0.3920,0.4655,0.0361
F:0.9968@390
A:0.9968@390
T:0a40:0.6296,-0.1987,0.0256,0.0829,-0.5315,-0.1564,0.2838,-0.3331
C:0a40:0.0000,0.0000,0.0000,0.0000,0.0000,0.0000,0.0000,0.0000
M:0a40:0.3511,0.3220,-0.2126,-0.6495,-0.2296,-0.1540,0.2869,0.5517
I:0a40:0.4822,-0.0427,0.0851,0.1186,-0.4451,0.3920,0.4655,0.0361
F:0.9965@390
A:0.9965@390
T:0a41:0.6296,-0.1987,0.0256,0.0829,-0.5315,-0.1564,0.2838,-0.3331
C:0a42:0.0000,0.0000,0.0000,0.0000,0.0000,0.0000,0.0000,0.0000
M:0a42:0.3507,0.3219,-0.2117,-0.6497,-0.2291,-0.1539,0.2868,0.5522
I:0a42:0.4822,-0.0427,0.0851,0.1186,-0.4451,0.3920,0.4655,0.0361
F:0.9965@390
A:0.9965@390
T:0a43:0.6296,-0.1987,0.0256,0.0829,-0.5315,-0.1564,0.2838,-0.3331
C:0a43:0.0000,0.0000,0.0000,0.0000,0.0000,0.0000,0.0000,0.0000
M:0a43:0.3502,0.3217,-0.2112,-0.6499,-0.2286,-0.1544,0.2869,0.5526
I:0a44:0.4822,-0.0427,0.0851,0.1186,-0.4451,0.3920,0.4655,0.0361
F:0.9965@390
A:0.9965@390
T:0a45:0.6296,-0.1987,0.0256,0.0829,-0.5315,-0.1564,0.2838,-0.3331
C:0a45:0.0000,0.0000,0.0000,0.0000,0.0000,0.0000,0.0000,0.0000
M:0a45:0.3497,0.3215,-0.2108,-0.6501,-0.2281,-0.1550,0.2871,0.5531
I:0a46:0.4822,-0.0427,0.0851,0.1186,-0.4451,0.3920,0.4655,0.0361
F:0.9963@390
A:0.9963@390
T:0a47:0.6296,-0.1987,0.0256,0.0829,-0.5315,-0.1564,0.2838,-0.3331
C:0a48:0.0000,0.0000,0.0000,0.0000,0.0000,0.0000,0.0000,0.0000
M:0a49:0.3494,0.3212,-0.2106,-0.6504,-0.2275,-0.1557,0.2873,0.5536
I:0a49:0.4822,-0.0427,0.0851,0.1186,-0.4451,0.3920,0.4655,0.0361
F:0.9963@390
A:0.9963@390
T:0a4a:0.6296,-0.1987,0.0256,0.0829,-0.5315,-0.1564,0.2838,-0.3331
C:0a4a:0.0000,0.0000,0.0000,0.0000,0.0000,0.0000,0.0000,0.0000
M:0a4a:0.3490,0.3208,-0.2106,-0.6507,-0.2264,-0.1568,0.2876,0.5542
I:0a4a:0.4822,-0.0427,0.0851,0.1186,-0.4451,0.3920,0.4655,0.0361
F:0.9963@390
A:0.9963@390
T:0a4b:0.6296,-0.1987,0.0256,0.0829,-0.5315,-0.1564,0.2838,-0.3331
C:0a4c:0.0000,0.0000,0.0000,0.0000,0.0000,0.0000,0.0000,0.0000
M:0a4c:0.3489,0.3207,-0.2100,-0.6510,-0.2255,-0.1569,0.2877,0.5548
I:0a4c:0.4822,-0.0427,0.0851,0.1186,-0.4451,0.3920,0.4655,0.0361
F:0.9961@390
A:0.9961@390
T:0a4e:0.6296,-0.1987,0.0256,0.0829,-0.5315,-0.1564,0.2838,-0.3331
C:0a4e:0.0000,0.0000,0.0000,0.0000,0.0000,0.0000,0.0000,0.0000
M:0a4e:0.3485,0.3206,-0.2095,-0.6512,-0.2248,-0.1572,0.2877,0.5553
I:0a4f:0.4822,-0.0427,0.0851,0.1186,-0.4451,0.3920,0.4655,0.0361
F:0.9961@390
A:0.9961@390
T:0a50:0.6296,-0.1987,0.0256,0.0829,-0.5315,-0.1564,0.2838,-0.3331
C:0a50:0.0000,0.0000,0.0000,0.0000,0.0000,0.0000,0.0000,0.0000
M:0a50:0.3479,0.3202,-0.2094,-0.6516,-0.2238,-0.1582,0.2880,0.5559
I:0a51:0.4822,-0.0427,0.0851,0.1186,-0.4451,0.3920,0.4655,0.0361
F:0.9961@390
A:0.9961@390
T:0a52:0.6296,-0.1987,0.0256,0.0829,-0.5315,-0.1564,0.2838,-0.3331
C:0a52:0.0000,0.0000,0.0000,0.0000,0.0000,0.0000,0.0000,0.0000
M:0a52:0.3475,0.3199,-0.2090,-0.6519,-0.2227,-0.1587,0.2883,0.5566
I:0a53:0.4822,-0.0427,0.0851,0.1186,-0.4451,0.3920,0.4655,0.0361
F:0.9961@390
A:0.9961@390
T:0a54:0.6296,-0.1987,0.0256,0.0829,-0.5315,-0.1564,0.2838,-0.3331
C:0a54:0.0000,0.0000,0.0000,0.0000,0.0000,0.0000,0.0000,0.0000
M:0a54:0.3472,0.3196,-0.2085,-0.6522,-0.2218,-0.1591,0.2884,0.5572
I:0a55:0.4822,-0.0427,0.0851,0.1186,-0.4451,0.3920,0.4655,0.0361
F:0.9961@390
A:0.9961@390
T:0a56:0.6296,-0.1987,0.0256,0.0829,-0.5315,-0.1564,0.2838,-0.3331
C:0a56:0.0000,0.0000,0.0000,0.0000,0.0000,0.0000,0.0000,0.0000
M:0a56:0.3467,0.3193,-0.2080,-0.6524,-0.2209,-0.1595,0.2885,0.5577
I:0a56:0.4822,-0.0427,0.0851,0.1186,-0.4451,0.3920,0.4655,0.0361
F:0.9961@390
A:0.9961@390
T:0a57:0.6296,-0.1987,0.0256,0.0829,-0.5315,-0.1564,0.2838,-0.3331
C:0a58:0.0000,0.0000,0.0000,0.0000,0.0000,0.0000,0.0000,0.0000
M:0a58:0.3463,0.3193,-0.2071,-0.6526,-0.2204,-0.1595,0.2885,0.5582
I:0a58:0.4822,-0.0427,0.0851,0.1186,-0.4451,0.3920,0.4655,0.0361
F:0.9961@390
A:0.9961@390
T:0a59:0.6296,-0.1987,0.0256,0.0829,-0.5315,-0.1564,0.2838,-0.3331
C:0a5a:0.0000,0.0000,0.0000,0.0000,0.0000,0.0000,0.0000,0.0000
M:0a5a:0.3458,0.3190,-0.2066,-0.6528,-0.2200,-0.1601,0.2886,0.5586
I:0a5a:0.4822,-0.0427,0.0851,0.1186,-0.4451,0.3920,0.4655,0.0361
F:0.9958@390
A:0.9958@390
T:0a5b:0.6296,-0.1987,0.0256,0.0829,-0.5315,-0.1564,0.2838,-0.3331
C:0a5b:0.0000,0.0000,0.0000,0.0000,0.0000,0.0000,0.0000,0.0000
M:0a5b:0.3454,0.3188,-0.2063,-0.6530,-0.2194,-0.1607,0.2888,0.5590
I:0a5c:0.4822,-0.0427,0.0851,0.1186,-0.4451,0.3920,0.4655,0.0361
F:0.9955@390
A:0.9955@390
T:0a5d:0.6296,-0.1987,0.0256,0.0829,-0.5315,-0.1564,0.2838,-0.3331
C:0a5d:0.0000,0.0000,0.0000,0.0000,0.0000,0.0000,0.0000,0.0000
M:0a5d:0.3451,0.3185,-0.2060,-0.6533,-0.2187,-0.1614,0.2889,0.5595
I:0a5d:0.4822,-0.0427,0.0851,0.1186,-0.4451,0.3920,0.4655,0.0361
F:0.9955@390
A:0.9955@390
T:0a5f:0.6296,-0.1987,0.0256,0.0829,-0.5315,-0.1564,0.2838,-0.3331
C:0a60:0.0000,0.0000,0.0000,0.0000,0.0000,0.0000,0.0000,0.0000
M:0a60:0.3448,0.3183,-0.2057,-0.6536,-0.2179,-0.1620,0.2891,0.5600
I:0a60:0.4822,-0.0427,0.0851,0.1186,-0.4451,0.3920,0.4655,0.0361
F:0.9953@390
A:0.9953@390
T:0a61:0.6296,-0.1987,0.0256,0.0829,-0.5315,-0.1564,0.2838,-0.3331
C:0a61:0.0000,0.0000,0.0000,0.0000,0.0000,0.0000,0.0000,0.0000
M:0a61:0.3445,0.3181,-0.2054,-0.6538,-0.2170,-0.1625,0.2892,0.5606
I:0a61:0.4822,-0.0427,0.0851,0.1186,-0.4451,0.3920,0.4655,0.0361
F:0.9953@390
A:0.9953@390
T:0a63:0.6296,-0.1987,0.0256,0.0829,-0.5315,-0.1564,0.2838,-0.3331
C:0a63:0.0000,0.0000,0.0000,0.0000,0.0000,0.0000,0.0000,0.0000
M:0a63:0.3442,0.3180,-0.2047,-0.6540,-0.2164,-0.1625,0.2892,0.5610
I:0a63:0.4822,-0.0427,0.0851,0.1186,-0.4451,0.3920,0.4655,0.0361
F:0.9953@390
A:0.9953@390
T:0a64:0.6296,-0.1987,0.0256,0.0829,-0.5315,-0.1564,0.2838,-0.3331
C:0a65:0.0000,0.0000,0.0000,0.0000,0.0000,0.0000,0.0000,0.0000
M:0a65:0.3437,0.3178,-0.2043,-0.6542,-0.2158,-0.1630,0.2893,0.5614
I:0a65:0.4822,-0.0427,0.0851,0.1186,-0.4451,0.3920,0.4655,0.0361
F:0.9953@390
A:0.9953@390
T:0a66:0.6296,-0.1987,0.0256,0.0829,-0.5315,-0.1564,0.2838,-0.3331
C:0a66:0.0000,0.0000,0.0000,0.0000,0.0000,0.0000,0.0000,0.0000
M:0a66:0.3433,0.3175,-0.2040,-0.6545,-0.2151,-0.1636,0.2895,0.5619
I:0a66:0.4822,-0.0427,0.0851,0.1186,-0.4451,0.3920,0.4655,0.0361
F:0.9953@390
A:0.9953@390
T:0a68:0.6296,-0.1987,0.0256,0.0829,-0.5315,-0.1564,0.2838,-0.3331
C:0a68:0.0000,0.0000,0.0000,0.0000,0.0000,0.0000,0.0000,0.0000
M:0a69:0.3429,0.3172,-0.2037,-0.6547,-0.2143,-0.1642,0.2897,0.5624
I:0a69:0.4822,-0.0427,0.0851,0.1186,-0.4451,0.3920,0.4655,0.0361
F:0.9953@390
A:0.9953@390
T:0a6a:0.6296,-0.1987,0.0256,0.0829,-0.5315,-0.1564,0.2838,-0.3331
C:0a6a:0.0000,0.0000,0.0000,0.0000,0.0000,0.0000,0.0000,0.0000
M:0a6b:0.3426,0.3170,-0.2034,-0.6550,-0.2134,-0.1648,0.2899,0.5629
I:0a6b:0.4822,-0.0427,0.0851,0.1186,-0.4451,0.3920,0.4655,0.0361
F:0.9953@390
A:0.9953@390
T:0a6c:0.6296,-0.1987,0.0256,0.0829,-0.5315,-0.1564,0.2838,-0.3331
C:0a6c:0.0000,0.0000,0.0000,0.0000,0.0000,0.0000,0.0000,0.0000
M:0a6c:0.3422,0.3167,-0.2030,-0.6553,-0.2125,-0.1653,0.2900,0.5634
I:0a6c:0.4822,-0.0427,0.0851,0.1186,-0.4451,0.3920,0.4655,0.0361
F:0.9952@390
A:0.9952@390
T:0a6e:0.6296,-0.1987,0.0256,0.0829,-0.5315,-0.1564,0.2838,-0.3331
C:0a6e:0.0000,0.0000,0.0000,0.0000,0.0000,0.0000,0.0000,0.0000
M:0a6e:0.3418,0.3164,-0.2026,-0.6555,-0.2115,-0.1657,0.2902,0.5639
I:0a6e:0.4822,-0.0427,0.0851,0.1186,-0.4451,0.3920,0.4655,0.0361
F:0.9952@390
A:0.9952@390
T:0a70:0.6296,-0.1987,0.0256,0.0829,-0.5315,-0.1564,0.2838,-0.3331
C:0a70:0.0000,0.0000,0.0000,0.0000,0.0000,0.0000,0.0000,0.0000
M:0a70:0.3413,0.3161,-0.2022,-0.6558,-0.2106,-0.1662,0.2903,0.5645
I:0a70:0.4822,-0.0427,0.0851,0.1186,-0.4451,0.3920,0.4655,0.0361
F:0.9952@390
A:0.9952@390
T:0a71:0.6296,-0.1987,0.0256,0.0829,-0.5315,-0.1564,0.2838,-0.3331
C:0a71:0.0000,0.0000,0.0000,0.0000,0.0000,0.0000,0.0000,0.0000
M:0a72:0.3410,0.3160,-0.2014,-0.6559,-0.2100,-0.1662,0.2903,0.5649
I:0a72:0.4822,-0.0427,0.0851,0.1186,-0.4451,0.3920,0.4655,0.0361
F:0.9952@390
A:0.9952@390
T:0a74:0.6296,-0.1987,0.0256,0.0829,-0.5315,-0.1564,0.2838,-0.3331
C:0a74:0.0000,0.0000,0.0000,0.0000,0.0000,0.0000,0.0000,0.0000
M:0a74:0.3404,0.3156,-0.2013,-0.6562,-0.2092,-0.1671,0.2905,0.5654
I:0a75:0.4822,-0.0427,0.0851,0.1186,-0.4451,0.3920,0.4655,0.0361
F:0.9949@390
A:0.9949@390
T:0a77:0.6296,-0.1987,0.0256,0.0829,-0.5315,-0.1564,0.2838,-0.3331
C:0a77:0.0000,0.0000,0.0000,0.0000,0.0000,0.0000,0.0000,0.0000
M:0a77:0.3399,0.3151,-0.2013,-0.6565,-0.2079,-0.1682,0.2909,0.5660
I:0a79:0.4822,-0.0427,0.0851,0.1186,-0.4451,0.3920,0.4655,0.0361
F:0.9947@390
A:0.9947@390
T:0a7a:0.6296,-0.1987,0.0256,0.0829,-0.5315,-0.1564,0.2838,-0.3331
C:0a7a:0.0000,0.0000,0.0000,0.0000,0.0000,0.0000,0.0000,0.0000
M:0a7a:0.3395,0.3145,-0.2011,-0.6569,-0.2063,-0.1691,0.2912,0.5668
I:0a7b:0.4822,-0.0427,0.0851,0.1186,-0.4451,0.3920,0.4655,0.0361
F:0.9947@390
A:0.9947@390
T:0a7c:0.6296,-0.1987,0.0256,0.0829,-0.5315,-0.1564,0.2838,-0.3331
C:0a7c:0.0000,0.0000,0.0000,0.0000,0.0000,0.0000,0.0000,0.0000
M:0a7c:0.3392,0.3142,-0.2005,-0.6572,-0.2048,-0.1694,0.2913,0.5675
I:0a7d:0.4822,-0.0427,0.0851,0.1186,-0.4451,0.3920,0.4655,0.0361
F:0.9947@390
A:0.9947@390
T:0a7e:0.6296,-0.1987,0.0256,0.0829,-0.5315,-0.1564,0.2838,-0.3331
C:0a7e:0.0000,0.0000,0.0000,0.0000,0.0000,0.0000,0.0000,0.0000
M:0a7e:0.3386,0.3139,-0.1996,-0.6575,-0.2037,-0.1695,0.2914,0.5681
I:0a7e:0.4822,-0.0427,0.0851,0.1186,-0.4451,0.3920,0.4655,0.0361
F:0.9945@390
A:0.9945@390
T:0a80:0.6296,-0.1987,0.0256,0.0829,-0.5315,-0.1564,0.2838,-0.3331
C:0a80:0.0000,0.0000,0.0000,0.0000,0.0000,0.0000,0.0000,0.0000
M:0a80:0.3379,0.3136,-0.1988,-0.6577,-0.2028,-0.1698,0.2914,0.5686
I:0a80:0.4822,-0.0427,0.0851,0.1186,-0.4451,0.3920,0.4655,0.0361
F:0.9945@390
A:0.9945@390
T:0a82:0.6296,-0.1987,0.0256,0.0829,-0.5315,-0.1564,0.2838,-0.3331
C:0a82:0.0000,0.0000,0.0000,0.0000,0.0000,0.0000,0.0000,0.0000
M:0a82:0.3372,0.3133,-0.1980,-0.6579,-0.2022,-0.1702,0.2915,0.5691
I:0a83:0.4822,-0.0427,0.0851,0.1186,-0.4451,0.3920,0.4655,0.0361
F:0.9942@390
A:0.9942@390
T:0a84:0.6296,-0.1987,0.0256,0.0829,-0.5315,-0.1564,0.2838,-0.3331
C:0a84:0.0000,0.0000,0.0000,0.0000,0.0000,0.0000,0.0000,0.0000
M:0a84:0.3367,0.3130,-0.1973,-0.6581,-0.2016,-0.1707,0.2916,0.5695
I:0a85:0.4822,-0.0427,0.0851,0.1186,-0.4451,0.3920,0.4655,0.0361
F:0.9942@390
A:0.9942@390
T:0a86:0.6296,-0.1987,0.0256,0.0829,-0.5315,-0.1564,0.2838,-0.3331
C:0a86:0.0000,0.0000,0.0000,0.0000,0.0000,0.0000,0.0000,0.0000
M:0a86:0.3363,0.3127,-0.1968,-0.6583,-0.2009,-0.1713,0.2918,0.5700
I:0a87:0.4822,-0.0427,0.0851,0.1186,-0.4451,0.3920,0.4655,0.0361
F:0.9942@390
A:0.9942@390
T:0a88:0.6296,-0.1987,0.0256,0.0829,-0.5315,-0.1564,0.2838,-0.3331
C:0a88:0.0000,0.0000,0.0000,0.0000,0.0000,0.0000,0.0000,0.0000
M:0a88:0.3359,0.3125,-0.1963,-0.6586,-0.2003,-0.1719,0.2919,0.5704
I:0a89:0.4822,-0.0427,0.0851,0.1186,-0.4451,0.3920,0.4655,0.0361
F:0.9939@390
A:0.9939@390
T:0a8a:0.6296,-0.1987,0.0256,0.0829,-0.5315,-0.1564,0.2838,-0.3331
C:0a8a:0.0000,0.0000,0.0000,0.0000,0.0000,0.0000,0.0000,0.0000
M:0a8a:0.3355,0.3122,-0.1959,-0.6588,-0.1995,-0.1725,0.2920,0.5709
I:0a8b:0.4822,-0.0427,0.0851,0.1186,-0.4451,0.3920,0.4655,0.0361
F:0.9936@390
A:0.9936@390
{
  "exo_version": "0.12",
  "last_tick": 2700,
  "attractor": {
    "events": 1,
    "sim_mean": 0.9936
  },
  "memory": {
    "unique_patterns": 3,
    "familiarity_mean": 0.9936
  },
  "path_dependency_index": 1.9150,
  "sedimentation": true
}

T:0a8d:0.6296,-0.1987,0.0256,0.0829,-0.5315,-0.1564,0.2838,-0.3331
C:0a8d:0.0000,0.0000,0.0000,0.0000,0.0000,0.0000,0.0000,0.0000
M:0a8d:0.3351,0.3120,-0.1954,-0.6591,-0.1987,-0.1730,0.2921,0.5714
I:0a8d:0.4822,-0.0427,0.0851,0.1186,-0.4451,0.3920,0.4655,0.0361
F:0.9936@390
A:0.9936@390
T:0a8e:0.6296,-0.1987,0.0256,0.0829,-0.5315,-0.1564,0.2838,-0.3331
C:0a8e:0.0000,0.0000,0.0000,0.0000,0.0000,0.0000,0.0000,0.0000
M:0a8e:0.3347,0.3118,-0.1950,-0.6593,-0.1978,-0.1735,0.2923,0.5719
I:0a8f:0.4822,-0.0427,0.0851,0.1186,-0.4451,0.3920,0.4655,0.0361
F:0.9936@390
A:0.9936@390
T:0a90:0.6296,-0.1987,0.0256,0.0829,-0.5315,-0.1564,0.2838,-0.3331
C:0a91:0.0000,0.0000,0.0000,0.0000,0.0000,0.0000,0.0000,0.0000
M:0a91:0.3342,0.3115,-0.1945,-0.6596,-0.1969,-0.1740,0.2924,0.5724
I:0a91:0.4822,-0.0427,0.0851,0.1186,-0.4451,0.3920,0.4655,0.0361
F:0.9936@390
A:0.9936@390
T:0a92:0.6296,-0.1987,0.0256,0.0829,-0.5315,-0.1564,0.2838,-0.3331
C:0a92:0.0000,0.0000,0.0000,0.0000,0.0000,0.0000,0.0000,0.0000
M:0a93:0.3338,0.3112,-0.1940,-0.6598,-0.1960,-0.1745,0.2925,0.5729
I:0a93:0.4822,-0.0427,0.0851,0.1186,-0.4451,0.3920,0.4655,0.0361
F:0.9936@390
A:0.9936@390
T:0a94:0.6296,-0.1987,0.0256,0.0829,-0.5315,-0.1564,0.2838,-0.3331
C:0a94:0.0000,0.0000,0.0000,0.0000,0.0000,0.0000,0.0000,0.0000
M:0a94:0.3333,0.3109,-0.1935,-0.6600,-0.1952,-0.1750,0.2926,0.5733
I:0a94:0.4822,-0.0427,0.0851,0.1186,-0.4451,0.3920,0.4655,0.0361
F:0.9934@390
A:0.9934@390
T:0a96:0.6296,-0.1987,0.0256,0.0829,-0.5315,-0.1564,0.2838,-0.3331
C:0a96:0.0000,0.0000,0.0000,0.0000,0.0000,0.0000,0.0000,0.0000
M:0a96:0.3329,0.3108,-0.1927,-0.6602,-0.1946,-0.1750,0.2926,0.5737
I:0a96:0.4822,-0.0427,0.0851,0.1186,-0.4451,0.3920,0.4655,0.0361
F:0.9934@390
A:0.9934@390
T:0a97:0.6296,-0.1987,0.0256,0.0829,-0.5315,-0.1564,0.2838,-0.3331
C:0a97:0.0000,0.0000,0.0000,0.0000,0.0000,0.0000,0.0000,0.0000
M:0a97:0.3324,0.3106,-0.1922,-0.6604,-0.1941,-0.1755,0.2927,0.5741
I:0a97:0.4822,-0.0427,0.0851,0.1186,-0.4451,0.3920,0.4655,0.0361
F:0.9934@390
A:0.9934@390
T:0a99:0.6296,-0.1987,0.0256,0.0829,-0.5315,-0.1564,0.2838,-0.3331
C:0a99:0.0000,0.0000,0.0000,0.0000,0.0000,0.0000,0.0000,0.0000
M:0a99:0.3319,0.3103,-0.1918,-0.6606,-0.1934,-0.1761,0.2929,0.5745
I:0a9a:0.4822,-0.0427,0.0851,0.1186,-0.4451,0.3920,0.4655,0.0361
F:0.9934@390
A:0.9934@390
T:0a9b:0.6296,-0.1987,0.0256,0.0829,-0.5315,-0.1564,0.2838,-0.3331
C:0a9b:0.0000,0.0000,0.0000,0.0000,0.0000,0.0000,0.0000,0.0000
M:0a9b:0.3315,0.3100,-0.1915,-0.6608,-0.1926,-0.1767,0.2930,0.5749
I:0a9c:0.4822,-0.0427,0.0851,0.1186,-0.4451,0.3920,0.4655,0.0361
F:0.9933@390
A:0.9933@390
T:0a9d:0.6296,-0.1987,0.0256,0.0829,-0.5315,-0.1564,0.2838,-0.3331
C:0a9d:0.0000,0.0000,0.0000,0.0000,0.0000,0.0000,0.0000,0.0000
M:0a9d:0.3312,0.3097,-0.1912,-0.6611,-0.1916,-0.1773,0.2932,0.5754
I:0a9e:0.4822,-0.0427,0.0851,0.1186,-0.4451,0.3920,0.4655,0.0361
F:0.9933@390
A:0.9933@390
T:0a9f:0.6296,-0.1987,0.0256,0.0829,-0.5315,-0.1564,0.2838,-0.3331
C:0a9f:0.0000,0.0000,0.0000,0.0000,0.0000,0.0000,0.0000,0.0000
M:0a9f:0.3308,0.3094,-0.1908,-0.6613,-0.1906,-0.1778,0.2933,0.5759
I:0a9f:0.4822,-0.0427,0.0851,0.1186,-0.4451,0.3920,0.4655,0.0361
F:0.9933@390
A:0.9933@390
T:0aa0:0.6296,-0.1987,0.0256,0.0829,-0.5315,-0.1564,0.2838,-0.3331
C:0aa0:0.0000,0.0000,0.0000,0.0000,0.0000,0.0000,0.0000,0.0000
M:0aa0:0.3304,0.3093,-0.1900,-0.6615,-0.1899,-0.1778,0.2933,0.5763
I:0aa0:0.4822,-0.0427,0.0851,0.1186,-0.4451,0.3920,0.4655,0.0361
F:0.9927@390
A:0.9927@390
T:0aa1:0.6296,-0.1987,0.0256,0.0829,-0.5315,-0.1564,0.2838,-0.3331
C:0aa2:0.0000,0.0000,0.0000,0.0000,0.0000,0.0000,0.0000,0.0000
M:0aa2:0.3300,0.3092,-0.1891,-0.6616,-0.1896,-0.1778,0.2932,0.5766
I:0aa2:0.4822,-0.0427,0.0851,0.1186,-0.4451,0.3920,0.4655,0.0361
F:0.9925@390
A:0.9925@390
T:0aa3:0.6296,-0.1987,0.0256,0.0829,-0.5315,-0.1564,0.2838,-0.3331
C:0aa4:0.0000,0.0000,0.0000,0.0000,0.0000,0.0000,0.0000,0.0000
M:0aa4:0.3294,0.3089,-0.1887,-0.6617,-0.1892,-0.1784,0.2933,0.5768
I:0aa4:0.4822,-0.0427,0.0851,0.1186,-0.4451,0.3920,0.4655,0.0361
F:0.9925@390
A:0.9925@390
T:0aa6:0.6296,-0.1987,0.0256,0.0829,-0.5315,-0.1564,0.2838,-0.3331
C:0aa6:0.0000,0.0000,0.0000,0.0000,0.0000,0.0000,0.0000,0.0000
M:0aa6:0.3289,0.3084,-0.1889,-0.6620,-0.1883,-0.1795,0.2937,0.5773
I:0aa6:0.4822,-0.0427,0.0851,0.1186,-0.4451,0.3920,0.4655,0.0361
F:0.9925@390
A:0.9925@390
T:0aa8:0.6296,-0.1987,0.0256,0.0829,-0.5315,-0.1564,0.2838,-0.3331
C:0aa8:0.0000,0.0000,0.0000,0.0000,0.0000,0.0000,0.0000,0.0000
M:0aa8:0.3287,0.3080,-0.1887,-0.6623,-0.1870,-0.1802,0.2939,0.5778
I:0aa8:0.4822,-0.0427,0.0851,0.1186,-0.4451,0.3920,0.4655,0.0361
F:0.9922@390
A:0.9922@390
T:0aa9:0.6296,-0.1987,0.0256,0.0829,-0.5315,-0.1564,0.2838,-0.3331
C:0aaa:0.0000,0.0000,0.0000,0.0000,0.0000,0.0000,0.0000,0.0000
M:0aaa:0.3285,0.3079,-0.1879,-0.6625,-0.1861,-0.1801,0.2939,0.5783
I:0aaa:0.4822,-0.0427,0.0851,0.1186,-0.4451,0.3920,0.4655,0.0361
F:0.9922@390
A:0.9922@390
T:0aab:0.6296,-0.1987,0.0256,0.0829,-0.5315,-0.1564,0.2838,-0.3331
C:0aab:0.0000,0.0000,0.0000,0.0000,0.0000,0.0000,0.0000,0.0000
M:0aab:0.3279,0.3076,-0.1874,-0.6627,-0.1852,-0.1805,0.2939,0.5788
I:0aac:0.4822,-0.0427,0.0851,0.1186,-0.4451,0.3920,0.4655,0.0361
F:0.9922@390
A:0.9922@390
T:0aad:0.6296,-0.1987,0.0256,0.0829,-0.5315,-0.1564,0.2838,-0.3331
C:0aad:0.0000,0.0000,0.0000,0.0000,0.0000,0.0000,0.0000,0.0000
M:0aad:0.3273,0.3073,-0.1869,-0.6629,-0.1844,-0.1809,0.2940,0.5792
I:0aae:0.4822,-0.0427,0.0851,0.1186,-0.4451,0.3920,0.4655,0.0361
F:0.9922@390
A:0.9922@390
T:0aaf:0.6296,-0.1987,0.0256,0.0829,-0.5315,-0.1564,0.2838,-0.3331
C:0aaf:0.0000,0.0000,0.0000,0.0000,0.0000,0.0000,0.0000,0.0000
M:0aaf:0.3268,0.3069,-0.1864,-0.6631,-0.1835,-0.1814,0.2942,0.5796
I:0aaf:0.4822,-0.0427,0.0851,0.1186,-0.4451,0.3920,0.4655,0.0361
F:0.9922@390
A:0.9922@390
T:0ab0:0.6296,-0.1987,0.0256,0.0829,-0.5315,-0.1564,0.2838,-0.3331
C:0ab1:0.0000,0.0000,0.0000,0.0000,0.0000,0.0000,0.0000,0.0000
M:0ab1:0.3264,0.3068,-0.1855,-0.6632,-0.1829,-0.1815,0.2942,0.5799
I:0ab1:0.4822,-0.0427,0.0851,0.1186,-0.4451,0.3920,0.4655,0.0361
F:0.9922@390
A:0.9922@390
T:0ab4:0.6296,-0.1987,0.0256,0.0829,-0.5315,-0.1564,0.2838,-0.3331
C:0ab4:0.0000,0.0000,0.0000,0.0000,0.0000,0.0000,0.0000,0.0000
M:0ab4:0.3257,0.3063,-0.1854,-0.6634,-0.1820,-0.1824,0.2944,0.5804
I:0ab4:0.4822,-0.0427,0.0851,0.1186,-0.4451,0.3920,0.4655,0.0361
F:0.9919@390
A:0.9919@390
T:0ab6:0.6296,-0.1987,0.0256,0.0829,-0.5315,-0.1564,0.2838,-0.3331
C:0ab6:0.0000,0.0000,0.0000,0.0000,0.0000,0.0000,0.0000,0.0000
M:0ab6:0.3254,0.3059,-0.1850,-0.6637,-0.1809,-0.1830,0.2946,0.5809
I:0ab6:0.4822,-0.0427,0.0851,0.1186,-0.4451,0.3920,0.4655,0.0361
F:0.9919@390
A:0.9919@390
T:0ab7:0.6296,-0.1987,0.0256,0.0829,-0.5315,-0.1564,0.2838,-0.3331
C:0ab7:0.0000,0.0000,0.0000,0.0000,0.0000,0.0000,0.0000,0.0000
M:0ab7:0.3250,0.3056,-0.1845,-0.6639,-0.1798,-0.1835,0.2947,0.5814
I:0ab7:0.4822,-0.0427,0.0851,0.1186,-0.4451,0.3920,0.4655,0.0361
F:0.9914@390
A:0.9914@390
T:0ab8:0.6296,-0.1987,0.0256,0.0829,-0.5315,-0.1564,0.2838,-0.3331
C:0ab8:0.0000,0.0000,0.0000,0.0000,0.0000,0.0000,0.0000,0.0000
M:0ab9:0.3246,0.3054,-0.1836,-0.6641,-0.1790,-0.1834,0.2947,0.5818
I:0ab9:0.4822,-0.0427,0.0851,0.1186,-0.4451,0.3920,0.4655,0.0361
F:0.9914@390
A:0.9914@390
T:0aba:0.6296,-0.1987,0.0256,0.0829,-0.5315,-0.1564,0.2838,-0.3331
C:0aba:0.0000,0.0000,0.0000,0.0000,0.0000,0.0000,0.0000,0.0000
M:0aba:0.3239,0.3051,-0.1830,-0.6642,-0.1784,-0.1838,0.2947,0.5821
I:0abb:0.4822,-0.0427,0.0851,0.1186,-0.4451,0.3920,0.4655,0.0361
F:0.9914@390
A:0.9914@390
T:0abc:0.6296,-0.1987,0.0256,0.0829,-0.5315,-0.1564,0.2838,-0.3331
C:0abc:0.0000,0.0000,0.0000,0.0000,0.0000,0.0000,0.0000,0.0000
M:0abc:0.3234,0.3048,-0.1825,-0.6644,-0.1777,-0.1844,0.2949,0.5825
I:0abc:0.4822,-0.0427,0.0851,0.1186,-0.4451,0.3920,0.4655,0.0361
F:0.9914@390
A:0.9914@390
T:0abe:0.6296,-0.1987,0.0256,0.0829,-0.5315,-0.1564,0.2838,-0.3331
C:0abe:0.0000,0.0000,0.0000,0.0000,0.0000,0.0000,0.0000,0.0000
M:0abe:0.3229,0.3045,-0.1820,-0.6646,-0.1769,-0.1850,0.2950,0.5829
I:0abe:0.4822,-0.0427,0.0851,0.1186,-0.4451,0.3920,0.4655,0.0361
F:0.9914@390
A:0.9914@390
T:0abf:0.6296,-0.1987,0.0256,0.0829,-0.5315,-0.1564,0.2838,-0.3331
C:0abf:0.0000,0.0000,0.0000,0.0000,0.0000,0.0000,0.0000,0.0000
M:0abf:0.3226,0.3043,-0.1813,-0.6648,-0.1763,-0.1851,0.2950,0.5833
I:0abf:0.4822,-0.0427,0.0851,0.1186,-0.4451,0.3920,0.4655,0.0361
F:0.9914@390
A:0.9914@390
T:0ac1:0.6296,-0.1987,0.0256,0.0829,-0.5315,-0.1564,0.2838,-0.3331
C:0ac1:0.0000,0.0000,0.0000,0.0000,0.0000,0.0000,0.0000,0.0000
M:0ac2:0.3221,0.3041,-0.1808,-0.6649,-0.1757,-0.1856,0.2951,0.5836
I:0ac2:0.4822,-0.0427,0.0851,0.1186,-0.4451,0.3920,0.4655,0.0361
F:0.9914@390
A:0.9914@390
T:0ac4:0.6296,-0.1987,0.0256,0.0829,-0.5315,-0.1564,0.2838,-0.3331
C:0ac4:0.0000,0.0000,0.0000,0.0000,0.0000,0.0000,0.0000,0.0000
M:0ac4:0.3215,0.3036,-0.1808,-0.6652,-0.1746,-0.1866,0.2954,0.5840
I:0ac5:0.4822,-0.0427,0.0851,0.1186,-0.4451,0.3920,0.4655,0.0361
F:0.9914@390
A:0.9914@390
T:0ac6:0.6296,-0.1987,0.0256,0.0829,-0.5315,-0.1564,0.2838,-0.3331
C:0ac6:0.0000,0.0000,0.0000,0.0000,0.0000,0.0000,0.0000,0.0000
M:0ac7:0.3212,0.3032,-0.1805,-0.6655,-0.1733,-0.1872,0.2956,0.5846
I:0ac7:0.4822,-0.0427,0.0851,0.1186,-0.4451,0.3920,0.4655,0.0361
F:0.9914@390
A:0.9914@390
T:0ac8:0.6296,-0.1987,0.0256,0.0829,-0.5315,-0.1564,0.2838,-0.3331
C:0ac8:0.0000,0.0000,0.0000,0.0000,0.0000,0.0000,0.0000,0.0000
M:0ac8:0.3208,0.3028,-0.1799,-0.6657,-0.1720,-0.1875,0.2957,0.5851
I:0ac8:0.4822,-0.0427,0.0851,0.1186,-0.4451,0.3920,0.4655,0.0361
F:0.9912@390
A:0.9912@390
T:0aca:0.6296,-0.1987,0.0256,0.0829,-0.5315,-0.1564,0.2838,-0.3331
C:0aca:0.0000,0.0000,0.0000,0.0000,0.0000,0.0000,0.0000,0.0000
M:0aca:0.3202,0.3025,-0.1792,-0.6659,-0.1709,-0.1878,0.2957,0.5856
I:0acb:0.4822,-0.0427,0.0851,0.1186,-0.4451,0.3920,0.4655,0.0361
F:0.9912@390
A:0.9912@390
T:0acc:0.6296,-0.1987,0.0256,0.0829,-0.5315,-0.1564,0.2838,-0.3331
C:0acc:0.0000,0.0000,0.0000,0.0000,0.0000,0.0000,0.0000,0.0000
M:0acc:0.3195,0.3021,-0.1785,-0.6661,-0.1698,-0.1881,0.2958,0.5861
I:0acd:0.4822,-0.0427,0.0851,0.1186,-0.4451,0.3920,0.4655,0.0361
F:0.9905@390
A:0.9905@390
T:0ace:0.6296,-0.1987,0.0256,0.0829,-0.5315,-0.1564,0.2838,-0.3331
C:0ace:0.0000,0.0000,0.0000,0.0000,0.0000,0.0000,0.0000,0.0000
M:0ace:0.3189,0.3017,-0.1777,-0.6663,-0.1689,-0.1885,0.2959,0.5865
I:0ace:0.4822,-0.0427,0.0851,0.1186,-0.4451,0.3920,0.4655,0.0361
F:0.9905@390
A:0.9905@390
T:0acf:0.6296,-0.1987,0.0256,0.0829,-0.5315,-0.1564,0.2838,-0.3331
C:0ad0:0.0000,0.0000,0.0000,0.0000,0.0000,0.0000,0.0000,0.0000
M:0ad0:0.3184,0.3015,-0.1766,-0.6664,-0.1684,-0.1886,0.2958,0.5868
I:0ad1:0.4822,-0.0427,0.0851,0.1186,-0.4451,0.3920,0.4655,0.0361
F:0.9905@390
A:0.9905@390
T:0ad2:0.6296,-0.1987,0.0256,0.0829,-0.5315,-0.1564,0.2838,-0.3331
C:0ad2:0.0000,0.0000,0.0000,0.0000,0.0000,0.0000,0.0000,0.0000
M:0ad3:0.3176,0.3011,-0.1763,-0.6666,-0.1677,-0.1895,0.2960,0.5872
I:0ad3:0.4822,-0.0427,0.0851,0.1186,-0.4451,0.3920,0.4655,0.0361
F:0.9905@390
A:0.9905@390
T:0ad4:0.6296,-0.1987,0.0256,0.0829,-0.5315,-0.1564,0.2838,-0.3331
C:0ad4:0.0000,0.0000,0.0000,0.0000,0.0000,0.0000,0.0000,0.0000
M:0ad4:0.3172,0.3007,-0.1759,-0.6668,-0.1667,-0.1901,0.2962,0.5876
I:0ad5:0.4822,-0.0427,0.0851,0.1186,-0.4451,0.3920,0.4655,0.0361
F:0.9901@390
A:0.9901@390
T:0ad6:0.6296,-0.1987,0.0256,0.0829,-0.5315,-0.1564,0.2838,-0.3331
C:0ad6:0.0000,0.0000,0.0000,0.0000,0.0000,0.0000,0.0000,0.0000
M:0ad6:0.3168,0.3004,-0.1753,-0.6670,-0.1657,-0.1906,0.2963,0.5881
I:0ad6:0.4822,-0.0427,0.0851,0.1186,-0.4451,0.3920,0.4655,0.0361
F:0.9901@390
A:0.9901@390
T:0ad7:0.6296,-0.1987,0.0256,0.0829,-0.5315,-0.1564,0.2838,-0.3331
C:0ad8:0.0000,0.0000,0.0000,0.0000,0.0000,0.0000,0.0000,0.0000
M:0ad8:0.3164,0.3002,-0.1744,-0.6672,-0.1650,-0.1906,0.2963,0.5885
I:0ad8:0.4822,-0.0427,0.0851,0.1186,-0.4451,0.3920,0.4655,0.0361
F:0.9901@390
A:0.9901@390
T:0ad9:0.6296,-0.1987,0.0256,0.0829,-0.5315,-0.1564,0.2838,-0.3331
C:0ad9:0.0000,0.0000,0.0000,0.0000,0.0000,0.0000,0.0000,0.0000
M:0ad9:0.3158,0.3000,-0.1738,-0.6673,-0.1644,-0.1911,0.2963,0.5888
I:0ad9:0.4822,-0.0427,0.0851,0.1186,-0.4451,0.3920,0.4655,0.0361
F:0.9900@390
A:0.9900@390
T:0ada:0.6296,-0.1987,0.0256,0.0829,-0.5315,-0.1564,0.2838,-0.3331
C:0ada:0.0000,0.0000,0.0000,0.0000,0.0000,0.0000,0.0000,0.0000
M:0adb:0.3153,0.2999,-0.1729,-0.6675,-0.1640,-0.1912,0.2963,0.5891
I:0adb:0.4822,-0.0427,0.0851,0.1186,-0.4451,0.3920,0.4655,0.0361
F:0.9900@390
A:0.9900@390
T:0adc:0.6296,-0.1987,0.0256,0.0829,-0.5315,-0.1564,0.2838,-0.3331
C:0adc:0.0000,0.0000,0.0000,0.0000,0.0000,0.0000,0.0000,0.0000
M:0adc:0.3148,0.2996,-0.1725,-0.6676,-0.1636,-0.1918,0.2964,0.5893
I:0adc:0.4822,-0.0427,0.0851,0.1186,-0.4451,0.3920,0.4655,0.0361
F:0.9900@390
A:0.9900@390
T:0add:0.6296,-0.1987,0.0256,0.0829,-0.5315,-0.1564,0.2838,-0.3331
C:0add:0.0000,0.0000,0.0000,0.0000,0.0000,0.0000,0.0000,0.0000
M:0add:0.3145,0.2995,-0.1718,-0.6678,-0.1632,-0.1921,0.2964,0.5896
I:0ade:0.4822,-0.0427,0.0851,0.1186,-0.4451,0.3920,0.4655,0.0361
F:0.9900@390
A:0.9900@390
T:0adf:0.6296,-0.1987,0.0256,0.0829,-0.5315,-0.1564,0.2838,-0.3331
C:0adf:0.0000,0.0000,0.0000,0.0000,0.0000,0.0000,0.0000,0.0000
M:0adf:0.3141,0.2992,-0.1715,-0.6679,-0.1627,-0.1927,0.2965,0.5899
I:0adf:0.4822,-0.0427,0.0851,0.1186,-0.4451,0.3920,0.4655,0.0361
F:0.9900@390
A:0.9900@390
T:0ae1:0.6296,-0.1987,0.0256,0.0829,-0.5315,-0.1564,0.2838,-0.3331
C:0ae1:0.0000,0.0000,0.0000,0.0000,0.0000,0.0000,0.0000,0.0000
M:0ae1:0.3137,0.2989,-0.1714,-0.6682,-0.1618,-0.1934,0.2967,0.5903
I:0ae1:0.4822,-0.0427,0.0851,0.1186,-0.4451,0.3920,0.4655,0.0361
F:0.9896@390
A:0.9896@390
T:0ae3:0.6296,-0.1987,0.0256,0.0829,-0.5315,-0.1564,0.2838,-0.3331
C:0ae3:0.0000,0.0000,0.0000,0.0000,0.0000,0.0000,0.0000,0.0000
M:0ae3:0.3134,0.2986,-0.1711,-0.6684,-0.1607,-0.1939,0.2969,0.5907
I:0ae3:0.4822,-0.0427,0.0851,0.1186,-0.4451,0.3920,0.4655,0.0361
F:0.9896@390
A:0.9896@390
T:0ae5:0.6296,-0.1987,0.0256,0.0829,-0.5315,-0.1564,0.2838,-0.3331
C:0ae5:0.0000,0.0000,0.0000,0.0000,0.0000,0.0000,0.0000,0.0000
M:0ae5:0.3129,0.2982,-0.1708,-0.6686,-0.1595,-0.1944,0.2970,0.5912
I:0ae5:0.4822,-0.0427,0.0851,0.1186,-0.4451,0.3920,0.4655,0.0361
F:0.9891@390
A:0.9891@390
T:0ae7:0.6296,-0.1987,0.0256,0.0829,-0.5315,-0.1564,0.2838,-0.3331
C:0ae7:0.0000,0.0000,0.0000,0.0000,0.0000,0.0000,0.0000,0.0000
M:0ae7:0.3124,0.2978,-0.1703,-0.6688,-0.1582,-0.1947,0.2971,0.5916
I:0ae7:0.4822,-0.0427,0.0851,0.1186,-0.4451,0.3920,0.4655,0.0361
F:0.9891@390
A:0.9891@390
T:0ae9:0.6296,-0.1987,0.0256,0.0829,-0.5315,-0.1564,0.2838,-0.3331
C:0aea:0.0000,0.0000,0.0000,0.0000,0.0000,0.0000,0.0000,0.0000
M:0aea:0.3118,0.2974,-0.1696,-0.6690,-0.1570,-0.1950,0.2972,0.5921
I:0aeb:0.4822,-0.0427,0.0851,0.1186,-0.4451,0.3920,0.4655,0.0361
F:0.9888@390
A:0.9888@390
T:0aec:0.6296,-0.1987,0.0256,0.0829,-0.5315,-0.1564,0.2838,-0.3331
C:0aec:0.0000,0.0000,0.0000,0.0000,0.0000,0.0000,0.0000,0.0000
M:0aec:0.3110,0.2968,-0.1693,-0.6692,-0.1556,-0.1958,0.2974,0.5925
I:0aec:0.4822,-0.0427,0.0851,0.1186,-0.4451,0.3920,0.4655,0.0361
F:0.9888@390
A:0.9888@390
T:0aee:0.6296,-0.1987,0.0256,0.0829,-0.5315,-0.1564,0.2838,-0.3331
C:0aee:0.0000,0.0000,0.0000,0.0000,0.0000,0.0000,0.0000,0.0000
M:0aee:0.3104,0.2963,-0.1685,-0.6695,-0.1542,-0.1962,0.2976,0.5931
I:0aee:0.4822,-0.0427,0.0851,0.1186,-0.4451,0.3920,0.4655,0.0361
F:0.9888@390
A:0.9888@390
{
  "exo_version": "0.12",
  "last_tick": 2800,
  "attractor": {
    "events": 1,
    "sim_mean": 0.9888
  },
  "memory": {
    "unique_patterns": 3,
    "familiarity_mean": 0.9885
  },
  "path_dependency_index": 1.9150,
  "sedimentation": true
}

T:0af0:0.6296,-0.1987,0.0256,0.0829,-0.5315,-0.1564,0.2838,-0.3331
C:0af0:0.0000,0.0000,0.0000,0.0000,0.0000,0.0000,0.0000,0.0000
M:0af1:0.3099,0.2961,-0.1672,-0.6696,-0.1533,-0.1960,0.2974,0.5935
I:0af1:0.4822,-0.0427,0.0851,0.1186,-0.4451,0.3920,0.4655,0.0361
F:0.9885@390
A:0.9885@390
T:0af2:0.6296,-0.1987,0.0256,0.0829,-0.5315,-0.1564,0.2838,-0.3331
C:0af2:0.0000,0.0000,0.0000,0.0000,0.0000,0.0000,0.0000,0.0000
M:0af2:0.3090,0.2955,-0.1666,-0.6697,-0.1524,-0.1967,0.2976,0.5938
I:0af3:0.4822,-0.0427,0.0851,0.1186,-0.4451,0.3920,0.4655,0.0361
F:0.9885@390
A:0.9885@390
T:0af4:0.6296,-0.1987,0.0256,0.0829,-0.5315,-0.1564,0.2838,-0.3331
C:0af4:0.0000,0.0000,0.0000,0.0000,0.0000,0.0000,0.0000,0.0000
M:0af4:0.3084,0.2951,-0.1658,-0.6699,-0.1515,-0.1973,0.2977,0.5942
I:0af5:0.4822,-0.0427,0.0851,0.1186,-0.4451,0.3920,0.4655,0.0361
F:0.9885@390
A:0.9885@390
T:0af6:0.6296,-0.1987,0.0256,0.0829,-0.5315,-0.1564,0.2838,-0.3331
C:0af6:0.0000,0.0000,0.0000,0.0000,0.0000,0.0000,0.0000,0.0000
M:0af6:0.3078,0.2947,-0.1651,-0.6701,-0.1506,-0.1977,0.2978,0.5946
I:0af6:0.4822,-0.0427,0.0851,0.1186,-0.4451,0.3920,0.4655,0.0361
F:0.9884@390
A:0.9884@390
T:0af8:0.6296,-0.1987,0.0256,0.0829,-0.5315,-0.1564,0.2838,-0.3331
C:0af8:0.0000,0.0000,0.0000,0.0000,0.0000,0.0000,0.0000,0.0000
M:0af8:0.3072,0.2944,-0.1643,-0.6703,-0.1498,-0.1982,0.2979,0.5951
I:0af8:0.4822,-0.0427,0.0851,0.1186,-0.4451,0.3920,0.4655,0.0361
F:0.9878@390
A:0.9878@390
T:0afa:0.6296,-0.1987,0.0256,0.0829,-0.5315,-0.1564,0.2838,-0.3331
C:0afb:0.0000,0.0000,0.0000,0.0000,0.0000,0.0000,0.0000,0.0000
M:0afb:0.3067,0.2941,-0.1636,-0.6705,-0.1489,-0.1987,0.2979,0.5954
I:0afb:0.4822,-0.0427,0.0851,0.1186,-0.4451,0.3920,0.4655,0.0361
F:0.9878@390
A:0.9878@390
T:0afc:0.6296,-0.1987,0.0256,0.0829,-0.5315,-0.1564,0.2838,-0.3331
C:0afc:0.0000,0.0000,0.0000,0.0000,0.0000,0.0000,0.0000,0.0000
M:0afc:0.3061,0.2937,-0.1629,-0.6707,-0.1481,-0.1991,0.2980,0.5958
I:0afd:0.4822,-0.0427,0.0851,0.1186,-0.4451,0.3920,0.4655,0.0361
F:0.9878@390
A:0.9878@390
T:0afe:0.6296,-0.1987,0.0256,0.0829,-0.5315,-0.1564,0.2838,-0.3331
C:0afe:0.0000,0.0000,0.0000,0.0000,0.0000,0.0000,0.0000,0.0000
M:0afe:0.3055,0.2934,-0.1622,-0.6708,-0.1472,-0.1996,0.2981,0.5962
I:0aff:0.4822,-0.0427,0.0851,0.1186,-0.4451,0.3920,0.4655,0.0361
F:0.9878@390
A:0.9878@390
T:0b00:0.6296,-0.1987,0.0256,0.0829,-0.5315,-0.1564,0.2838,-0.3331
C:0b00:0.0000,0.0000,0.0000,0.0000,0.0000,0.0000,0.0000,0.0000
M:0b00:0.3050,0.2931,-0.1615,-0.6710,-0.1464,-0.2001,0.2982,0.5966
I:0b00:0.4822,-0.0427,0.0851,0.1186,-0.4451,0.3920,0.4655,0.0361
F:0.9874@390
A:0.9874@390
T:0b02:0.6296,-0.1987,0.0256,0.0829,-0.5315,-0.1564,0.2838,-0.3331
C:0b02:0.0000,0.0000,0.0000,0.0000,0.0000,0.0000,0.0000,0.0000
M:0b02:0.3044,0.2928,-0.1609,-0.6712,-0.1455,-0.2006,0.2982,0.5970
I:0b03:0.4822,-0.0427,0.0851,0.1186,-0.4451,0.3920,0.4655,0.0361
F:0.9874@390
A:0.9874@390
T:0b04:0.6296,-0.1987,0.0256,0.0829,-0.5315,-0.1564,0.2838,-0.3331
C:0b04:0.0000,0.0000,0.0000,0.0000,0.0000,0.0000,0.0000,0.0000
M:0b04:0.3038,0.2924,-0.1602,-0.6714,-0.1446,-0.2010,0.2983,0.5974
I:0b05:0.4822,-0.0427,0.0851,0.1186,-0.4451,0.3920,0.4655,0.0361
F:0.9874@390
A:0.9874@390
T:0b06:0.6296,-0.1987,0.0256,0.0829,-0.5315,-0.1564,0.2838,-0.3331
C:0b06:0.0000,0.0000,0.0000,0.0000,0.0000,0.0000,0.0000,0.0000
M:0b06:0.3032,0.2921,-0.1596,-0.6716,-0.1436,-0.2015,0.2984,0.5978
I:0b06:0.4822,-0.0427,0.0851,0.1186,-0.4451,0.3920,0.4655,0.0361
F:0.9871@390
A:0.9871@390
T:0b08:0.6296,-0.1987,0.0256,0.0829,-0.5315,-0.1564,0.2838,-0.3331
C:0b08:0.0000,0.0000,0.0000,0.0000,0.0000,0.0000,0.0000,0.0000
M:0b08:0.3027,0.2917,-0.1589,-0.6718,-0.1427,-0.2019,0.2985,0.5981
I:0b09:0.4822,-0.0427,0.0851,0.1186,-0.4451,0.3920,0.4655,0.0361
F:0.9871@390
A:0.9871@390
T:0b0a:0.6296,-0.1987,0.0256,0.0829,-0.5315,-0.1564,0.2838,-0.3331
C:0b0a:0.0000,0.0000,0.0000,0.0000,0.0000,0.0000,0.0000,0.0000
M:0b0b:0.3021,0.2914,-0.1582,-0.6720,-0.1418,-0.2024,0.2986,0.5985
I:0b0b:0.4822,-0.0427,0.0851,0.1186,-0.4451,0.3920,0.4655,0.0361
F:0.9871@390
A:0.9871@390
T:0b0c:0.6296,-0.1987,0.0256,0.0829,-0.5315,-0.1564,0.2838,-0.3331
C:0b0c:0.0000,0.0000,0.0000,0.0000,0.0000,0.0000,0.0000,0.0000
M:0b0c:0.3015,0.2910,-0.1575,-0.6721,-0.1408,-0.2028,0.2986,0.5989
I:0b0c:0.4822,-0.0427,0.0851,0.1186,-0.4451,0.3920,0.4655,0.0361
F:0.9871@390
A:0.9871@390
T:0b0d:0.6296,-0.1987,0.0256,0.0829,-0.5315,-0.1564,0.2838,-0.3331
C:0b0d:0.0000,0.0000,0.0000,0.0000,0.0000,0.0000,0.0000,0.0000
M:0b0d:0.3010,0.2909,-0.1564,-0.6723,-0.1403,-0.2029,0.2986,0.5992
I:0b0e:0.4822,-0.0427,0.0851,0.1186,-0.4451,0.3920,0.4655,0.0361
F:0.9871@390
A:0.9871@390
T:0b0f:0.6296,-0.1987,0.0256,0.0829,-0.5315,-0.1564,0.2838,-0.3331
C:0b0f:0.0000,0.0000,0.0000,0.0000,0.0000,0.0000,0.0000,0.0000
M:0b0f:0.3003,0.2906,-0.1557,-0.6724,-0.1398,-0.2033,0.2986,0.5995
I:0b0f:0.4822,-0.0427,0.0851,0.1186,-0.4451,0.3920,0.4655,0.0361
F:0.9866@390
A:0.9866@390
T:0b11:0.6296,-0.1987,0.0256,0.0829,-0.5315,-0.1564,0.2838,-0.3331
C:0b11:0.0000,0.0000,0.0000,0.0000,0.0000,0.0000,0.0000,0.0000
M:0b11:0.2997,0.2903,-0.1551,-0.6726,-0.1391,-0.2039,0.2987,0.5998
I:0b11:0.4822,-0.0427,0.0851,0.1186,-0.4451,0.3920,0.4655,0.0361
F:0.9862@390
A:0.9862@390
T:0b13:0.6296,-0.1987,0.0256,0.0829,-0.5315,-0.1564,0.2838,-0.3331
C:0b13:0.0000,0.0000,0.0000,0.0000,0.0000,0.0000,0.0000,0.0000
M:0b13:0.2993,0.2899,-0.1547,-0.6728,-0.1383,-0.2045,0.2989,0.6001
I:0b13:0.4822,-0.0427,0.0851,0.1186,-0.4451,0.3920,0.4655,0.0361
F:0.9857@390
A:0.9857@390
T:0b15:0.6296,-0.1987,0.0256,0.0829,-0.5315,-0.1564,0.2838,-0.3331
C:0b15:0.0000,0.0000,0.0000,0.0000,0.0000,0.0000,0.0000,0.0000
M:0b15:0.2988,0.2896,-0.1542,-0.6730,-0.1373,-0.2051,0.2990,0.6005
I:0b16:0.4822,-0.0427,0.0851,0.1186,-0.4451,0.3920,0.4655,0.0361
F:0.9857@390
A:0.9857@390
T:0b17:0.6296,-0.1987,0.0256,0.0829,-0.5315,-0.1564,0.2838,-0.3331
C:0b17:0.0000,0.0000,0.0000,0.0000,0.0000,0.0000,0.0000,0.0000
M:0b17:0.2983,0.2892,-0.1537,-0.6732,-0.1362,-0.2056,0.2991,0.6009
I:0b18:0.4822,-0.0427,0.0851,0.1186,-0.4451,0.3920,0.4655,0.0361
F:0.9857@390
A:0.9857@390
T:0b1a:0.6296,-0.1987,0.0256,0.0829,-0.5315,-0.1564,0.2838,-0.3331
C:0b1b:0.0000,0.0000,0.0000,0.0000,0.0000,0.0000,0.0000,0.0000
M:0b1b:0.2976,0.2887,-0.1534,-0.6734,-0.1348,-0.2064,0.2993,0.6014
I:0b1b:0.4822,-0.0427,0.0851,0.1186,-0.4451,0.3920,0.4655,0.0361
F:0.9857@390
A:0.9857@390
T:0b1d:0.6296,-0.1987,0.0256,0.0829,-0.5315,-0.1564,0.2838,-0.3331
C:0b1d:0.0000,0.0000,0.0000,0.0000,0.0000,0.0000,0.0000,0.0000
M:0b1d:0.2970,0.2880,-0.1531,-0.6737,-0.1329,-0.2071,0.2996,0.6020
I:0b1d:0.4822,-0.0427,0.0851,0.1186,-0.4451,0.3920,0.4655,0.0361
F:0.9857@390
A:0.9857@390
T:0b1e:0.6296,-0.1987,0.0256,0.0829,-0.5315,-0.1564,0.2838,-0.3331
C:0b1e:0.0000,0.0000,0.0000,0.0000,0.0000,0.0000,0.0000,0.0000
M:0b1f:0.2965,0.2877,-0.1517,-0.6738,-0.1315,-0.2069,0.2995,0.6025
I:0b1f:0.4822,-0.0427,0.0851,0.1186,-0.4451,0.3920,0.4655,0.0361
F:0.9857@390
A:0.9857@390
T:0b20:0.6296,-0.1987,0.0256,0.0829,-0.5315,-0.1564,0.2838,-0.3331
C:0b21:0.0000,0.0000,0.0000,0.0000,0.0000,0.0000,0.0000,0.0000
M:0b21:0.2955,0.2873,-0.1505,-0.6739,-0.1305,-0.2070,0.2994,0.6028
I:0b21:0.4822,-0.0427,0.0851,0.1186,-0.4451,0.3920,0.4655,0.0361
F:0.9857@390
A:0.9857@390
T:0b22:0.6296,-0.1987,0.0256,0.0829,-0.5315,-0.1564,0.2838,-0.3331
C:0b22:0.0000,0.0000,0.0000,0.0000,0.0000,0.0000,0.0000,0.0000
M:0b22:0.2946,0.2869,-0.1493,-0.6740,-0.1299,-0.2073,0.2994,0.6031
I:0b23:0.4822,-0.0427,0.0851,0.1186,-0.4451,0.3920,0.4655,0.0361
F:0.9847@390
A:0.9847@390
T:0b24:0.6296,-0.1987,0.0256,0.0829,-0.5315,-0.1564,0.2838,-0.3331
C:0b24:0.0000,0.0000,0.0000,0.0000,0.0000,0.0000,0.0000,0.0000
M:0b24:0.2938,0.2865,-0.1483,-0.6742,-0.1293,-0.2078,0.2995,0.6034
I:0b25:0.4822,-0.0427,0.0851,0.1186,-0.4451,0.3920,0.4655,0.0361
F:0.9847@390
A:0.9847@390
T:0b26:0.6296,-0.1987,0.0256,0.0829,-0.5315,-0.1564,0.2838,-0.3331
C:0b26:0.0000,0.0000,0.0000,0.0000,0.0000,0.0000,0.0000,0.0000
M:0b26:0.2932,0.2861,-0.1474,-0.6743,-0.1288,-0.2084,0.2995,0.6037
I:0b27:0.4822,-0.0427,0.0851,0.1186,-0.4451,0.3920,0.4655,0.0361
F:0.9847@390
A:0.9847@390
T:0b28:0.6296,-0.1987,0.0256,0.0829,-0.5315,-0.1564,0.2838,-0.3331
C:0b29:0.0000,0.0000,0.0000,0.0000,0.0000,0.0000,0.0000,0.0000
M:0b29:0.2927,0.2858,-0.1467,-0.6745,-0.1282,-0.2090,0.2996,0.6040
I:0b29:0.4822,-0.0427,0.0851,0.1186,-0.4451,0.3920,0.4655,0.0361
F:0.9847@390
A:0.9847@390
T:0b2a:0.6296,-0.1987,0.0256,0.0829,-0.5315,-0.1564,0.2838,-0.3331
C:0b2a:0.0000,0.0000,0.0000,0.0000,0.0000,0.0000,0.0000,0.0000
M:0b2a:0.2922,0.2855,-0.1461,-0.6747,-0.1275,-0.2096,0.2997,0.6044
I:0b2c:0.4822,-0.0427,0.0851,0.1186,-0.4451,0.3920,0.4655,0.0361
F:0.9847@390
A:0.9847@390
T:0b2d:0.6296,-0.1987,0.0256,0.0829,-0.5315,-0.1564,0.2838,-0.3331
C:0b2e:0.0000,0.0000,0.0000,0.0000,0.0000,0.0000,0.0000,0.0000
M:0b2e:0.2916,0.2851,-0.1460,-0.6750,-0.1262,-0.2106,0.2999,0.6048
I:0b2e:0.4822,-0.0427,0.0851,0.1186,-0.4451,0.3920,0.4655,0.0361
F:0.9843@390
A:0.9843@390
T:0b2f:0.6296,-0.1987,0.0256,0.0829,-0.5315,-0.1564,0.2838,-0.3331
C:0b2f:0.0000,0.0000,0.0000,0.0000,0.0000,0.0000,0.0000,0.0000
M:0b30:0.2911,0.2847,-0.1453,-0.6752,-0.1248,-0.2110,0.3001,0.6053
I:0b30:0.4822,-0.0427,0.0851,0.1186,-0.4451,0.3920,0.4655,0.0361
F:0.9842@390
A:0.9842@390
T:0b31:0.6296,-0.1987,0.0256,0.0829,-0.5315,-0.1564,0.2838,-0.3331
C:0b31:0.0000,0.0000,0.0000,0.0000,0.0000,0.0000,0.0000,0.0000
M:0b31:0.2905,0.2843,-0.1445,-0.6754,-0.1234,-0.2113,0.3001,0.6058
I:0b32:0.4822,-0.0427,0.0851,0.1186,-0.4451,0.3920,0.4655,0.0361
F:0.9842@390
A:0.9842@390
T:0b33:0.6296,-0.1987,0.0256,0.0829,-0.5315,-0.1564,0.2838,-0.3331
C:0b33:0.0000,0.0000,0.0000,0.0000,0.0000,0.0000,0.0000,0.0000
M:0b33:0.2897,0.2839,-0.1435,-0.6756,-0.1223,-0.2115,0.3000,0.6062
I:0b34:0.4822,-0.0427,0.0851,0.1186,-0.4451,0.3920,0.4655,0.0361
F:0.9838@390
A:0.9838@390
T:0b35:0.6296,-0.1987,0.0256,0.0829,-0.5315,-0.1564,0.2838,-0.3331
C:0b35:0.0000,0.0000,0.0000,0.0000,0.0000,0.0000,0.0000,0.0000
M:0b35:0.2888,0.2835,-0.1424,-0.6757,-0.1214,-0.2118,0.3001,0.6065
I:0b35:0.4822,-0.0427,0.0851,0.1186,-0.4451,0.3920,0.4655,0.0361
F:0.9838@390
A:0.9838@390
T:0b37:0.6296,-0.1987,0.0256,0.0829,-0.5315,-0.1564,0.2838,-0.3331
C:0b37:0.0000,0.0000,0.0000,0.0000,0.0000,0.0000,0.0000,0.0000
M:0b37:0.2880,0.2831,-0.1413,-0.6758,-0.1206,-0.2122,0.3001,0.6068
I:0b37:0.4822,-0.0427,0.0851,0.1186,-0.4451,0.3920,0.4655,0.0361
F:0.9838@390
A:0.9838@390
T:0b39:0.6296,-0.1987,0.0256,0.0829,-0.5315,-0.1564,0.2838,-0.3331
C:0b39:0.0000,0.0000,0.0000,0.0000,0.0000,0.0000,0.0000,0.0000
M:0b39:0.2873,0.2827,-0.1404,-0.6760,-0.1199,-0.2127,0.3002,0.6071
I:0b3a:0.4822,-0.0427,0.0851,0.1186,-0.4451,0.3920,0.4655,0.0361
F:0.9832@390
A:0.9832@390
T:0b3c:0.6296,-0.1987,0.0256,0.0829,-0.5315,-0.1564,0.2838,-0.3331
C:0b3c:0.0000,0.0000,0.0000,0.0000,0.0000,0.0000,0.0000,0.0000
M:0b3c:0.2867,0.2824,-0.1395,-0.6761,-0.1193,-0.2132,0.3002,0.6075
I:0b3c:0.4822,-0.0427,0.0851,0.1186,-0.4451,0.3920,0.4655,0.0361
F:0.9828@390
A:0.9828@390
T:0b3d:0.6296,-0.1987,0.0256,0.0829,-0.5315,-0.1564,0.2838,-0.3331
C:0b3d:0.0000,0.0000,0.0000,0.0000,0.0000,0.0000,0.0000,0.0000
M:0b3e:0.2861,0.2820,-0.1387,-0.6763,-0.1186,-0.2138,0.3003,0.6078
I:0b3e:0.4822,-0.0427,0.0851,0.1186,-0.4451,0.3920,0.4655,0.0361
F:0.9828@390
A:0.9828@390
T:0b3f:0.6296,-0.1987,0.0256,0.0829,-0.5315,-0.1564,0.2838,-0.3331
C:0b3f:0.0000,0.0000,0.0000,0.0000,0.0000,0.0000,0.0000,0.0000
M:0b3f:0.2856,0.2817,-0.1381,-0.6765,-0.1178,-0.2143,0.3004,0.6081
I:0b3f:0.4822,-0.0427,0.0851,0.1186,-0.4451,0.3920,0.4655,0.0361
F:0.9828@390
A:0.9828@390
T:0b41:0.6296,-0.1987,0.0256,0.0829,-0.5315,-0.1564,0.2838,-0.3331
C:0b41:0.0000,0.0000,0.0000,0.0000,0.0000,0.0000,0.0000,0.0000
M:0b41:0.2850,0.2814,-0.1374,-0.6767,-0.1169,-0.2148,0.3004,0.6085
I:0b41:0.4822,-0.0427,0.0851,0.1186,-0.4451,0.3920,0.4655,0.0361
F:0.9828@390
A:0.9828@390
T:0b43:0.6296,-0.1987,0.0256,0.0829,-0.5315,-0.1564,0.2838,-0.3331
C:0b43:0.0000,0.0000,0.0000,0.0000,0.0000,0.0000,0.0000,0.0000
M:0b43:0.2844,0.2811,-0.1367,-0.6768,-0.1160,-0.2153,0.3005,0.6088
I:0b43:0.4822,-0.0427,0.0851,0.1186,-0.4451,0.3920,0.4655,0.0361
F:0.9828@390
A:0.9828@390
T:0b45:0.6296,-0.1987,0.0256,0.0829,-0.5315,-0.1564,0.2838,-0.3331
C:0b45:0.0000,0.0000,0.0000,0.0000,0.0000,0.0000,0.0000,0.0000
M:0b45:0.2838,0.2808,-0.1359,-0.6770,-0.1150,-0.2157,0.3006,0.6092
I:0b45:0.4822,-0.0427,0.0851,0.1186,-0.4451,0.3920,0.4655,0.0361
F:0.9828@390
A:0.9828@390
T:0b47:0.6296,-0.1987,0.0256,0.0829,-0.5315,-0.1564,0.2838,-0.3331
C:0b47:0.0000,0.0000,0.0000,0.0000,0.0000,0.0000,0.0000,0.0000
M:0b47:0.2833,0.2806,-0.1348,-0.6771,-0.1144,-0.2158,0.3005,0.6095
I:0b47:0.4822,-0.0427,0.0851,0.1186,-0.4451,0.3920,0.4655,0.0361
F:0.9828@390
A:0.9828@390
T:0b49:0.6296,-0.1987,0.0256,0.0829,-0.5315,-0.1564,0.2838,-0.3331
C:0b49:0.0000,0.0000,0.0000,0.0000,0.0000,0.0000,0.0000,0.0000
M:0b49:0.2825,0.2803,-0.1339,-0.6772,-0.1139,-0.2162,0.3005,0.6097
I:0b49:0.4822,-0.0427,0.0851,0.1186,-0.4451,0.3920,0.4655,0.0361
F:0.9828@390
A:0.9828@390
T:0b4a:0.6296,-0.1987,0.0256,0.0829,-0.5315,-0.1564,0.2838,-0.3331
C:0b4a:0.0000,0.0000,0.0000,0.0000,0.0000,0.0000,0.0000,0.0000
M:0b4a:0.2819,0.2800,-0.1333,-0.6774,-0.1133,-0.2168,0.3006,0.6100
I:0b4a:0.4822,-0.0427,0.0851,0.1186,-0.4451,0.3920,0.4655,0.0361
F:0.9822@390
A:0.9822@390
T:0b4c:0.6296,-0.1987,0.0256,0.0829,-0.5315,-0.1564,0.2838,-0.3331
C:0b4c:0.0000,0.0000,0.0000,0.0000,0.0000,0.0000,0.0000,0.0000
M:0b4c:0.2814,0.2796,-0.1327,-0.6776,-0.1125,-0.2174,0.3007,0.6103
I:0b4d:0.4822,-0.0427,0.0851,0.1186,-0.4451,0.3920,0.4655,0.0361
F:0.9822@390
A:0.9822@390
T:0b4e:0.6296,-0.1987,0.0256,0.0829,-0.5315,-0.1564,0.2838,-0.3331
C:0b4e:0.0000,0.0000,0.0000,0.0000,0.0000,0.0000,0.0000,0.0000
M:0b4e:0.2809,0.2793,-0.1322,-0.6778,-0.1115,-0.2179,0.3008,0.6107
I:0b4f:0.4822,-0.0427,0.0851,0.1186,-0.4451,0.3920,0.4655,0.0361
F:0.9822@390
A:0.9822@390
T:0b50:0.6296,-0.1987,0.0256,0.0829,-0.5315,-0.1564,0.2838,-0.3331
C:0b50:0.0000,0.0000,0.0000,0.0000,0.0000,0.0000,0.0000,0.0000
M:0b50:0.2803,0.2789,-0.1316,-0.6779,-0.1105,-0.2184,0.3009,0.6110
I:0b50:0.4822,-0.0427,0.0851,0.1186,-0.4451,0.3920,0.4655,0.0361
F:0.9822@390
A:0.9822@390
T:0b53:0.6296,-0.1987,0.0256,0.0829,-0.5315,-0.1564,0.2838,-0.3331
C:0b53:0.0000,0.0000,0.0000,0.0000,0.0000,0.0000,0.0000,0.0000
M:0b53:0.2796,0.2783,-0.1313,-0.6782,-0.1089,-0.2192,0.3011,0.6115
I:0b53:0.4822,-0.0427,0.0851,0.1186,-0.4451,0.3920,0.4655,0.0361
F:0.9811@390
A:0.9811@390
T:0b55:0.6296,-0.1987,0.0256,0.0829,-0.5315,-0.1564,0.2838,-0.3331
C:0b56:0.0000,0.0000,0.0000,0.0000,0.0000,0.0000,0.0000,0.0000
M:0b57:0.2790,0.2778,-0.1304,-0.6784,-0.1073,-0.2195,0.3012,0.6119
I:0b57:0.4822,-0.0427,0.0851,0.1186,-0.4451,0.3920,0.4655,0.0361
F:0.9811@390
A:0.9811@390
T:0b58:0.6296,-0.1987,0.0256,0.0829,-0.5315,-0.1564,0.2838,-0.3331
C:0b58:0.0000,0.0000,0.0000,0.0000,0.0000,0.0000,0.0000,0.0000
M:0b58:0.2780,0.2772,-0.1297,-0.6786,-0.1056,-0.2201,0.3013,0.6124
I:0b58:0.4822,-0.0427,0.0851,0.1186,-0.4451,0.3920,0.4655,0.0361
F:0.9802@390
A:0.9802@390
T:0b5a:0.6296,-0.1987,0.0256,0.0829,-0.5315,-0.1564,0.2838,-0.3331
C:0b5a:0.0000,0.0000,0.0000,0.0000,0.0000,0.0000,0.0000,0.0000
M:0b5a:0.2772,0.2766,-0.1285,-0.6788,-0.1040,-0.2203,0.3014,0.6129
I:0b5a:0.4822,-0.0427,0.0851,0.1186,-0.4451,0.3920,0.4655,0.0361
F:0.9802@390
A:0.9802@390
T:0b5c:0.6296,-0.1987,0.0256,0.0829,-0.5315,-0.1564,0.2838,-0.3331
C:0b5c:0.0000,0.0000,0.0000,0.0000,0.0000,0.0000,0.0000,0.0000
M:0b5c:0.2762,0.2761,-0.1270,-0.6789,-0.1029,-0.2204,0.3013,0.6132
I:0b5c:0.4822,-0.0427,0.0851,0.1186,-0.4451,0.3920,0.4655,0.0361
F:0.9802@390
A:0.9802@390
T:0b5e:0.6296,-0.1987,0.0256,0.0829,-0.5315,-0.1564,0.2838,-0.3331
C:0b5e:0.0000,0.0000,0.0000,0.0000,0.0000,0.0000,0.0000,0.0000
M:0b5e:0.2752,0.2757,-0.1254,-0.6790,-0.1022,-0.2207,0.3012,0.6135
I:0b5e:0.4822,-0.0427,0.0851,0.1186,-0.4451,0.3920,0.4655,0.0361
F:0.9802@390
A:0.9802@390
T:0b60:0.6296,-0.1987,0.0256,0.0829,-0.5315,-0.1564,0.2838,-0.3331
C:0b60:0.0000,0.0000,0.0000,0.0000,0.0000,0.0000,0.0000,0.0000
M:0b60:0.2743,0.2753,-0.1240,-0.6791,-0.1018,-0.2211,0.3012,0.6138
I:0b60:0.4822,-0.0427,0.0851,0.1186,-0.4451,0.3920,0.4655,0.0361
F:0.9802@390
A:0.9802@390
T:0b62:0.6296,-0.1987,0.0256,0.0829,-0.5315,-0.1564,0.2838,-0.3331
C:0b62:0.0000,0.0000,0.0000,0.0000,0.0000,0.0000,0.0000,0.0000
M:0b62:0.2737,0.2752,-0.1225,-0.6791,-0.1019,-0.2213,0.3011,0.6140
I:0b62:0.4822,-0.0427,0.0851,0.1186,-0.4451,0.3920,0.4655,0.0361
F:0.9802@390
A:0.9802@390
T:0b63:0.6296,-0.1987,0.0256,0.0829,-0.5315,-0.1564,0.2838,-0.3331
C:0b63:0.0000,0.0000,0.0000,0.0000,0.0000,0.0000,0.0000,0.0000
M:0b63:0.2730,0.2750,-0.1216,-0.6792,-0.1021,-0.2220,0.3011,0.6141
I:0b64:0.4822,-0.0427,0.0851,0.1186,-0.4451,0.3920,0.4655,0.0361
F:0.9802@390
A:0.9802@390
T:0b65:0.6296,-0.1987,0.0256,0.0829,-0.5315,-0.1564,0.2838,-0.3331
C:0b65:0.0000,0.0000,0.0000,0.0000,0.0000,0.0000,0.0000,0.0000
M:0b65:0.2726,0.2748,-0.1211,-0.6794,-0.1019,-0.2228,0.3012,0.6144
I:0b66:0.4822,-0.0427,0.0851,0.1186,-0.4451,0.3920,0.4655,0.0361
F:0.9802@390
A:0.9802@390
T:0b67:0.6296,-0.1987,0.0256,0.0829,-0.5315,-0.1564,0.2838,-0.3331
C:0b67:0.0000,0.0000,0.0000,0.0000,0.0000,0.0000,0.0000,0.0000
M:0b67:0.2723,0.2746,-0.1209,-0.6797,-0.1014,-0.2236,0.3014,0.6147
I:0b67:0.4822,-0.0427,0.0851,0.1186,-0.4451,0.3920,0.4655,0.0361
F:0.9802@390
A:0.9802@390
T:0b69:0.6296,-0.1987,0.0256,0.0829,-0.5315,-0.1564,0.2838,-0.3331
C:0b69:0.0000,0.0000,0.0000,0.0000,0.0000,0.0000,0.0000,0.0000
M:0b69:0.2720,0.2744,-0.1207,-0.6799,-0.1004,-0.2243,0.3015,0.6151
I:0b6a:0.4822,-0.0427,0.0851,0.1186,-0.4451,0.3920,0.4655,0.0361
F:0.9802@390
A:0.9802@390
T:0b6b:0.6296,-0.1987,0.0256,0.0829,-0.5315,-0.1564,0.2838,-0.3331
C:0b6b:0.0000,0.0000,0.0000,0.0000,0.0000,0.0000,0.0000,0.0000
M:0b6b:0.2716,0.2742,-0.1203,-0.6801,-0.0991,-0.2248,0.3016,0.6155
I:0b6b:0.4822,-0.0427,0.0851,0.1186,-0.4451,0.3920,0.4655,0.0361
F:0.9793@390
A:0.9793@390
T:0b6d:0.6296,-0.1987,0.0256,0.0829,-0.5315,-0.1564,0.2838,-0.3331
C:0b6d:0.0000,0.0000,0.0000,0.0000,0.0000,0.0000,0.0000,0.0000
M:0b6d:0.2710,0.2738,-0.1198,-0.6803,-0.0977,-0.2251,0.3016,0.6159
I:0b6e:0.4822,-0.0427,0.0851,0.1186,-0.4451,0.3920,0.4655,0.0361
F:0.9789@390
A:0.9789@390
T:0b6f:0.6296,-0.1987,0.0256,0.0829,-0.5315,-0.1564,0.2838,-0.3331
C:0b6f:0.0000,0.0000,0.0000,0.0000,0.0000,0.0000,0.0000,0.0000
M:0b6f:0.2702,0.2734,-0.1189,-0.6805,-0.0962,-0.2253,0.3017,0.6162
I:0b6f:0.4822,-0.0427,0.0851,0.1186,-0.4451,0.3920,0.4655,0.0361
F:0.9789@390
A:0.9789@390
T:0b70:0.6296,-0.1987,0.0256,0.0829,-0.5315,-0.1564,0.2838,-0.3331
C:0b70:0.0000,0.0000,0.0000,0.0000,0.0000,0.0000,0.0000,0.0000
M:0b70:0.2694,0.2731,-0.1174,-0.6805,-0.0954,-0.2252,0.3016,0.6165
I:0b71:0.4822,-0.0427,0.0851,0.1186,-0.4451,0.3920,0.4655,0.0361
F:0.9784@390
A:0.9784@390
T:0b72:0.6296,-0.1987,0.0256,0.0829,-0.5315,-0.1564,0.2838,-0.3331
C:0b72:0.0000,0.0000,0.0000,0.0000,0.0000,0.0000,0.0000,0.0000
M:0b73:0.2684,0.2727,-0.1162,-0.6806,-0.0948,-0.2255,0.3015,0.6167
I:0b73:0.4822,-0.0427,0.0851,0.1186,-0.4451,0.3920,0.4655,0.0361
F:0.9784@390
A:0.9784@390
T:0b74:0.6296,-0.1987,0.0256,0.0829,-0.5315,-0.1564,0.2838,-0.3331
C:0b74:0.0000,0.0000,0.0000,0.0000,0.0000,0.0000,0.0000,0.0000
M:0b74:0.2676,0.2722,-0.1152,-0.6807,-0.0944,-0.2260,0.3016,0.6169
I:0b75:0.4822,-0.0427,0.0851,0.1186,-0.4451,0.3920,0.4655,0.0361
F:0.9784@390
A:0.9784@390
T:0b76:0.6296,-0.1987,0.0256,0.0829,-0.5315,-0.1564,0.2838,-0.3331
C:0b76:0.0000,0.0000,0.0000,0.0000,0.0000,0.0000,0.0000,0.0000
M:0b76:0.2670,0.2719,-0.1144,-0.6809,-0.0938,-0.2266,0.3017,0.6172
I:0b77:0.4822,-0.0427,0.0851,0.1186,-0.4451,0.3920,0.4655,0.0361
F:0.9784@390
A:0.9784@390
T:0b78:0.6296,-0.1987,0.0256,0.0829,-0.5315,-0.1564,0.2838,-0.3331
C:0b78:0.0000,0.0000,0.0000,0.0000,0.0000,0.0000,0.0000,0.0000
M:0b78:0.2665,0.2715,-0.1137,-0.6810,-0.0931,-0.2272,0.3018,0.6175
I:0b79:0.4822,-0.0427,0.0851,0.1186,-0.4451,0.3920,0.4655,0.0361
F:0.9784@390
A:0.9784@390
T:0b7a:0.6296,-0.1987,0.0256,0.0829,-0.5315,-0.1564,0.2838,-0.3331
C:0b7a:0.0000,0.0000,0.0000,0.0000,0.0000,0.0000,0.0000,0.0000
M:0b7a:0.2660,0.2712,-0.1131,-0.6812,-0.0923,-0.2278,0.3019,0.6178
I:0b7b:0.4822,-0.0427,0.0851,0.1186,-0.4451,0.3920,0.4655,0.0361
F:0.9784@390
A:0.9784@390
T:0b7c:0.6296,-0.1987,0.0256,0.0829,-0.5315,-0.1564,0.2838,-0.3331
C:0b7c:0.0000,0.0000,0.0000,0.0000,0.0000,0.0000,0.0000,0.0000
M:0b7c:0.2654,0.2709,-0.1125,-0.6814,-0.0913,-0.2283,0.3019,0.6182
I:0b7d:0.4822,-0.0427,0.0851,0.1186,-0.4451,0.3920,0.4655,0.0361
F:0.9784@390
A:0.9784@390
T:0b7e:0.6296,-0.1987,0.0256,0.0829,-0.5315,-0.1564,0.2838,-0.3331
C:0b7e:0.0000,0.0000,0.0000,0.0000,0.0000,0.0000,0.0000,0.0000
M:0b7e:0.2648,0.2705,-0.1117,-0.6816,-0.0901,-0.2287,0.3020,0.6185
I:0b7f:0.4822,-0.0427,0.0851,0.1186,-0.4451,0.3920,0.4655,0.0361
F:0.9784@390
A:0.9784@390
T:0b80:0.6296,-0.1987,0.0256,0.0829,-0.5315,-0.1564,0.2838,-0.3331
C:0b80:0.0000,0.0000,0.0000,0.0000,0.0000,0.0000,0.0000,0.0000
M:0b80:0.2641,0.2701,-0.1109,-0.6817,-0.0890,-0.2291,0.3020,0.6189
I:0b80:0.4822,-0.0427,0.0851,0.1186,-0.4451,0.3920,0.4655,0.0361
F:0.9777@390
A:0.9777@390
T:0b82:0.6296,-0.1987,0.0256,0.0829,-0.5315,-0.1564,0.2838,-0.3331
C:0b82:0.0000,0.0000,0.0000,0.0000,0.0000,0.0000,0.0000,0.0000
M:0b82:0.2634,0.2699,-0.1095,-0.6818,-0.0884,-0.2290,0.3019,0.6191
I:0b82:0.4822,-0.0427,0.0851,0.1186,-0.4451,0.3920,0.4655,0.0361
F:0.9769@390
A:0.9769@390
T:0b83:0.6296,-0.1987,0.0256,0.0829,-0.5315,-0.1564,0.2838,-0.3331
C:0b83:0.0000,0.0000,0.0000,0.0000,0.0000,0.0000,0.0000,0.0000
M:0b83:0.2625,0.2696,-0.1084,-0.6819,-0.0879,-0.2294,0.3019,0.6193
I:0b84:0.4822,-0.0427,0.0851,0.1186,-0.4451,0.3920,0.4655,0.0361
F:0.9769@390
A:0.9769@390
T:0b85:0.6296,-0.1987,0.0256,0.0829,-0.5315,-0.1564,0.2838,-0.3331
C:0b85:0.0000,0.0000,0.0000,0.0000,0.0000,0.0000,0.0000,0.0000
M:0b85:0.2618,0.2692,-0.1075,-0.6820,-0.0874,-0.2300,0.3019,0.6196
I:0b85:0.4822,-0.0427,0.0851,0.1186,-0.4451,0.3920,0.4655,0.0361
F:0.9769@390
A:0.9769@390
T:0b87:0.6296,-0.1987,0.0256,0.0829,-0.5315,-0.1564,0.2838,-0.3331
C:0b87:0.0000,0.0000,0.0000,0.0000,0.0000,0.0000,0.0000,0.0000
M:0b87:0.2612,0.2689,-0.1068,-0.6822,-0.0868,-0.2306,0.3021,0.6198
I:0b88:0.4822,-0.0427,0.0851,0.1186,-0.4451,0.3920,0.4655,0.0361
F:0.9764@390
A:0.9764@390
T:0b89:0.6296,-0.1987,0.0256,0.0829,-0.5315,-0.1564,0.2838,-0.3331
C:0b89:0.0000,0.0000,0.0000,0.0000,0.0000,0.0000,0.0000,0.0000
M:0b89:0.2607,0.2685,-0.1062,-0.6823,-0.0860,-0.2312,0.3022,0.6201
I:0b89:0.4822,-0.0427,0.0851,0.1186,-0.4451,0.3920,0.4655,0.0361
F:0.9760@390
A:0.9760@390
T:0b8b:0.6296,-0.1987,0.0256,0.0829,-0.5315,-0.1564,0.2838,-0.3331
C:0b8b:0.0000,0.0000,0.0000,0.0000,0.0000,0.0000,0.0000,0.0000
M:0b8b:0.2601,0.2682,-0.1056,-0.6825,-0.0851,-0.2317,0.3022,0.6205
I:0b8b:0.4822,-0.0427,0.0851,0.1186,-0.4451,0.3920,0.4655,0.0361
F:0.9760@390
A:0.9760@390
T:0b8d:0.6296,-0.1987,0.0256,0.0829,-0.5315,-0.1564,0.2838,-0.3331
C:0b8d:0.0000,0.0000,0.0000,0.0000,0.0000,0.0000,0.0000,0.0000
M:0b8d:0.2595,0.2678,-0.1048,-0.6827,-0.0840,-0.2322,0.3023,0.6208
I:0b8d:0.4822,-0.0427,0.0851,0.1186,-0.4451,0.3920,0.4655,0.0361
F:0.9755@390
A:0.9755@390
T:0b8f:0.6296,-0.1987,0.0256,0.0829,-0.5315,-0.1564,0.2838,-0.3331
C:0b8f:0.0000,0.0000,0.0000,0.0000,0.0000,0.0000,0.0000,0.0000
M:0b8f:0.2590,0.2677,-0.1036,-0.6828,-0.0832,-0.2322,0.3022,0.6211
I:0b90:0.4822,-0.0427,0.0851,0.1186,-0.4451,0.3920,0.4655,0.0361
F:0.9755@390
A:0.9755@390
T:0b91:0.6296,-0.1987,0.0256,0.0829,-0.5315,-0.1564,0.2838,-0.3331
C:0b91:0.0000,0.0000,0.0000,0.0000,0.0000,0.0000,0.0000,0.0000
M:0b92:0.2579,0.2671,-0.1030,-0.6830,-0.0822,-0.2329,0.3023,0.6214
I:0b93:0.4822,-0.0427,0.0851,0.1186,-0.4451,0.3920,0.4655,0.0361
F:0.9755@390
A:0.9755@390
T:0b94:0.6296,-0.1987,0.0256,0.0829,-0.5315,-0.1564,0.2838,-0.3331
C:0b94:0.0000,0.0000,0.0000,0.0000,0.0000,0.0000,0.0000,0.0000
M:0b94:0.2571,0.2665,-0.1026,-0.6832,-0.0807,-0.2338,0.3026,0.6218
I:0b94:0.4822,-0.0427,0.0851,0.1186,-0.4451,0.3920,0.4655,0.0361
F:0.9755@390
A:0.9755@390
T:0b96:0.6296,-0.1987,0.0256,0.0829,-0.5315,-0.1564,0.2838,-0.3331
C:0b96:0.0000,0.0000,0.0000,0.0000,0.0000,0.0000,0.0000,0.0000
M:0b96:0.2565,0.2659,-0.1016,-0.6834,-0.0791,-0.2341,0.3027,0.6222
I:0b97:0.4822,-0.0427,0.0851,0.1186,-0.4451,0.3920,0.4655,0.0361
F:0.9747@390
A:0.9747@390
T:0b98:0.6296,-0.1987,0.0256,0.0829,-0.5315,-0.1564,0.2838,-0.3331
C:0b98:0.0000,0.0000,0.0000,0.0000,0.0000,0.0000,0.0000,0.0000
M:0b98:0.2557,0.2654,-0.1003,-0.6835,-0.0777,-0.2344,0.3026,0.6226
I:0b99:0.4822,-0.0427,0.0851,0.1186,-0.4451,0.3920,0.4655,0.0361
F:0.9747@390
A:0.9747@390
T:0b9a:0.6296,-0.1987,0.0256,0.0829,-0.5315,-0.1564,0.2838,-0.3331
C:0b9a:0.0000,0.0000,0.0000,0.0000,0.0000,0.0000,0.0000,0.0000
M:0b9b:0.2546,0.2650,-0.0987,-0.6836,-0.0767,-0.2345,0.3025,0.6229
I:0b9b:0.4822,-0.0427,0.0851,0.1186,-0.4451,0.3920,0.4655,0.0361
F:0.9742@390
A:0.9742@390
T:0b9c:0.6296,-0.1987,0.0256,0.0829,-0.5315,-0.1564,0.2838,-0.3331
C:0b9c:0.0000,0.0000,0.0000,0.0000,0.0000,0.0000,0.0000,0.0000
M:0b9c:0.2536,0.2646,-0.0972,-0.6837,-0.0761,-0.2348,0.3025,0.6232
I:0b9c:0.4822,-0.0427,0.0851,0.1186,-0.4451,0.3920,0.4655,0.0361
F:0.9742@390
A:0.9742@390
T:0b9e:0.6296,-0.1987,0.0256,0.0829,-0.5315,-0.1564,0.2838,-0.3331
C:0b9e:0.0000,0.0000,0.0000,0.0000,0.0000,0.0000,0.0000,0.0000
M:0b9e:0.2528,0.2644,-0.0953,-0.6837,-0.0761,-0.2349,0.3023,0.6233
I:0b9f:0.4822,-0.0427,0.0851,0.1186,-0.4451,0.3920,0.4655,0.0361
F:0.9742@390
A:0.9742@390
T:0ba0:0.6296,-0.1987,0.0256,0.0829,-0.5315,-0.1564,0.2838,-0.3331
C:0ba0:0.0000,0.0000,0.0000,0.0000,0.0000,0.0000,0.0000,0.0000
M:0ba0:0.2518,0.2640,-0.0945,-0.6839,-0.0760,-0.2359,0.3024,0.6235
I:0ba0:0.4822,-0.0427,0.0851,0.1186,-0.4451,0.3920,0.4655,0.0361
F:0.9742@390
A:0.9742@390
T:0ba2:0.6296,-0.1987,0.0256,0.0829,-0.5315,-0.1564,0.2838,-0.3331
C:0ba2:0.0000,0.0000,0.0000,0.0000,0.0000,0.0000,0.0000,0.0000
M:0ba2:0.2513,0.2637,-0.0938,-0.6841,-0.0756,-0.2367,0.3026,0.6238
I:0ba3:0.4822,-0.0427,0.0851,0.1186,-0.4451,0.3920,0.4655,0.0361
F:0.9742@390
A:0.9742@390
T:0ba4:0.6296,-0.1987,0.0256,0.0829,-0.5315,-0.1564,0.2838,-0.3331
C:0ba4:0.0000,0.0000,0.0000,0.0000,0.0000,0.0000,0.0000,0.0000
M:0ba4:0.2510,0.2635,-0.0932,-0.6843,-0.0750,-0.2374,0.3027,0.6241
I:0ba5:0.4822,-0.0427,0.0851,0.1186,-0.4451,0.3920,0.4655,0.0361
F:0.9742@390
A:0.9742@390
T:0ba6:0.6296,-0.1987,0.0256,0.0829,-0.5315,-0.1564,0.2838,-0.3331
C:0ba6:0.0000,0.0000,0.0000,0.0000,0.0000,0.0000,0.0000,0.0000
M:0ba6:0.2505,0.2632,-0.0927,-0.6845,-0.0741,-0.2380,0.3027,0.6245
I:0ba6:0.4822,-0.0427,0.0851,0.1186,-0.4451,0.3920,0.4655,0.0361
F:0.9742@390
A:0.9742@390
T:0ba8:0.6296,-0.1987,0.0256,0.0829,-0.5315,-0.1564,0.2838,-0.3331
C:0ba8:0.0000,0.0000,0.0000,0.0000,0.0000,0.0000,0.0000,0.0000
M:0ba8:0.2500,0.2630,-0.0920,-0.6847,-0.0730,-0.2384,0.3027,0.6248
I:0ba8:0.4822,-0.0427,0.0851,0.1186,-0.4451,0.3920,0.4655,0.0361
F:0.9737@390
A:0.9737@390
T:0ba9:0.6296,-0.1987,0.0256,0.0829,-0.5315,-0.1564,0.2838,-0.3331
C:0ba9:0.0000,0.0000,0.0000,0.0000,0.0000,0.0000,0.0000,0.0000
M:0baa:0.2494,0.2629,-0.0908,-0.6848,-0.0722,-0.2384,0.3026,0.6251
I:0baa:0.4822,-0.0427,0.0851,0.1186,-0.4451,0.3920,0.4655,0.0361
F:0.9737@390
A:0.9737@390
T:0bab:0.6296,-0.1987,0.0256,0.0829,-0.5315,-0.1564,0.2838,-0.3331
C:0bab:0.0000,0.0000,0.0000,0.0000,0.0000,0.0000,0.0000,0.0000
M:0bab:0.2485,0.2626,-0.0897,-0.6849,-0.0716,-0.2388,0.3026,0.6253
I:0bac:0.4822,-0.0427,0.0851,0.1186,-0.4451,0.3920,0.4655,0.0361
F:0.9731@390
A:0.9731@390
T:0bad:0.6296,-0.1987,0.0256,0.0829,-0.5315,-0.1564,0.2838,-0.3331
C:0bad:0.0000,0.0000,0.0000,0.0000,0.0000,0.0000,0.0000,0.0000
M:0bad:0.2476,0.2622,-0.0888,-0.6850,-0.0709,-0.2392,0.3026,0.6255
I:0bae:0.4822,-0.0427,0.0851,0.1186,-0.4451,0.3920,0.4655,0.0361
F:0.9731@390
A:0.9731@390
T:0baf:0.6296,-0.1987,0.0256,0.0829,-0.5315,-0.1564,0.2838,-0.3331
C:0baf:0.0000,0.0000,0.0000,0.0000,0.0000,0.0000,0.0000,0.0000
M:0baf:0.2469,0.2618,-0.0879,-0.6852,-0.0702,-0.2398,0.3027,0.6258
I:0baf:0.4822,-0.0427,0.0851,0.1186,-0.4451,0.3920,0.4655,0.0361
F:0.9731@390
A:0.9731@390
T:0bb0:0.6296,-0.1987,0.0256,0.0829,-0.5315,-0.1564,0.2838,-0.3331
C:0bb0:0.0000,0.0000,0.0000,0.0000,0.0000,0.0000,0.0000,0.0000
M:0bb1:0.2465,0.2616,-0.0867,-0.6853,-0.0699,-0.2399,0.3027,0.6260
I:0bb1:0.4822,-0.0427,0.0851,0.1186,-0.4451,0.3920,0.4655,0.0361
F:0.9723@390
A:0.9723@390
T:0bb2:0.6296,-0.1987,0.0256,0.0829,-0.5315,-0.1564,0.2838,-0.3331
C:0bb2:0.0000,0.0000,0.0000,0.0000,0.0000,0.0000,0.0000,0.0000
M:0bb2:0.2457,0.2614,-0.0859,-0.6854,-0.0695,-0.2405,0.3027,0.6262
I:0bb2:0.4822,-0.0427,0.0851,0.1186,-0.4451,0.3920,0.4655,0.0361
F:0.9718@390
A:0.9718@390
T:0bb4:0.6296,-0.1987,0.0256,0.0829,-0.5315,-0.1564,0.2838,-0.3331
C:0bb4:0.0000,0.0000,0.0000,0.0000,0.0000,0.0000,0.0000,0.0000
M:0bb4:0.2451,0.2611,-0.0853,-0.6855,-0.0690,-0.2411,0.3028,0.6265
I:0bb5:0.4822,-0.0427,0.0851,0.1186,-0.4451,0.3920,0.4655,0.0361
F:0.9718@390
A:0.9718@390
T:0bb6:0.6296,-0.1987,0.0256,0.0829,-0.5315,-0.1564,0.2838,-0.3331
C:0bb6:0.0000,0.0000,0.0000,0.0000,0.0000,0.0000,0.0000,0.0000
M:0bb6:0.2446,0.2608,-0.0847,-0.6857,-0.0681,-0.2417,0.3029,0.6268
I:0bb6:0.4822,-0.0427,0.0851,0.1186,-0.4451,0.3920,0.4655,0.0361
F:0.9718@390
A:0.9718@390
{
  "exo_version": "0.12",
  "last_tick": 3000,
  "attractor": {
    "events": 1,
    "sim_mean": 0.9718
  },
  "memory": {
    "unique_patterns": 3,
    "familiarity_mean": 0.9718
  },
  "path_dependency_index": 1.9150,
  "sedimentation": true
}

T:0bb8:0.6296,-0.1987,0.0256,0.0829,-0.5315,-0.1564,0.2838,-0.3331
C:0bb8:0.0000,0.0000,0.0000,0.0000,0.0000,0.0000,0.0000,0.0000
M:0bb8:0.2442,0.2606,-0.0837,-0.6859,-0.0674,-0.2418,0.3028,0.6270
I:0bb8:0.4822,-0.0427,0.0851,0.1186,-0.4451,0.3920,0.4655,0.0361
F:0.9718@390
A:0.9718@390
T:0bba:0.6296,-0.1987,0.0256,0.0829,-0.5315,-0.1564,0.2838,-0.3331
C:0bbb:0.0000,0.0000,0.0000,0.0000,0.0000,0.0000,0.0000,0.0000
M:0bbb:0.3514,0.3949,0.2041,-0.5971,-0.2867,0.1247,0.0805,0.5432
I:0bbb:0.4822,-0.0427,0.0851,0.1186,-0.4451,0.3920,0.4655,0.0361
F:0.9503@390
A:0.9503@390
T:0bbc:0.6296,-0.1987,0.0256,0.0829,-0.5315,-0.1564,0.2838,-0.3331
C:0bbc:0.0000,0.0000,0.0000,0.0000,0.0000,0.0000,0.0000,0.0000
M:0bbc:0.2378,0.4463,0.2740,-0.5113,-0.4337,0.2191,0.0161,0.2463
I:0bbc:0.4822,-0.0427,0.0851,0.1186,-0.4451,0.3920,0.4655,0.0361
F:0.9031@390
A:0.9031@390
T:0bbe:0.6296,-0.1987,0.0256,0.0829,-0.5315,-0.1564,0.2838,-0.3331
C:0bbe:0.0000,0.0000,0.0000,0.0000,0.0000,0.0000,0.0000,0.0000
M:0bbe:0.1187,0.4196,0.2060,-0.4133,-0.4979,0.1391,0.0534,-0.0596
I:0bbf:0.4822,-0.0427,0.0851,0.1186,-0.4451,0.3920,0.4655,0.0361
F:0.9309@1010
A:0.9309@1010
T:0bc0:0.6296,-0.1987,0.0256,0.0829,-0.5315,-0.1564,0.2838,-0.3331
C:0bc0:0.0000,0.0000,0.0000,0.0000,0.0000,0.0000,0.0000,0.0000
M:0bc0:0.1327,0.3228,0.0337,-0.3071,-0.4899,-0.0144,0.0894,-0.2317
I:0bc0:0.4823,-0.0426,0.0851,0.1187,-0.4452,0.3919,0.4655,0.0361
F:0.9828@1010
A:0.9828@1010
T:0bc2:0.6296,-0.1987,0.0256,0.0829,-0.5315,-0.1564,0.2838,-0.3331
C:0bc2:0.0000,0.0000,0.0000,0.0000,0.0000,0.0000,0.0000,0.0000
M:0bc2:0.2150,0.1988,-0.1434,-0.2526,-0.3956,-0.1239,0.0957,-0.2677
I:0bc3:0.4823,-0.0426,0.0852,0.1187,-0.4452,0.3920,0.4655,0.0360
F:1.0000@1010
A:1.0000@1010
T:0bc4:0.6296,-0.1987,0.0256,0.0829,-0.5315,-0.1564,0.2838,-0.3331
C:0bc4:0.0000,0.0000,0.0000,0.0000,0.0000,0.0000,0.0000,0.0000
M:0bc4:0.2889,0.1039,-0.2639,-0.2514,-0.1942,-0.1548,0.0888,-0.1904
I:0bc5:0.4824,-0.0426,0.0853,0.1188,-0.4452,0.3920,0.4655,0.0360
F:0.9827@1010
A:0.9827@1010
T:0bc6:0.6296,-0.1987,0.0256,0.0829,-0.5315,-0.1564,0.2838,-0.3331
C:0bc6:0.0000,0.0000,0.0000,0.0000,0.0000,0.0000,0.0000,0.0000
M:0bc6:0.3165,0.0598,-0.3003,-0.2592,0.0152,-0.0714,0.0639,-0.0362
I:0bc6:0.4824,-0.0426,0.0853,0.1188,-0.4453,0.3920,0.4655,0.0360
F:0.9346@1010
A:0.9346@1010
T:0bc8:0.6296,-0.1987,0.0256,0.0829,-0.5315,-0.1564,0.2838,-0.3331
C:0bc8:0.0000,0.0000,0.0000,0.0000,0.0000,0.0000,0.0000,0.0000
M:0bc8:0.2795,0.0383,-0.2597,-0.2532,0.1345,0.0562,0.0513,0.0766
I:0bc8:0.4824,-0.0426,0.0853,0.1189,-0.4453,0.3920,0.4655,0.0359
F:0.9380@20
A:0.9380@20
T:0bca:0.6296,-0.1987,0.0256,0.0829,-0.5315,-0.1564,0.2838,-0.3331
C:0bca:0.0000,0.0000,0.0000,0.0000,0.0000,0.0000,0.0000,0.0000
M:0bca:0.2012,-0.0023,-0.1854,-0.2196,0.1608,0.1354,0.0670,0.1156
I:0bcb:0.4811,-0.0396,0.0872,0.1179,-0.4453,0.3944,0.4646,0.0360
F:0.9362@20
A:0.9362@20
T:0bcc:0.6296,-0.1987,0.0256,0.0829,-0.5315,-0.1564,0.2838,-0.3331
C:0bcc:0.0000,0.0000,0.0000,0.0000,0.0000,0.0000,0.0000,0.0000
M:0bcc:0.1517,-0.0622,-0.1253,-0.1616,0.1206,0.1496,0.0915,0.1126
I:0bcd:0.4800,-0.0381,0.0880,0.1179,-0.4449,0.3964,0.4635,0.0360
F:0.9356@20
A:0.9356@20
T:0bce:0.6296,-0.1987,0.0256,0.0829,-0.5315,-0.1564,0.2838,-0.3331
C:0bce:0.0000,0.0000,0.0000,0.0000,0.0000,0.0000,0.0000,0.0000
M:0bce:0.1613,-0.1194,-0.1230,-0.1084,0.0608,0.1011,0.1063,0.1141
I:0bce:0.4792,-0.0378,0.0879,0.1184,-0.4444,0.3976,0.4624,0.0359
F:0.9385@20
A:0.9385@20
T:0bd0:0.6296,-0.1987,0.0256,0.0829,-0.5315,-0.1564,0.2838,-0.3331
C:0bd0:0.0000,0.0000,0.0000,0.0000,0.0000,0.0000,0.0000,0.0000
M:0bd0:0.2118,-0.1484,-0.1627,-0.1085,0.0366,0.0314,0.1070,0.1547
I:0bd1:0.4786,-0.0382,0.0874,0.1190,-0.4439,0.3980,0.4616,0.0357
F:0.9442@20
A:0.9442@20
T:0bd2:0.6296,-0.1987,0.0256,0.0829,-0.5315,-0.1564,0.2838,-0.3331
C:0bd2:0.0000,0.0000,0.0000,0.0000,0.0000,0.0000,0.0000,0.0000
M:0bd2:0.2655,-0.1249,-0.1888,-0.1625,0.0450,0.0188,0.0978,0.2209
I:0bd2:0.4783,-0.0390,0.0866,0.1194,-0.4434,0.3979,0.4610,0.0355
F:0.9488@20
A:0.9488@20
T:0bd4:0.6296,-0.1987,0.0256,0.0829,-0.5315,-0.1564,0.2838,-0.3331
C:0bd4:0.0000,0.0000,0.0000,0.0000,0.0000,0.0000,0.0000,0.0000
M:0bd4:0.2897,-0.0534,-0.1786,-0.2244,0.0350,0.0617,0.0925,0.2692
I:0bd5:0.4782,-0.0398,0.0857,0.1196,-0.4431,0.3975,0.4607,0.0353
F:0.9514@20
A:0.9514@20
T:0bd6:0.6296,-0.1987,0.0256,0.0829,-0.5315,-0.1564,0.2838,-0.3331
C:0bd6:0.0000,0.0000,0.0000,0.0000,0.0000,0.0000,0.0000,0.0000
M:0bd6:0.2807,0.0184,-0.1515,-0.2664,-0.0254,0.1010,0.0987,0.2769
I:0bd7:0.4783,-0.0404,0.0851,0.1196,-0.4429,0.3971,0.4607,0.0353
F:0.9499@20
A:0.9499@20
T:0bd8:0.6296,-0.1987,0.0256,0.0829,-0.5315,-0.1564,0.2838,-0.3331
C:0bd8:0.0000,0.0000,0.0000,0.0000,0.0000,0.0000,0.0000,0.0000
M:0bd8:0.2689,0.0673,-0.1418,-0.2929,-0.1087,0.1028,0.1184,0.2511
I:0bd8:0.4785,-0.0407,0.0847,0.1194,-0.4428,0.3966,0.4608,0.0352
F:0.9484@20
A:0.9484@20
T:0bda:0.6296,-0.1987,0.0256,0.0829,-0.5315,-0.1564,0.2838,-0.3331
C:0bda:0.0000,0.0000,0.0000,0.0000,0.0000,0.0000,0.0000,0.0000
M:0bda:0.2788,0.0969,-0.1616,-0.3144,-0.1779,0.0696,0.1414,0.2189
I:0bda:0.4788,-0.0408,0.0846,0.1191,-0.4428,0.3963,0.4610,0.0353
F:0.9541@390
A:0.9541@390
T:0bdd:0.6296,-0.1987,0.0256,0.0829,-0.5315,-0.1564,0.2838,-0.3331
C:0bdd:0.0000,0.0000,0.0000,0.0000,0.0000,0.0000,0.0000,0.0000
M:0bdd:0.3062,0.1204,-0.1981,-0.3386,-0.2156,0.0282,0.1571,0.2069
I:0bde:0.4801,-0.0438,0.0827,0.1199,-0.4428,0.3937,0.4621,0.0352
F:0.9627@390
A:0.9627@390
T:0bdf:0.6296,-0.1987,0.0256,0.0829,-0.5315,-0.1564,0.2838,-0.3331
C:0bdf:0.0000,0.0000,0.0000,0.0000,0.0000,0.0000,0.0000,0.0000
M:0bdf:0.3353,0.1481,-0.2302,-0.3663,-0.2268,0.0089,0.1635,0.2175
I:0be0:0.4813,-0.0452,0.0820,0.1197,-0.4432,0.3917,0.4634,0.0353
F:0.9699@390
A:0.9699@390
T:0be1:0.6296,-0.1987,0.0256,0.0829,-0.5315,-0.1564,0.2838,-0.3331
C:0be1:0.0000,0.0000,0.0000,0.0000,0.0000,0.0000,0.0000,0.0000
M:0be1:0.3538,0.1777,-0.2486,-0.3917,-0.2285,0.0147,0.1661,0.2338
I:0be1:0.4822,-0.0453,0.0823,0.1190,-0.4438,0.3906,0.4645,0.0355
F:0.9756@390
A:0.9756@390
T:0be2:0.6296,-0.1987,0.0256,0.0829,-0.5315,-0.1564,0.2838,-0.3331
C:0be3:0.0000,0.0000,0.0000,0.0000,0.0000,0.0000,0.0000,0.0000
M:0be3:0.3601,0.2016,-0.2565,-0.4103,-0.2330,0.0286,0.1705,0.2425
I:0be3:0.4828,-0.0447,0.0830,0.1183,-0.4443,0.3902,0.4654,0.0358
F:0.9794@390
A:0.9794@390
T:0be4:0.6296,-0.1987,0.0256,0.0829,-0.5315,-0.1564,0.2838,-0.3331
C:0be4:0.0000,0.0000,0.0000,0.0000,0.0000,0.0000,0.0000,0.0000
M:0be4:0.3602,0.2157,-0.2615,-0.4219,-0.2415,0.0357,0.1780,0.2424
I:0be4:0.4830,-0.0437,0.0839,0.1178,-0.4448,0.3905,0.4659,0.0360
F:0.9800@390
A:0.9800@390
T:0be6:0.6296,-0.1987,0.0256,0.0829,-0.5315,-0.1564,0.2838,-0.3331
C:0be6:0.0000,0.0000,0.0000,0.0000,0.0000,0.0000,0.0000,0.0000
M:0be6:0.3610,0.2223,-0.2673,-0.4288,-0.2502,0.0341,0.1860,0.2398
I:0be6:0.4830,-0.0427,0.0849,0.1176,-0.4451,0.3910,0.4662,0.0361
F:0.9799@390
A:0.9799@390
T:0be7:0.6296,-0.1987,0.0256,0.0829,-0.5315,-0.1564,0.2838,-0.3331
C:0be7:0.0000,0.0000,0.0000,0.0000,0.0000,0.0000,0.0000,0.0000
M:0be7:0.3649,0.2256,-0.2738,-0.4337,-0.2560,0.0290,0.1918,0.2397
I:0be7:0.4829,-0.0420,0.0855,0.1177,-0.4453,0.3916,0.4662,0.0362
F:0.9810@390
A:0.9810@390
T:0be9:0.6296,-0.1987,0.0256,0.0829,-0.5315,-0.1564,0.2838,-0.3331
C:0be9:0.0000,0.0000,0.0000,0.0000,0.0000,0.0000,0.0000,0.0000
M:0be9:0.3700,0.2287,-0.2797,-0.4382,-0.2588,0.0253,0.1950,0.2432
I:0be9:0.4826,-0.0417,0.0859,0.1179,-0.4454,0.3921,0.4660,0.0362
F:0.9818@390
A:0.9818@390
T:0beb:0.6296,-0.1987,0.0256,0.0829,-0.5315,-0.1564,0.2838,-0.3331
C:0beb:0.0000,0.0000,0.0000,0.0000,0.0000,0.0000,0.0000,0.0000
M:0beb:0.3742,0.2322,-0.2840,-0.4427,-0.2597,0.0239,0.1968,0.2486
I:0bec:0.4824,-0.0417,0.0860,0.1183,-0.4454,0.3924,0.4658,0.0362
F:0.9825@390
A:0.9825@390
T:0bed:0.6296,-0.1987,0.0256,0.0829,-0.5315,-0.1564,0.2838,-0.3331
C:0bed:0.0000,0.0000,0.0000,0.0000,0.0000,0.0000,0.0000,0.0000
M:0bed:0.3767,0.2359,-0.2866,-0.4472,-0.2603,0.0241,0.1985,0.2542
I:0bed:0.4821,-0.0419,0.0858,0.1186,-0.4453,0.3925,0.4656,0.0361
F:0.9834@390
A:0.9834@390
T:0bef:0.6296,-0.1987,0.0256,0.0829,-0.5315,-0.1564,0.2838,-0.3331
C:0bef:0.0000,0.0000,0.0000,0.0000,0.0000,0.0000,0.0000,0.0000
M:0bf0:0.3782,0.2394,-0.2876,-0.4510,-0.2617,0.0253,0.2001,0.2588
I:0bf0:0.4820,-0.0423,0.0855,0.1188,-0.4452,0.3925,0.4654,0.0361
F:0.9840@390
A:0.9840@390
T:0bf1:0.6296,-0.1987,0.0256,0.0829,-0.5315,-0.1564,0.2838,-0.3331
C:0bf1:0.0000,0.0000,0.0000,0.0000,0.0000,0.0000,0.0000,0.0000
M:0bf2:0.3790,0.2424,-0.2880,-0.4542,-0.2642,0.0258,0.2019,0.2620
I:0bf2:0.4820,-0.0426,0.0852,0.1190,-0.4451,0.3923,0.4653,0.0360
F:0.9851@390
A:0.9851@390
T:0bf3:0.6296,-0.1987,0.0256,0.0829,-0.5315,-0.1564,0.2838,-0.3331
C:0bf3:0.0000,0.0000,0.0000,0.0000,0.0000,0.0000,0.0000,0.0000
M:0bf3:0.3798,0.2449,-0.2884,-0.4570,-0.2670,0.0252,0.2036,0.2645
I:0bf4:0.4820,-0.0429,0.0850,0.1190,-0.4451,0.3921,0.4653,0.0360
F:0.9851@390
A:0.9851@390
T:0bf5:0.6296,-0.1987,0.0256,0.0829,-0.5315,-0.1564,0.2838,-0.3331
C:0bf5:0.0000,0.0000,0.0000,0.0000,0.0000,0.0000,0.0000,0.0000
M:0bf5:0.3808,0.2471,-0.2890,-0.4595,-0.2696,0.0239,0.2050,0.2668
I:0bf5:0.4820,-0.0430,0.0848,0.1189,-0.4450,0.3920,0.4653,0.0360
F:0.9851@390
A:0.9851@390
T:0bf6:0.6296,-0.1987,0.0256,0.0829,-0.5315,-0.1564,0.2838,-0.3331
C:0bf6:0.0000,0.0000,0.0000,0.0000,0.0000,0.0000,0.0000,0.0000
M:0bf6:0.3821,0.2496,-0.2892,-0.4618,-0.2721,0.0233,0.2060,0.2690
I:0bf6:0.4821,-0.0431,0.0848,0.1188,-0.4450,0.3918,0.4654,0.0361
F:0.9856@390
A:0.9856@390
T:0bf8:0.6296,-0.1987,0.0256,0.0829,-0.5315,-0.1564,0.2838,-0.3331
C:0bf8:0.0000,0.0000,0.0000,0.0000,0.0000,0.0000,0.0000,0.0000
M:0bf8:0.3831,0.2520,-0.2895,-0.4639,-0.2745,0.0228,0.2067,0.2707
I:0bf8:0.4822,-0.0430,0.0848,0.1187,-0.4451,0.3918,0.4655,0.0361
F:0.9866@390
A:0.9866@390
T:0bf9:0.6296,-0.1987,0.0256,0.0829,-0.5315,-0.1564,0.2838,-0.3331
C:0bf9:0.0000,0.0000,0.0000,0.0000,0.0000,0.0000,0.0000,0.0000
M:0bf9:0.3838,0.2540,-0.2900,-0.4659,-0.2764,0.0216,0.2075,0.2723
I:0bf9:0.4822,-0.0429,0.0849,0.1186,-0.4451,0.3918,0.4655,0.0361
F:0.9863@390
A:0.9863@390
T:0bfb:0.6296,-0.1987,0.0256,0.0829,-0.5315,-0.1564,0.2838,-0.3331
C:0bfb:0.0000,0.0000,0.0000,0.0000,0.0000,0.0000,0.0000,0.0000
M:0bfb:0.3845,0.2558,-0.2905,-0.4679,-0.2778,0.0206,0.2083,0.2740
I:0bfb:0.4822,-0.0428,0.0850,0.1185,-0.4451,0.3918,0.4655,0.0361
F:0.9863@390
A:0.9863@390
T:0bfd:0.6296,-0.1987,0.0256,0.0829,-0.5315,-0.1564,0.2838,-0.3331
C:0bfd:0.0000,0.0000,0.0000,0.0000,0.0000,0.0000,0.0000,0.0000
M:0bfd:0.3851,0.2575,-0.2908,-0.4698,-0.2790,0.0198,0.2090,0.2758
I:0bfd:0.4822,-0.0427,0.0851,0.1185,-0.4451,0.3919,0.4656,0.0361
F:0.9867@390
A:0.9867@390
T:0bff:0.6296,-0.1987,0.0256,0.0829,-0.5315,-0.1564,0.2838,-0.3331
C:0bff:0.0000,0.0000,0.0000,0.0000,0.0000,0.0000,0.0000,0.0000
M:0bff:0.3855,0.2591,-0.2908,-0.4717,-0.2800,0.0192,0.2097,0.2776
I:0c00:0.4822,-0.0426,0.0851,0.1185,-0.4451,0.3919,0.4656,0.0361
F:0.9871@390
A:0.9871@390
T:0c01:0.6296,-0.1987,0.0256,0.0829,-0.5315,-0.1564,0.2838,-0.3331
C:0c01:0.0000,0.0000,0.0000,0.0000,0.0000,0.0000,0.0000,0.0000
M:0c01:0.3859,0.2605,-0.2908,-0.4734,-0.2810,0.0186,0.2104,0.2794
I:0c02:0.4822,-0.0426,0.0852,0.1185,-0.4452,0.3920,0.4655,0.0361
F:0.9875@390
A:0.9875@390
T:0c03:0.6296,-0.1987,0.0256,0.0829,-0.5315,-0.1564,0.2838,-0.3331
C:0c03:0.0000,0.0000,0.0000,0.0000,0.0000,0.0000,0.0000,0.0000
M:0c03:0.3862,0.2618,-0.2907,-0.4750,-0.2820,0.0179,0.2111,0.2811
I:0c04:0.4822,-0.0426,0.0852,0.1186,-0.4451,0.3920,0.4655,0.0361
F:0.9882@390
A:0.9882@390
T:0c05:0.6296,-0.1987,0.0256,0.0829,-0.5315,-0.1564,0.2838,-0.3331
C:0c05:0.0000,0.0000,0.0000,0.0000,0.0000,0.0000,0.0000,0.0000
M:0c05:0.3864,0.2631,-0.2906,-0.4766,-0.2829,0.0172,0.2117,0.2828
I:0c05:0.4822,-0.0426,0.0851,0.1186,-0.4451,0.3920,0.4655,0.0361
F:0.9882@390
A:0.9882@390
T:0c07:0.6296,-0.1987,0.0256,0.0829,-0.5315,-0.1564,0.2838,-0.3331
C:0c07:0.0000,0.0000,0.0000,0.0000,0.0000,0.0000,0.0000,0.0000
M:0c07:0.3867,0.2643,-0.2904,-0.4781,-0.2839,0.0165,0.2123,0.2844
I:0c07:0.4822,-0.0427,0.0851,0.1186,-0.4451,0.3920,0.4655,0.0361
F:0.9882@390
A:0.9882@390
T:0c09:0.6296,-0.1987,0.0256,0.0829,-0.5315,-0.1564,0.2838,-0.3331
C:0c09:0.0000,0.0000,0.0000,0.0000,0.0000,0.0000,0.0000,0.0000
M:0c09:0.3871,0.2656,-0.2900,-0.4794,-0.2850,0.0164,0.2127,0.2859
I:0c09:0.4822,-0.0427,0.0851,0.1186,-0.4451,0.3920,0.4655,0.0361
F:0.9882@390
A:0.9882@390
T:0c0b:0.6296,-0.1987,0.0256,0.0829,-0.5315,-0.1564,0.2838,-0.3331
C:0c0b:0.0000,0.0000,0.0000,0.0000,0.0000,0.0000,0.0000,0.0000
M:0c0b:0.3871,0.2665,-0.2902,-0.4809,-0.2858,0.0149,0.2134,0.2873
I:0c0b:0.4822,-0.0427,0.0851,0.1186,-0.4451,0.3920,0.4655,0.0361
F:0.9886@390
A:0.9886@390
T:0c0d:0.6296,-0.1987,0.0256,0.0829,-0.5315,-0.1564,0.2838,-0.3331
C:0c0d:0.0000,0.0000,0.0000,0.0000,0.0000,0.0000,0.0000,0.0000
M:0c0d:0.3874,0.2676,-0.2901,-0.4824,-0.2864,0.0141,0.2140,0.2891
I:0c0d:0.4822,-0.0427,0.0850,0.1186,-0.4451,0.3920,0.4655,0.0361
F:0.9886@390
A:0.9886@390
T:0c0f:0.6296,-0.1987,0.0256,0.0829,-0.5315,-0.1564,0.2838,-0.3331
C:0c0f:0.0000,0.0000,0.0000,0.0000,0.0000,0.0000,0.0000,0.0000
M:0c10:0.3877,0.2687,-0.2898,-0.4839,-0.2871,0.0136,0.2145,0.2910
I:0c10:0.4822,-0.0427,0.0850,0.1186,-0.4451,0.3919,0.4655,0.0361
F:0.9895@390
A:0.9895@390
T:0c11:0.6296,-0.1987,0.0256,0.0829,-0.5315,-0.1564,0.2838,-0.3331
C:0c11:0.0000,0.0000,0.0000,0.0000,0.0000,0.0000,0.0000,0.0000
M:0c11:0.3879,0.2698,-0.2895,-0.4853,-0.2879,0.0131,0.2150,0.2927
I:0c12:0.4822,-0.0427,0.0850,0.1186,-0.4451,0.3919,0.4655,0.0361
F:0.9895@390
A:0.9895@390
T:0c14:0.6296,-0.1987,0.0256,0.0829,-0.5315,-0.1564,0.2838,-0.3331
C:0c14:0.0000,0.0000,0.0000,0.0000,0.0000,0.0000,0.0000,0.0000
M:0c14:0.3879,0.2707,-0.2895,-0.4868,-0.2885,0.0118,0.2157,0.2944
I:0c14:0.4822,-0.0427,0.0851,0.1186,-0.4451,0.3919,0.4655,0.0361
F:0.9897@390
A:0.9897@390
T:0c16:0.6296,-0.1987,0.0256,0.0829,-0.5315,-0.1564,0.2838,-0.3331
C:0c16:0.0000,0.0000,0.0000,0.0000,0.0000,0.0000,0.0000,0.0000
M:0c16:0.3882,0.2718,-0.2891,-0.4883,-0.2891,0.0112,0.2163,0.2964
I:0c17:0.4822,-0.0427,0.0851,0.1186,-0.4451,0.3919,0.4655,0.0361
F:0.9897@390
A:0.9897@390
T:0c18:0.6296,-0.1987,0.0256,0.0829,-0.5315,-0.1564,0.2838,-0.3331
C:0c19:0.0000,0.0000,0.0000,0.0000,0.0000,0.0000,0.0000,0.0000
M:0c19:0.3884,0.2729,-0.2886,-0.4897,-0.2899,0.0108,0.2168,0.2982
I:0c1a:0.4822,-0.0427,0.0851,0.1186,-0.4451,0.3919,0.4655,0.0361
F:0.9897@390
A:0.9897@390
{
  "exo_version": "0.12",
  "last_tick": 3100,
  "attractor": {
    "events": 1,
    "sim_mean": 0.9897
  },
  "memory": {
    "unique_patterns": 3,
    "familiarity_mean": 0.9910
  },
  "path_dependency_index": 1.9150,
  "sedimentation": true
}

T:0c1c:0.6296,-0.1987,0.0256,0.0829,-0.5315,-0.1564,0.2838,-0.3331
C:0c1c:0.0000,0.0000,0.0000,0.0000,0.0000,0.0000,0.0000,0.0000
M:0c1c:0.3883,0.2736,-0.2888,-0.4914,-0.2903,0.0089,0.2176,0.3002
I:0c1c:0.4822,-0.0427,0.0851,0.1186,-0.4451,0.3920,0.4655,0.0361
F:0.9910@390
A:0.9910@390
T:0c1d:0.6296,-0.1987,0.0256,0.0829,-0.5315,-0.1564,0.2838,-0.3331
C:0c1d:0.0000,0.0000,0.0000,0.0000,0.0000,0.0000,0.0000,0.0000
M:0c1e:0.3888,0.2750,-0.2880,-0.4929,-0.2911,0.0091,0.2180,0.3023
I:0c1e:0.4822,-0.0427,0.0851,0.1186,-0.4451,0.3920,0.4655,0.0361
F:0.9910@390
A:0.9910@390
T:0c1f:0.6296,-0.1987,0.0256,0.0829,-0.5315,-0.1564,0.2838,-0.3331
C:0c1f:0.0000,0.0000,0.0000,0.0000,0.0000,0.0000,0.0000,0.0000
M:0c1f:0.3888,0.2762,-0.2875,-0.4943,-0.2922,0.0087,0.2184,0.3039
I:0c20:0.4822,-0.0427,0.0851,0.1186,-0.4451,0.3920,0.4655,0.0361
F:0.9910@390
A:0.9910@390
T:0c21:0.6296,-0.1987,0.0256,0.0829,-0.5315,-0.1564,0.2838,-0.3331
C:0c21:0.0000,0.0000,0.0000,0.0000,0.0000,0.0000,0.0000,0.0000
M:0c21:0.3889,0.2773,-0.2871,-0.4956,-0.2932,0.0079,0.2190,0.3053
I:0c21:0.4822,-0.0427,0.0851,0.1186,-0.4451,0.3920,0.4655,0.0361
F:0.9910@390
A:0.9910@390
T:0c22:0.6296,-0.1987,0.0256,0.0829,-0.5315,-0.1564,0.2838,-0.3331
C:0c22:0.0000,0.0000,0.0000,0.0000,0.0000,0.0000,0.0000,0.0000
M:0c22:0.3891,0.2785,-0.2866,-0.4967,-0.2944,0.0076,0.2193,0.3065
I:0c23:0.4822,-0.0427,0.0851,0.1186,-0.4451,0.3920,0.4655,0.0361
F:0.9910@390
A:0.9910@390
T:0c24:0.6296,-0.1987,0.0256,0.0829,-0.5315,-0.1564,0.2838,-0.3331
C:0c24:0.0000,0.0000,0.0000,0.0000,0.0000,0.0000,0.0000,0.0000
M:0c24:0.3892,0.2795,-0.2865,-0.4979,-0.2954,0.0066,0.2198,0.3075
I:0c25:0.4822,-0.0427,0.0851,0.1186,-0.4451,0.3920,0.4655,0.0361
F:0.9910@390
A:0.9910@390
T:0c26:0.6296,-0.1987,0.0256,0.0829,-0.5315,-0.1564,0.2838,-0.3331
C:0c26:0.0000,0.0000,0.0000,0.0000,0.0000,0.0000,0.0000,0.0000
M:0c26:0.3894,0.2804,-0.2865,-0.4991,-0.2961,0.0056,0.2202,0.3088
I:0c27:0.4822,-0.0427,0.0851,0.1186,-0.4451,0.3920,0.4655,0.0361
F:0.9913@390
A:0.9913@390
T:0c29:0.6296,-0.1987,0.0256,0.0829,-0.5315,-0.1564,0.2838,-0.3331
C:0c29:0.0000,0.0000,0.0000,0.0000,0.0000,0.0000,0.0000,0.0000
M:0c29:0.3897,0.2813,-0.2864,-0.5003,-0.2965,0.0048,0.2207,0.3103
I:0c2b:0.4822,-0.0427,0.0851,0.1186,-0.4451,0.3920,0.4655,0.0361
F:0.9921@390
A:0.9921@390
T:0c2d:0.6296,-0.1987,0.0256,0.0829,-0.5315,-0.1564,0.2838,-0.3331
C:0c2d:0.0000,0.0000,0.0000,0.0000,0.0000,0.0000,0.0000,0.0000
M:0c2d:0.3896,0.2818,-0.2867,-0.5018,-0.2965,0.0028,0.2214,0.3122
I:0c2d:0.4822,-0.0427,0.0851,0.1186,-0.4451,0.3920,0.4655,0.0361
F:0.9921@390
A:0.9921@390
T:0c2f:0.6296,-0.1987,0.0256,0.0829,-0.5315,-0.1564,0.2838,-0.3331
C:0c2f:0.0000,0.0000,0.0000,0.0000,0.0000,0.0000,0.0000,0.0000
M:0c2f:0.3899,0.2825,-0.2865,-0.5035,-0.2963,0.0019,0.2221,0.3147
I:0c2f:0.4822,-0.0427,0.0851,0.1186,-0.4451,0.3920,0.4655,0.0361
F:0.9921@390
A:0.9921@390
T:0c31:0.6296,-0.1987,0.0256,0.0829,-0.5315,-0.1564,0.2838,-0.3331
C:0c31:0.0000,0.0000,0.0000,0.0000,0.0000,0.0000,0.0000,0.0000
M:0c31:0.3901,0.2838,-0.2855,-0.5048,-0.2968,0.0027,0.2223,0.3168
I:0c32:0.4822,-0.0427,0.0851,0.1186,-0.4451,0.3920,0.4655,0.0361
F:0.9921@390
A:0.9921@390
T:0c35:0.6296,-0.1987,0.0256,0.0829,-0.5315,-0.1564,0.2838,-0.3331
C:0c35:0.0000,0.0000,0.0000,0.0000,0.0000,0.0000,0.0000,0.0000
M:0c35:0.3896,0.2843,-0.2857,-0.5064,-0.2971,0.0004,0.2233,0.3188
I:0c35:0.4822,-0.0427,0.0851,0.1186,-0.4451,0.3920,0.4655,0.0361
F:0.9921@390
A:0.9921@390
T:0c37:0.6296,-0.1987,0.0256,0.0829,-0.5315,-0.1564,0.2838,-0.3331
C:0c37:0.0000,0.0000,0.0000,0.0000,0.0000,0.0000,0.0000,0.0000
M:0c38:0.3899,0.2852,-0.2850,-0.5079,-0.2975,-0.0000,0.2238,0.3211
I:0c38:0.4822,-0.0427,0.0851,0.1186,-0.4451,0.3920,0.4655,0.0361
F:0.9927@390
A:0.9927@390
T:0c39:0.6296,-0.1987,0.0256,0.0829,-0.5315,-0.1564,0.2838,-0.3331
C:0c39:0.0000,0.0000,0.0000,0.0000,0.0000,0.0000,0.0000,0.0000
M:0c39:0.3901,0.2864,-0.2842,-0.5093,-0.2984,-0.0003,0.2242,0.3231
I:0c3a:0.4822,-0.0427,0.0851,0.1186,-0.4451,0.3920,0.4655,0.0361
F:0.9926@390
A:0.9926@390
T:0c3b:0.6296,-0.1987,0.0256,0.0829,-0.5315,-0.1564,0.2838,-0.3331
C:0c3b:0.0000,0.0000,0.0000,0.0000,0.0000,0.0000,0.0000,0.0000
M:0c3b:0.3901,0.2875,-0.2836,-0.5106,-0.2994,-0.0008,0.2247,0.3246
I:0c3c:0.4822,-0.0427,0.0851,0.1186,-0.4451,0.3920,0.4655,0.0361
F:0.9929@390
A:0.9929@390
T:0c3d:0.6296,-0.1987,0.0256,0.0829,-0.5315,-0.1564,0.2838,-0.3331
C:0c3e:0.0000,0.0000,0.0000,0.0000,0.0000,0.0000,0.0000,0.0000
M:0c3e:0.3902,0.2886,-0.2831,-0.5118,-0.3005,-0.0017,0.2251,0.3260
I:0c3e:0.4822,-0.0427,0.0851,0.1186,-0.4451,0.3920,0.4655,0.0361
F:0.9928@390
A:0.9928@390
T:0c3f:0.6296,-0.1987,0.0256,0.0829,-0.5315,-0.1564,0.2838,-0.3331
C:0c3f:0.0000,0.0000,0.0000,0.0000,0.0000,0.0000,0.0000,0.0000
M:0c3f:0.3903,0.2896,-0.2828,-0.5130,-0.3014,-0.0026,0.2256,0.3274
I:0c3f:0.4822,-0.0427,0.0851,0.1186,-0.4451,0.3920,0.4655,0.0361
F:0.9928@390
A:0.9928@390
T:0c40:0.6296,-0.1987,0.0256,0.0829,-0.5315,-0.1564,0.2838,-0.3331
C:0c40:0.0000,0.0000,0.0000,0.0000,0.0000,0.0000,0.0000,0.0000
M:0c40:0.3906,0.2908,-0.2823,-0.5141,-0.3024,-0.0028,0.2258,0.3286
I:0c40:0.4822,-0.0427,0.0851,0.1186,-0.4451,0.3920,0.4655,0.0361
F:0.9930@390
A:0.9930@390
T:0c42:0.6296,-0.1987,0.0256,0.0829,-0.5315,-0.1564,0.2838,-0.3331
C:0c42:0.0000,0.0000,0.0000,0.0000,0.0000,0.0000,0.0000,0.0000
M:0c42:0.3907,0.2919,-0.2819,-0.5150,-0.3034,-0.0031,0.2260,0.3294
I:0c43:0.4822,-0.0427,0.0851,0.1186,-0.4451,0.3920,0.4655,0.0361
F:0.9930@390
A:0.9930@390
T:0c44:0.6296,-0.1987,0.0256,0.0829,-0.5315,-0.1564,0.2838,-0.3331
C:0c44:0.0000,0.0000,0.0000,0.0000,0.0000,0.0000,0.0000,0.0000
M:0c44:0.3906,0.2924,-0.2822,-0.5161,-0.3039,-0.0049,0.2266,0.3304
I:0c45:0.4822,-0.0427,0.0851,0.1186,-0.4451,0.3920,0.4655,0.0361
F:0.9935@390
A:0.9935@390
T:0c46:0.6296,-0.1987,0.0256,0.0829,-0.5315,-0.1564,0.2838,-0.3331
C:0c46:0.0000,0.0000,0.0000,0.0000,0.0000,0.0000,0.0000,0.0000
M:0c46:0.3909,0.2931,-0.2822,-0.5172,-0.3041,-0.0058,0.2271,0.3319
I:0c47:0.4822,-0.0427,0.0851,0.1186,-0.4451,0.3920,0.4655,0.0361
F:0.9935@390
A:0.9935@390
T:0c48:0.6296,-0.1987,0.0256,0.0829,-0.5315,-0.1564,0.2838,-0.3331
C:0c48:0.0000,0.0000,0.0000,0.0000,0.0000,0.0000,0.0000,0.0000
M:0c48:0.3911,0.2939,-0.2819,-0.5183,-0.3042,-0.0063,0.2274,0.3335
I:0c49:0.4822,-0.0427,0.0851,0.1186,-0.4451,0.3920,0.4655,0.0361
F:0.9935@390
A:0.9935@390
T:0c4b:0.6296,-0.1987,0.0256,0.0829,-0.5315,-0.1564,0.2838,-0.3331
C:0c4b:0.0000,0.0000,0.0000,0.0000,0.0000,0.0000,0.0000,0.0000
M:0c4b:0.3911,0.2946,-0.2816,-0.5194,-0.3045,-0.0068,0.2277,0.3350
I:0c4b:0.4822,-0.0427,0.0851,0.1186,-0.4451,0.3920,0.4655,0.0361
F:0.9935@390
A:0.9935@390
T:0c4d:0.6296,-0.1987,0.0256,0.0829,-0.5315,-0.1564,0.2838,-0.3331
C:0c4d:0.0000,0.0000,0.0000,0.0000,0.0000,0.0000,0.0000,0.0000
M:0c4d:0.3911,0.2953,-0.2812,-0.5205,-0.3048,-0.0073,0.2282,0.3364
I:0c4d:0.4822,-0.0427,0.0851,0.1186,-0.4451,0.3920,0.4655,0.0361
F:0.9937@390
A:0.9937@390
T:0c4f:0.6296,-0.1987,0.0256,0.0829,-0.5315,-0.1564,0.2838,-0.3331
C:0c50:0.0000,0.0000,0.0000,0.0000,0.0000,0.0000,0.0000,0.0000
M:0c50:0.3910,0.2957,-0.2812,-0.5216,-0.3050,-0.0086,0.2288,0.3379
I:0c51:0.4822,-0.0427,0.0851,0.1186,-0.4451,0.3920,0.4655,0.0361
F:0.9937@390
A:0.9937@390
T:0c52:0.6296,-0.1987,0.0256,0.0829,-0.5315,-0.1564,0.2838,-0.3331
C:0c52:0.0000,0.0000,0.0000,0.0000,0.0000,0.0000,0.0000,0.0000
M:0c52:0.3910,0.2962,-0.2811,-0.5229,-0.3049,-0.0099,0.2294,0.3398
I:0c53:0.4822,-0.0427,0.0851,0.1186,-0.4451,0.3920,0.4655,0.0361
F:0.9937@390
A:0.9937@390
T:0c54:0.6296,-0.1987,0.0256,0.0829,-0.5315,-0.1564,0.2838,-0.3331
C:0c54:0.0000,0.0000,0.0000,0.0000,0.0000,0.0000,0.0000,0.0000
M:0c55:0.3912,0.2970,-0.2805,-0.5241,-0.3051,-0.0102,0.2297,0.3418
I:0c55:0.4822,-0.0427,0.0851,0.1186,-0.4451,0.3920,0.4655,0.0361
F:0.9945@390
A:0.9945@390
T:0c56:0.6296,-0.1987,0.0256,0.0829,-0.5315,-0.1564,0.2838,-0.3331
C:0c56:0.0000,0.0000,0.0000,0.0000,0.0000,0.0000,0.0000,0.0000
M:0c56:0.3912,0.2978,-0.2799,-0.5252,-0.3055,-0.0105,0.2301,0.3434
I:0c56:0.4822,-0.0427,0.0851,0.1186,-0.4451,0.3920,0.4655,0.0361
F:0.9947@390
A:0.9947@390
T:0c58:0.6296,-0.1987,0.0256,0.0829,-0.5315,-0.1564,0.2838,-0.3331
C:0c58:0.0000,0.0000,0.0000,0.0000,0.0000,0.0000,0.0000,0.0000
M:0c58:0.3911,0.2986,-0.2794,-0.5262,-0.3061,-0.0111,0.2305,0.3448
I:0c58:0.4822,-0.0427,0.0851,0.1186,-0.4451,0.3920,0.4655,0.0361
F:0.9947@390
A:0.9947@390
T:0c59:0.6296,-0.1987,0.0256,0.0829,-0.5315,-0.1564,0.2838,-0.3331
C:0c59:0.0000,0.0000,0.0000,0.0000,0.0000,0.0000,0.0000,0.0000
M:0c59:0.3912,0.2995,-0.2788,-0.5271,-0.3070,-0.0112,0.2307,0.3459
I:0c5b:0.4822,-0.0427,0.0851,0.1186,-0.4451,0.3920,0.4655,0.0361
F:0.9947@390
A:0.9947@390
T:0c5d:0.6296,-0.1987,0.0256,0.0829,-0.5315,-0.1564,0.2838,-0.3331
C:0c5d:0.0000,0.0000,0.0000,0.0000,0.0000,0.0000,0.0000,0.0000
M:0c5d:0.3911,0.3000,-0.2788,-0.5281,-0.3075,-0.0128,0.2313,0.3470
I:0c5e:0.4822,-0.0427,0.0851,0.1186,-0.4451,0.3920,0.4655,0.0361
F:0.9947@390
A:0.9947@390
T:0c5f:0.6296,-0.1987,0.0256,0.0829,-0.5315,-0.1564,0.2838,-0.3331
C:0c5f:0.0000,0.0000,0.0000,0.0000,0.0000,0.0000,0.0000,0.0000
M:0c5f:0.3912,0.3004,-0.2789,-0.5293,-0.3075,-0.0144,0.2319,0.3487
I:0c60:0.4822,-0.0427,0.0851,0.1186,-0.4451,0.3920,0.4655,0.0361
F:0.9948@390
A:0.9948@390
T:0c61:0.6296,-0.1987,0.0256,0.0829,-0.5315,-0.1564,0.2838,-0.3331
C:0c61:0.0000,0.0000,0.0000,0.0000,0.0000,0.0000,0.0000,0.0000
M:0c61:0.3914,0.3012,-0.2785,-0.5305,-0.3075,-0.0148,0.2322,0.3506
I:0c62:0.4822,-0.0427,0.0851,0.1186,-0.4451,0.3920,0.4655,0.0361
F:0.9955@390
A:0.9955@390
T:0c63:0.6296,-0.1987,0.0256,0.0829,-0.5315,-0.1564,0.2838,-0.3331
C:0c63:0.0000,0.0000,0.0000,0.0000,0.0000,0.0000,0.0000,0.0000
M:0c63:0.3915,0.3020,-0.2780,-0.5316,-0.3078,-0.0151,0.2325,0.3522
I:0c63:0.4822,-0.0427,0.0851,0.1186,-0.4451,0.3920,0.4655,0.0361
F:0.9955@390
A:0.9955@390
T:0c67:0.6296,-0.1987,0.0256,0.0829,-0.5315,-0.1564,0.2838,-0.3331
C:0c67:0.0000,0.0000,0.0000,0.0000,0.0000,0.0000,0.0000,0.0000
M:0c67:0.3913,0.3026,-0.2778,-0.5327,-0.3081,-0.0162,0.2330,0.3537
I:0c67:0.4822,-0.0427,0.0851,0.1186,-0.4451,0.3920,0.4655,0.0361
F:0.9955@390
A:0.9955@390
T:0c69:0.6296,-0.1987,0.0256,0.0829,-0.5315,-0.1564,0.2838,-0.3331
C:0c6a:0.0000,0.0000,0.0000,0.0000,0.0000,0.0000,0.0000,0.0000
M:0c6a:0.3913,0.3031,-0.2776,-0.5339,-0.3081,-0.0175,0.2336,0.3555
I:0c6a:0.4822,-0.0427,0.0851,0.1186,-0.4451,0.3920,0.4655,0.0361
F:0.9955@390
A:0.9955@390
T:0c6b:0.6296,-0.1987,0.0256,0.0829,-0.5315,-0.1564,0.2838,-0.3331
C:0c6c:0.0000,0.0000,0.0000,0.0000,0.0000,0.0000,0.0000,0.0000
M:0c6c:0.3914,0.3038,-0.2771,-0.5350,-0.3083,-0.0179,0.2340,0.3572
I:0c6c:0.4822,-0.0427,0.0851,0.1186,-0.4451,0.3920,0.4655,0.0361
F:0.9955@390
A:0.9955@390
T:0c6e:0.6296,-0.1987,0.0256,0.0829,-0.5315,-0.1564,0.2838,-0.3331
C:0c6e:0.0000,0.0000,0.0000,0.0000,0.0000,0.0000,0.0000,0.0000
M:0c6e:0.3913,0.3044,-0.2768,-0.5362,-0.3086,-0.0189,0.2345,0.3589
I:0c6f:0.4822,-0.0427,0.0851,0.1186,-0.4451,0.3920,0.4655,0.0361
F:0.9955@390
A:0.9955@390
T:0c70:0.6296,-0.1987,0.0256,0.0829,-0.5315,-0.1564,0.2838,-0.3331
C:0c71:0.0000,0.0000,0.0000,0.0000,0.0000,0.0000,0.0000,0.0000
M:0c71:0.3914,0.3052,-0.2762,-0.5373,-0.3089,-0.0194,0.2348,0.3606
I:0c71:0.4822,-0.0427,0.0851,0.1186,-0.4451,0.3920,0.4655,0.0361
F:0.9959@390
A:0.9959@390
T:0c72:0.6296,-0.1987,0.0256,0.0829,-0.5315,-0.1564,0.2838,-0.3331
C:0c72:0.0000,0.0000,0.0000,0.0000,0.0000,0.0000,0.0000,0.0000
M:0c72:0.3914,0.3059,-0.2757,-0.5383,-0.3094,-0.0200,0.2352,0.3620
I:0c72:0.4822,-0.0427,0.0851,0.1186,-0.4451,0.3920,0.4655,0.0361
F:0.9959@390
A:0.9959@390
T:0c74:0.6296,-0.1987,0.0256,0.0829,-0.5315,-0.1564,0.2838,-0.3331
C:0c74:0.0000,0.0000,0.0000,0.0000,0.0000,0.0000,0.0000,0.0000
M:0c75:0.3914,0.3068,-0.2750,-0.5392,-0.3102,-0.0200,0.2354,0.3631
I:0c75:0.4822,-0.0427,0.0851,0.1186,-0.4451,0.3920,0.4655,0.0361
F:0.9960@390
A:0.9960@390
T:0c76:0.6296,-0.1987,0.0256,0.0829,-0.5315,-0.1564,0.2838,-0.3331
C:0c76:0.0000,0.0000,0.0000,0.0000,0.0000,0.0000,0.0000,0.0000
M:0c76:0.3912,0.3073,-0.2750,-0.5401,-0.3106,-0.0216,0.2359,0.3642
I:0c76:0.4822,-0.0427,0.0851,0.1186,-0.4451,0.3920,0.4655,0.0361
F:0.9962@390
A:0.9962@390
T:0c78:0.6296,-0.1987,0.0256,0.0829,-0.5315,-0.1564,0.2838,-0.3331
C:0c78:0.0000,0.0000,0.0000,0.0000,0.0000,0.0000,0.0000,0.0000
M:0c79:0.3915,0.3081,-0.2745,-0.5410,-0.3111,-0.0219,0.2361,0.3654
I:0c79:0.4822,-0.0427,0.0851,0.1186,-0.4451,0.3920,0.4655,0.0361
F:0.9962@390
A:0.9962@390
T:0c7a:0.6296,-0.1987,0.0256,0.0829,-0.5315,-0.1564,0.2838,-0.3331
C:0c7a:0.0000,0.0000,0.0000,0.0000,0.0000,0.0000,0.0000,0.0000
M:0c7a:0.3914,0.3085,-0.2746,-0.5420,-0.3112,-0.0232,0.2366,0.3667
I:0c7b:0.4822,-0.0427,0.0851,0.1186,-0.4451,0.3920,0.4655,0.0361
F:0.9962@390
A:0.9962@390
T:0c7c:0.6296,-0.1987,0.0256,0.0829,-0.5315,-0.1564,0.2838,-0.3331
C:0c7c:0.0000,0.0000,0.0000,0.0000,0.0000,0.0000,0.0000,0.0000
M:0c7d:0.3915,0.3091,-0.2743,-0.5429,-0.3113,-0.0239,0.2370,0.3681
I:0c7d:0.4822,-0.0427,0.0851,0.1186,-0.4451,0.3920,0.4655,0.0361
F:0.9962@390
A:0.9962@390
T:0c7e:0.6296,-0.1987,0.0256,0.0829,-0.5315,-0.1564,0.2838,-0.3331
C:0c7e:0.0000,0.0000,0.0000,0.0000,0.0000,0.0000,0.0000,0.0000
M:0c7e:0.3915,0.3097,-0.2740,-0.5439,-0.3114,-0.0244,0.2373,0.3695
I:0c7f:0.4822,-0.0427,0.0851,0.1186,-0.4451,0.3920,0.4655,0.0361
F:0.9962@390
A:0.9962@390
T:0c81:0.6296,-0.1987,0.0256,0.0829,-0.5315,-0.1564,0.2838,-0.3331
C:0c82:0.0000,0.0000,0.0000,0.0000,0.0000,0.0000,0.0000,0.0000
M:0c82:0.3915,0.3102,-0.2736,-0.5448,-0.3116,-0.0250,0.2376,0.3708
I:0c82:0.4822,-0.0427,0.0851,0.1186,-0.4451,0.3920,0.4655,0.0361
F:0.9966@390
A:0.9966@390
T:0c83:0.6296,-0.1987,0.0256,0.0829,-0.5315,-0.1564,0.2838,-0.3331
C:0c83:0.0000,0.0000,0.0000,0.0000,0.0000,0.0000,0.0000,0.0000
M:0c83:0.3913,0.3105,-0.2736,-0.5457,-0.3116,-0.0262,0.2381,0.3722
I:0c83:0.4822,-0.0427,0.0851,0.1186,-0.4451,0.3920,0.4655,0.0361
F:0.9966@390
A:0.9966@390
T:0c84:0.6296,-0.1987,0.0256,0.0829,-0.5315,-0.1564,0.2838,-0.3331
C:0c84:0.0000,0.0000,0.0000,0.0000,0.0000,0.0000,0.0000,0.0000
M:0c85:0.3915,0.3112,-0.2729,-0.5466,-0.3118,-0.0262,0.2383,0.3736
I:0c85:0.4822,-0.0427,0.0851,0.1186,-0.4451,0.3920,0.4655,0.0361
F:0.9966@390
A:0.9966@390
T:0c86:0.6296,-0.1987,0.0256,0.0829,-0.5315,-0.1564,0.2838,-0.3331
C:0c86:0.0000,0.0000,0.0000,0.0000,0.0000,0.0000,0.0000,0.0000
M:0c87:0.3914,0.3118,-0.2725,-0.5474,-0.3121,-0.0268,0.2386,0.3747
I:0c87:0.4822,-0.0427,0.0851,0.1186,-0.4451,0.3920,0.4655,0.0361
F:0.9966@390
A:0.9966@390
T:0c88:0.6296,-0.1987,0.0256,0.0829,-0.5315,-0.1564,0.2838,-0.3331
C:0c88:0.0000,0.0000,0.0000,0.0000,0.0000,0.0000,0.0000,0.0000
M:0c88:0.3913,0.3122,-0.2723,-0.5482,-0.3124,-0.0276,0.2390,0.3758
I:0c89:0.4822,-0.0427,0.0851,0.1186,-0.4451,0.3920,0.4655,0.0361
F:0.9966@390
A:0.9966@390
T:0c8a:0.6296,-0.1987,0.0256,0.0829,-0.5315,-0.1564,0.2838,-0.3331
C:0c8a:0.0000,0.0000,0.0000,0.0000,0.0000,0.0000,0.0000,0.0000
M:0c8a:0.3913,0.3127,-0.2721,-0.5490,-0.3126,-0.0284,0.2393,0.3769
I:0c8b:0.4822,-0.0427,0.0851,0.1186,-0.4451,0.3920,0.4655,0.0361
F:0.9966@390
A:0.9966@390
T:0c8c:0.6296,-0.1987,0.0256,0.0829,-0.5315,-0.1564,0.2838,-0.3331
C:0c8c:0.0000,0.0000,0.0000,0.0000,0.0000,0.0000,0.0000,0.0000
M:0c8c:0.3914,0.3131,-0.2718,-0.5498,-0.3127,-0.0292,0.2396,0.3782
I:0c8d:0.4822,-0.0427,0.0851,0.1186,-0.4451,0.3920,0.4655,0.0361
F:0.9966@390
A:0.9966@390
T:0c90:0.6296,-0.1987,0.0256,0.0829,-0.5315,-0.1564,0.2838,-0.3331
C:0c90:0.0000,0.0000,0.0000,0.0000,0.0000,0.0000,0.0000,0.0000
M:0c90:0.3913,0.3134,-0.2719,-0.5508,-0.3125,-0.0304,0.2401,0.3796
I:0c90:0.4822,-0.0427,0.0851,0.1186,-0.4451,0.3920,0.4655,0.0361
F:0.9971@390
A:0.9971@390
T:0c91:0.6296,-0.1987,0.0256,0.0829,-0.5315,-0.1564,0.2838,-0.3331
C:0c91:0.0000,0.0000,0.0000,0.0000,0.0000,0.0000,0.0000,0.0000
M:0c92:0.3914,0.3139,-0.2715,-0.5517,-0.3124,-0.0310,0.2404,0.3811
I:0c92:0.4822,-0.0427,0.0851,0.1186,-0.4451,0.3920,0.4655,0.0361
F:0.9974@390
A:0.9974@390
T:0c93:0.6296,-0.1987,0.0256,0.0829,-0.5315,-0.1564,0.2838,-0.3331
C:0c93:0.0000,0.0000,0.0000,0.0000,0.0000,0.0000,0.0000,0.0000
M:0c93:0.3913,0.3144,-0.2711,-0.5526,-0.3124,-0.0314,0.2407,0.3825
I:0c94:0.4822,-0.0427,0.0851,0.1186,-0.4451,0.3920,0.4655,0.0361
F:0.9974@390
A:0.9974@390
T:0c95:0.6296,-0.1987,0.0256,0.0829,-0.5315,-0.1564,0.2838,-0.3331
C:0c95:0.0000,0.0000,0.0000,0.0000,0.0000,0.0000,0.0000,0.0000
M:0c95:0.3912,0.3149,-0.2707,-0.5534,-0.3126,-0.0319,0.2410,0.3837
I:0c96:0.4822,-0.0427,0.0851,0.1186,-0.4451,0.3920,0.4655,0.0361
F:0.9974@390
A:0.9974@390
T:0c97:0.6296,-0.1987,0.0256,0.0829,-0.5315,-0.1564,0.2838,-0.3331
C:0c98:0.0000,0.0000,0.0000,0.0000,0.0000,0.0000,0.0000,0.0000
M:0c99:0.3911,0.3153,-0.2703,-0.5542,-0.3128,-0.0326,0.2414,0.3849
I:0c99:0.4822,-0.0427,0.0851,0.1186,-0.4451,0.3920,0.4655,0.0361
F:0.9974@390
A:0.9974@390
T:0c9b:0.6296,-0.1987,0.0256,0.0829,-0.5315,-0.1564,0.2838,-0.3331
C:0c9b:0.0000,0.0000,0.0000,0.0000,0.0000,0.0000,0.0000,0.0000
M:0c9b:0.3910,0.3156,-0.2703,-0.5551,-0.3128,-0.0340,0.2419,0.3862
I:0c9b:0.4822,-0.0427,0.0851,0.1186,-0.4451,0.3920,0.4655,0.0361
F:0.9974@390
A:0.9974@390
T:0c9d:0.6296,-0.1987,0.0256,0.0829,-0.5315,-0.1564,0.2838,-0.3331
C:0c9d:0.0000,0.0000,0.0000,0.0000,0.0000,0.0000,0.0000,0.0000
M:0c9d:0.3910,0.3158,-0.2702,-0.5561,-0.3125,-0.0352,0.2424,0.3878
I:0c9e:0.4822,-0.0427,0.0851,0.1186,-0.4451,0.3920,0.4655,0.0361
F:0.9974@390
A:0.9974@390
T:0c9f:0.6296,-0.1987,0.0256,0.0829,-0.5315,-0.1564,0.2838,-0.3331
C:0c9f:0.0000,0.0000,0.0000,0.0000,0.0000,0.0000,0.0000,0.0000
M:0ca0:0.3911,0.3164,-0.2697,-0.5571,-0.3123,-0.0356,0.2427,0.3895
I:0ca0:0.4822,-0.0427,0.0851,0.1186,-0.4451,0.3920,0.4655,0.0361
F:0.9975@390
A:0.9975@390
T:0ca1:0.6296,-0.1987,0.0256,0.0829,-0.5315,-0.1564,0.2838,-0.3331
C:0ca1:0.0000,0.0000,0.0000,0.0000,0.0000,0.0000,0.0000,0.0000
M:0ca1:0.3910,0.3169,-0.2691,-0.5579,-0.3124,-0.0359,0.2429,0.3909
I:0ca1:0.4822,-0.0427,0.0851,0.1186,-0.4451,0.3920,0.4655,0.0361
F:0.9978@390
A:0.9978@390
T:0ca3:0.6296,-0.1987,0.0256,0.0829,-0.5315,-0.1564,0.2838,-0.3331
C:0ca3:0.0000,0.0000,0.0000,0.0000,0.0000,0.0000,0.0000,0.0000
M:0ca3:0.3909,0.3174,-0.2687,-0.5587,-0.3127,-0.0365,0.2433,0.3921
I:0ca3:0.4822,-0.0427,0.0851,0.1186,-0.4451,0.3920,0.4655,0.0361
F:0.9978@390
A:0.9978@390
T:0ca4:0.6296,-0.1987,0.0256,0.0829,-0.5315,-0.1564,0.2838,-0.3331
C:0ca4:0.0000,0.0000,0.0000,0.0000,0.0000,0.0000,0.0000,0.0000
M:0ca5:0.3909,0.3181,-0.2680,-0.5594,-0.3132,-0.0366,0.2434,0.3931
I:0ca5:0.4822,-0.0427,0.0851,0.1186,-0.4451,0.3920,0.4655,0.0361
F:0.9978@390
A:0.9978@390
T:0ca6:0.6296,-0.1987,0.0256,0.0829,-0.5315,-0.1564,0.2838,-0.3331
C:0ca6:0.0000,0.0000,0.0000,0.0000,0.0000,0.0000,0.0000,0.0000
M:0ca6:0.3907,0.3185,-0.2678,-0.5600,-0.3136,-0.0375,0.2437,0.3939
I:0ca6:0.4822,-0.0427,0.0851,0.1186,-0.4451,0.3920,0.4655,0.0361
F:0.9979@390
A:0.9979@390
T:0ca8:0.6296,-0.1987,0.0256,0.0829,-0.5315,-0.1564,0.2838,-0.3331
C:0ca8:0.0000,0.0000,0.0000,0.0000,0.0000,0.0000,0.0000,0.0000
M:0ca8:0.3908,0.3190,-0.2674,-0.5606,-0.3140,-0.0379,0.2439,0.3947
I:0ca9:0.4822,-0.0427,0.0851,0.1186,-0.4451,0.3920,0.4655,0.0361
F:0.9979@390
A:0.9979@390
T:0caa:0.6296,-0.1987,0.0256,0.0829,-0.5315,-0.1564,0.2838,-0.3331
C:0caa:0.0000,0.0000,0.0000,0.0000,0.0000,0.0000,0.0000,0.0000
M:0caa:0.3906,0.3192,-0.2676,-0.5614,-0.3140,-0.0394,0.2444,0.3957
I:0cab:0.4822,-0.0427,0.0851,0.1186,-0.4451,0.3920,0.4655,0.0361
F:0.9979@390
A:0.9979@390
T:0cac:0.6296,-0.1987,0.0256,0.0829,-0.5315,-0.1564,0.2838,-0.3331
C:0cac:0.0000,0.0000,0.0000,0.0000,0.0000,0.0000,0.0000,0.0000
M:0cad:0.3908,0.3195,-0.2675,-0.5622,-0.3138,-0.0402,0.2447,0.3970
I:0cad:0.4822,-0.0427,0.0851,0.1186,-0.4451,0.3920,0.4655,0.0361
F:0.9981@390
A:0.9981@390
T:0cae:0.6296,-0.1987,0.0256,0.0829,-0.5315,-0.1564,0.2838,-0.3331
C:0caf:0.0000,0.0000,0.0000,0.0000,0.0000,0.0000,0.0000,0.0000
M:0caf:0.3908,0.3199,-0.2672,-0.5630,-0.3135,-0.0407,0.2449,0.3983
I:0caf:0.4822,-0.0427,0.0851,0.1186,-0.4451,0.3920,0.4655,0.0361
F:0.9981@390
A:0.9981@390
T:0cb0:0.6296,-0.1987,0.0256,0.0829,-0.5315,-0.1564,0.2838,-0.3331
C:0cb0:0.0000,0.0000,0.0000,0.0000,0.0000,0.0000,0.0000,0.0000
M:0cb0:0.3907,0.3203,-0.2669,-0.5637,-0.3134,-0.0412,0.2452,0.3995
I:0cb0:0.4822,-0.0427,0.0851,0.1186,-0.4451,0.3920,0.4655,0.0361
F:0.9981@390
A:0.9981@390
T:0cb1:0.6296,-0.1987,0.0256,0.0829,-0.5315,-0.1564,0.2838,-0.3331
C:0cb2:0.0000,0.0000,0.0000,0.0000,0.0000,0.0000,0.0000,0.0000
M:0cb2:0.3907,0.3208,-0.2663,-0.5644,-0.3136,-0.0411,0.2454,0.4005
I:0cb2:0.4822,-0.0427,0.0851,0.1186,-0.4451,0.3920,0.4655,0.0361
F:0.9984@390
A:0.9984@390
T:0cb3:0.6296,-0.1987,0.0256,0.0829,-0.5315,-0.1564,0.2838,-0.3331
C:0cb3:0.0000,0.0000,0.0000,0.0000,0.0000,0.0000,0.0000,0.0000
M:0cb3:0.3904,0.3211,-0.2660,-0.5650,-0.3138,-0.0419,0.2457,0.4013
I:0cb4:0.4822,-0.0427,0.0851,0.1186,-0.4451,0.3920,0.4655,0.0361
F:0.9984@390
A:0.9984@390
T:0cb5:0.6296,-0.1987,0.0256,0.0829,-0.5315,-0.1564,0.2838,-0.3331
C:0cb6:0.0000,0.0000,0.0000,0.0000,0.0000,0.0000,0.0000,0.0000
M:0cb6:0.3904,0.3213,-0.2659,-0.5656,-0.3139,-0.0428,0.2460,0.4022
I:0cb6:0.4822,-0.0427,0.0851,0.1186,-0.4451,0.3920,0.4655,0.0361
F:0.9984@390
A:0.9984@390
T:0cb7:0.6296,-0.1987,0.0256,0.0829,-0.5315,-0.1564,0.2838,-0.3331
C:0cb7:0.0000,0.0000,0.0000,0.0000,0.0000,0.0000,0.0000,0.0000
M:0cb7:0.3904,0.3216,-0.2658,-0.5663,-0.3138,-0.0436,0.2463,0.4033
I:0cb8:0.4822,-0.0427,0.0851,0.1186,-0.4451,0.3920,0.4655,0.0361
F:0.9984@390
A:0.9984@390
T:0cba:0.6296,-0.1987,0.0256,0.0829,-0.5315,-0.1564,0.2838,-0.3331
C:0cba:0.0000,0.0000,0.0000,0.0000,0.0000,0.0000,0.0000,0.0000
M:0cbb:0.3904,0.3219,-0.2656,-0.5670,-0.3136,-0.0443,0.2466,0.4045
I:0cbb:0.4822,-0.0427,0.0851,0.1186,-0.4451,0.3920,0.4655,0.0361
F:0.9984@390
A:0.9984@390
T:0cbd:0.6296,-0.1987,0.0256,0.0829,-0.5315,-0.1564,0.2838,-0.3331
C:0cbd:0.0000,0.0000,0.0000,0.0000,0.0000,0.0000,0.0000,0.0000
M:0cbd:0.3902,0.3220,-0.2656,-0.5678,-0.3133,-0.0455,0.2471,0.4058
I:0cbe:0.4822,-0.0427,0.0851,0.1186,-0.4451,0.3920,0.4655,0.0361
F:0.9984@390
A:0.9984@390
T:0cbf:0.6296,-0.1987,0.0256,0.0829,-0.5315,-0.1564,0.2838,-0.3331
C:0cbf:0.0000,0.0000,0.0000,0.0000,0.0000,0.0000,0.0000,0.0000
M:0cbf:0.3901,0.3221,-0.2656,-0.5687,-0.3127,-0.0466,0.2475,0.4073
I:0cc0:0.4822,-0.0427,0.0851,0.1186,-0.4451,0.3920,0.4655,0.0361
F:0.9984@390
A:0.9984@390
T:0cc1:0.6296,-0.1987,0.0256,0.0829,-0.5315,-0.1564,0.2838,-0.3331
C:0cc1:0.0000,0.0000,0.0000,0.0000,0.0000,0.0000,0.0000,0.0000
M:0cc2:0.3902,0.3225,-0.2651,-0.5696,-0.3124,-0.0469,0.2478,0.4089
I:0cc2:0.4822,-0.0427,0.0851,0.1186,-0.4451,0.3920,0.4655,0.0361
F:0.9984@390
A:0.9984@390
T:0cc3:0.6296,-0.1987,0.0256,0.0829,-0.5315,-0.1564,0.2838,-0.3331
C:0cc3:0.0000,0.0000,0.0000,0.0000,0.0000,0.0000,0.0000,0.0000
M:0cc3:0.3900,0.3229,-0.2645,-0.5703,-0.3123,-0.0472,0.2481,0.4102
I:0cc4:0.4822,-0.0427,0.0851,0.1186,-0.4451,0.3920,0.4655,0.0361
F:0.9987@390
A:0.9987@390
T:0cc6:0.6296,-0.1987,0.0256,0.0829,-0.5315,-0.1564,0.2838,-0.3331
C:0cc6:0.0000,0.0000,0.0000,0.0000,0.0000,0.0000,0.0000,0.0000
M:0cc7:0.3898,0.3232,-0.2640,-0.5710,-0.3124,-0.0478,0.2483,0.4113
I:0cc7:0.4822,-0.0427,0.0851,0.1186,-0.4451,0.3920,0.4655,0.0361
F:0.9987@390
A:0.9987@390
T:0cc8:0.6296,-0.1987,0.0256,0.0829,-0.5315,-0.1564,0.2838,-0.3331
C:0cc8:0.0000,0.0000,0.0000,0.0000,0.0000,0.0000,0.0000,0.0000
M:0cc8:0.3896,0.3234,-0.2639,-0.5718,-0.3123,-0.0490,0.2488,0.4125
I:0cc9:0.4822,-0.0427,0.0851,0.1186,-0.4451,0.3920,0.4655,0.0361
F:0.9987@390
A:0.9987@390
T:0cca:0.6296,-0.1987,0.0256,0.0829,-0.5315,-0.1564,0.2838,-0.3331
C:0cca:0.0000,0.0000,0.0000,0.0000,0.0000,0.0000,0.0000,0.0000
M:0cca:0.3896,0.3237,-0.2635,-0.5726,-0.3122,-0.0497,0.2492,0.4138
I:0cca:0.4822,-0.0427,0.0851,0.1186,-0.4451,0.3920,0.4655,0.0361
F:0.9987@390
A:0.9987@390
T:0ccc:0.6296,-0.1987,0.0256,0.0829,-0.5315,-0.1564,0.2838,-0.3331
C:0ccc:0.0000,0.0000,0.0000,0.0000,0.0000,0.0000,0.0000,0.0000
M:0ccc:0.3896,0.3241,-0.2631,-0.5733,-0.3122,-0.0503,0.2494,0.4150
I:0ccd:0.4822,-0.0427,0.0851,0.1186,-0.4451,0.3920,0.4655,0.0361
F:0.9989@390
A:0.9989@390
T:0cce:0.6296,-0.1987,0.0256,0.0829,-0.5315,-0.1564,0.2838,-0.3331
C:0cce:0.0000,0.0000,0.0000,0.0000,0.0000,0.0000,0.0000,0.0000
M:0cce:0.3895,0.3245,-0.2627,-0.5740,-0.3122,-0.0509,0.2496,0.4161
I:0ccf:0.4822,-0.0427,0.0851,0.1186,-0.4451,0.3920,0.4655,0.0361
F:0.9989@390
A:0.9989@390
T:0cd0:0.6296,-0.1987,0.0256,0.0829,-0.5315,-0.1564,0.2838,-0.3331
C:0cd0:0.0000,0.0000,0.0000,0.0000,0.0000,0.0000,0.0000,0.0000
M:0cd0:0.3894,0.3248,-0.2624,-0.5747,-0.3122,-0.0515,0.2499,0.4172
I:0cd0:0.4822,-0.0427,0.0851,0.1186,-0.4451,0.3920,0.4655,0.0361
F:0.9989@390
A:0.9989@390
T:0cd1:0.6296,-0.1987,0.0256,0.0829,-0.5315,-0.1564,0.2838,-0.3331
C:0cd1:0.0000,0.0000,0.0000,0.0000,0.0000,0.0000,0.0000,0.0000
M:0cd2:0.3894,0.3253,-0.2618,-0.5753,-0.3125,-0.0516,0.2500,0.4181
I:0cd2:0.4822,-0.0427,0.0851,0.1186,-0.4451,0.3920,0.4655,0.0361
F:0.9989@390
A:0.9989@390
T:0cd3:0.6296,-0.1987,0.0256,0.0829,-0.5315,-0.1564,0.2838,-0.3331
C:0cd3:0.0000,0.0000,0.0000,0.0000,0.0000,0.0000,0.0000,0.0000
M:0cd3:0.3892,0.3256,-0.2616,-0.5758,-0.3127,-0.0524,0.2503,0.4188
I:0cd3:0.4822,-0.0427,0.0851,0.1186,-0.4451,0.3920,0.4655,0.0361
F:0.9989@390
A:0.9989@390
T:0cd5:0.6296,-0.1987,0.0256,0.0829,-0.5315,-0.1564,0.2838,-0.3331
C:0cd5:0.0000,0.0000,0.0000,0.0000,0.0000,0.0000,0.0000,0.0000
M:0cd6:0.3892,0.3260,-0.2612,-0.5764,-0.3129,-0.0527,0.2505,0.4196
I:0cd6:0.4822,-0.0427,0.0851,0.1186,-0.4451,0.3920,0.4655,0.0361
F:0.9989@390
A:0.9989@390
T:0cd7:0.6296,-0.1987,0.0256,0.0829,-0.5315,-0.1564,0.2838,-0.3331
C:0cd7:0.0000,0.0000,0.0000,0.0000,0.0000,0.0000,0.0000,0.0000
M:0cd7:0.3890,0.3261,-0.2614,-0.5770,-0.3127,-0.0542,0.2509,0.4205
I:0cd7:0.4822,-0.0427,0.0851,0.1186,-0.4451,0.3920,0.4655,0.0361
F:0.9991@390
A:0.9991@390
T:0cd9:0.6296,-0.1987,0.0256,0.0829,-0.5315,-0.1564,0.2838,-0.3331
C:0cd9:0.0000,0.0000,0.0000,0.0000,0.0000,0.0000,0.0000,0.0000
M:0cd9:0.3891,0.3263,-0.2613,-0.5777,-0.3123,-0.0550,0.2512,0.4217
I:0cda:0.4822,-0.0427,0.0851,0.1186,-0.4451,0.3920,0.4655,0.0361
F:0.9991@390
A:0.9991@390
T:0cdb:0.6296,-0.1987,0.0256,0.0829,-0.5315,-0.1564,0.2838,-0.3331
C:0cdb:0.0000,0.0000,0.0000,0.0000,0.0000,0.0000,0.0000,0.0000
M:0cdb:0.3890,0.3265,-0.2611,-0.5784,-0.3120,-0.0555,0.2515,0.4228
I:0cdb:0.4822,-0.0427,0.0851,0.1186,-0.4451,0.3920,0.4655,0.0361
F:0.9991@390
A:0.9991@390
T:0cdd:0.6296,-0.1987,0.0256,0.0829,-0.5315,-0.1564,0.2838,-0.3331
C:0cdd:0.0000,0.0000,0.0000,0.0000,0.0000,0.0000,0.0000,0.0000
M:0cdd:0.3889,0.3268,-0.2608,-0.5790,-0.3117,-0.0560,0.2517,0.4240
I:0cdd:0.4822,-0.0427,0.0851,0.1186,-0.4451,0.3920,0.4655,0.0361
F:0.9991@390
A:0.9991@390
T:0cdf:0.6296,-0.1987,0.0256,0.0829,-0.5315,-0.1564,0.2838,-0.3331
C:0cdf:0.0000,0.0000,0.0000,0.0000,0.0000,0.0000,0.0000,0.0000
M:0cdf:0.3888,0.3270,-0.2605,-0.5797,-0.3116,-0.0566,0.2520,0.4250
I:0cdf:0.4822,-0.0427,0.0851,0.1186,-0.4451,0.3920,0.4655,0.0361
F:0.9991@390
A:0.9991@390
T:0ce2:0.6296,-0.1987,0.0256,0.0829,-0.5315,-0.1564,0.2838,-0.3331
C:0ce2:0.0000,0.0000,0.0000,0.0000,0.0000,0.0000,0.0000,0.0000
M:0ce2:0.3885,0.3270,-0.2605,-0.5804,-0.3112,-0.0578,0.2524,0.4262
I:0ce3:0.4822,-0.0427,0.0851,0.1186,-0.4451,0.3920,0.4655,0.0361
F:0.9992@390
A:0.9992@390
{
  "exo_version": "0.12",
  "last_tick": 3300,
  "attractor": {
    "events": 1,
    "sim_mean": 0.9992
  },
  "memory": {
    "unique_patterns": 3,
    "familiarity_mean": 0.9992
  },
  "path_dependency_index": 1.9150,
  "sedimentation": true
}

T:0ce6:0.6296,-0.1987,0.0256,0.0829,-0.5315,-0.1564,0.2838,-0.3331
C:0ce6:0.0000,0.0000,0.0000,0.0000,0.0000,0.0000,0.0000,0.0000
M:0ce6:0.3885,0.3272,-0.2601,-0.5811,-0.3108,-0.0584,0.2528,0.4274
I:0ce6:0.4822,-0.0427,0.0851,0.1186,-0.4451,0.3920,0.4655,0.0361
F:0.9992@390
A:0.9992@390
T:0ce8:0.6296,-0.1987,0.0256,0.0829,-0.5315,-0.1564,0.2838,-0.3331
C:0ce8:0.0000,0.0000,0.0000,0.0000,0.0000,0.0000,0.0000,0.0000
M:0ce8:0.3882,0.3271,-0.2603,-0.5820,-0.3102,-0.0600,0.2533,0.4289
I:0ce9:0.4822,-0.0427,0.0851,0.1186,-0.4451,0.3920,0.4655,0.0361
F:0.9992@390
A:0.9992@390
T:0cea:0.6296,-0.1987,0.0256,0.0829,-0.5315,-0.1564,0.2838,-0.3331
C:0cea:0.0000,0.0000,0.0000,0.0000,0.0000,0.0000,0.0000,0.0000
M:0cea:0.3883,0.3274,-0.2598,-0.5828,-0.3096,-0.0604,0.2536,0.4305
I:0ceb:0.4822,-0.0427,0.0851,0.1186,-0.4451,0.3920,0.4655,0.0361
F:0.9995@390
A:0.9995@390
T:0cec:0.6296,-0.1987,0.0256,0.0829,-0.5315,-0.1564,0.2838,-0.3331
C:0cec:0.0000,0.0000,0.0000,0.0000,0.0000,0.0000,0.0000,0.0000
M:0cec:0.3881,0.3278,-0.2591,-0.5835,-0.3094,-0.0606,0.2538,0.4318
I:0ced:0.4822,-0.0427,0.0851,0.1186,-0.4451,0.3920,0.4655,0.0361
F:0.9995@390
A:0.9995@390
T:0cee:0.6296,-0.1987,0.0256,0.0829,-0.5315,-0.1564,0.2838,-0.3331
C:0cee:0.0000,0.0000,0.0000,0.0000,0.0000,0.0000,0.0000,0.0000
M:0cee:0.3879,0.3281,-0.2586,-0.5841,-0.3095,-0.0611,0.2540,0.4328
I:0cee:0.4822,-0.0427,0.0851,0.1186,-0.4451,0.3920,0.4655,0.0361
F:0.9995@390
A:0.9995@390
T:0cf1:0.6296,-0.1987,0.0256,0.0829,-0.5315,-0.1564,0.2838,-0.3331
C:0cf1:0.0000,0.0000,0.0000,0.0000,0.0000,0.0000,0.0000,0.0000
M:0cf1:0.3877,0.3284,-0.2581,-0.5847,-0.3096,-0.0618,0.2543,0.4338
I:0cf1:0.4822,-0.0427,0.0851,0.1186,-0.4451,0.3920,0.4655,0.0361
F:0.9995@390
A:0.9995@390
T:0cf2:0.6296,-0.1987,0.0256,0.0829,-0.5315,-0.1564,0.2838,-0.3331
C:0cf3:0.0000,0.0000,0.0000,0.0000,0.0000,0.0000,0.0000,0.0000
M:0cf3:0.3876,0.3286,-0.2578,-0.5853,-0.3096,-0.0625,0.2546,0.4347
I:0cf3:0.4822,-0.0427,0.0851,0.1186,-0.4451,0.3920,0.4655,0.0361
F:0.9995@390
A:0.9995@390
T:0cf4:0.6296,-0.1987,0.0256,0.0829,-0.5315,-0.1564,0.2838,-0.3331
C:0cf4:0.0000,0.0000,0.0000,0.0000,0.0000,0.0000,0.0000,0.0000
M:0cf4:0.3875,0.3289,-0.2575,-0.5860,-0.3096,-0.0633,0.2549,0.4357
I:0cf5:0.4822,-0.0427,0.0851,0.1186,-0.4451,0.3920,0.4655,0.0361
F:0.9995@390
A:0.9995@390
T:0cf6:0.6296,-0.1987,0.0256,0.0829,-0.5315,-0.1564,0.2838,-0.3331
C:0cf6:0.0000,0.0000,0.0000,0.0000,0.0000,0.0000,0.0000,0.0000
M:0cf6:0.3874,0.3291,-0.2573,-0.5866,-0.3095,-0.0640,0.2551,0.4367
I:0cf6:0.4822,-0.0427,0.0851,0.1186,-0.4451,0.3920,0.4655,0.0361
F:0.9995@390
A:0.9995@390
T:0cf7:0.6296,-0.1987,0.0256,0.0829,-0.5315,-0.1564,0.2838,-0.3331
C:0cf8:0.0000,0.0000,0.0000,0.0000,0.0000,0.0000,0.0000,0.0000
M:0cf8:0.3875,0.3295,-0.2567,-0.5871,-0.3095,-0.0641,0.2552,0.4375
I:0cf8:0.4822,-0.0427,0.0851,0.1186,-0.4451,0.3920,0.4655,0.0361
F:0.9995@390
A:0.9995@390
T:0cf9:0.6296,-0.1987,0.0256,0.0829,-0.5315,-0.1564,0.2838,-0.3331
C:0cf9:0.0000,0.0000,0.0000,0.0000,0.0000,0.0000,0.0000,0.0000
M:0cf9:0.3872,0.3298,-0.2566,-0.5876,-0.3096,-0.0648,0.2554,0.4383
I:0cfa:0.4822,-0.0427,0.0851,0.1186,-0.4451,0.3920,0.4655,0.0361
F:0.9995@390
A:0.9995@390
T:0cfb:0.6296,-0.1987,0.0256,0.0829,-0.5315,-0.1564,0.2838,-0.3331
C:0cfb:0.0000,0.0000,0.0000,0.0000,0.0000,0.0000,0.0000,0.0000
M:0cfb:0.3871,0.3299,-0.2564,-0.5882,-0.3094,-0.0657,0.2557,0.4391
I:0cfc:0.4822,-0.0427,0.0851,0.1186,-0.4451,0.3920,0.4655,0.0361
F:0.9995@390
A:0.9995@390
T:0cfd:0.6296,-0.1987,0.0256,0.0829,-0.5315,-0.1564,0.2838,-0.3331
C:0cfe:0.0000,0.0000,0.0000,0.0000,0.0000,0.0000,0.0000,0.0000
M:0cfe:0.3871,0.3301,-0.2563,-0.5887,-0.3092,-0.0664,0.2560,0.4400
I:0cfe:0.4822,-0.0427,0.0851,0.1186,-0.4451,0.3920,0.4655,0.0361
F:0.9996@390
A:0.9996@390
T:0d00:0.6296,-0.1987,0.0256,0.0829,-0.5315,-0.1564,0.2838,-0.3331
C:0d00:0.0000,0.0000,0.0000,0.0000,0.0000,0.0000,0.0000,0.0000
M:0d00:0.3869,0.3301,-0.2564,-0.5894,-0.3086,-0.0676,0.2564,0.4412
I:0d01:0.4822,-0.0427,0.0851,0.1186,-0.4451,0.3920,0.4655,0.0361
F:0.9996@390
A:0.9996@390
T:0d02:0.6296,-0.1987,0.0256,0.0829,-0.5315,-0.1564,0.2838,-0.3331
C:0d02:0.0000,0.0000,0.0000,0.0000,0.0000,0.0000,0.0000,0.0000
M:0d02:0.3869,0.3302,-0.2562,-0.5901,-0.3081,-0.0682,0.2567,0.4424
I:0d03:0.4822,-0.0427,0.0851,0.1186,-0.4451,0.3920,0.4655,0.0361
F:0.9997@390
A:0.9997@390
T:0d04:0.6296,-0.1987,0.0256,0.0829,-0.5315,-0.1564,0.2838,-0.3331
C:0d04:0.0000,0.0000,0.0000,0.0000,0.0000,0.0000,0.0000,0.0000
M:0d04:0.3867,0.3304,-0.2558,-0.5907,-0.3077,-0.0686,0.2569,0.4435
I:0d05:0.4822,-0.0427,0.0851,0.1186,-0.4451,0.3920,0.4655,0.0361
F:0.9997@390
A:0.9997@390
T:0d06:0.6296,-0.1987,0.0256,0.0829,-0.5315,-0.1564,0.2838,-0.3331
C:0d06:0.0000,0.0000,0.0000,0.0000,0.0000,0.0000,0.0000,0.0000
M:0d06:0.3865,0.3306,-0.2554,-0.5913,-0.3075,-0.0691,0.2572,0.4445
I:0d06:0.4822,-0.0427,0.0851,0.1186,-0.4451,0.3920,0.4655,0.0361
F:0.9997@390
A:0.9997@390
T:0d08:0.6296,-0.1987,0.0256,0.0829,-0.5315,-0.1564,0.2838,-0.3331
C:0d08:0.0000,0.0000,0.0000,0.0000,0.0000,0.0000,0.0000,0.0000
M:0d08:0.3863,0.3307,-0.2550,-0.5918,-0.3073,-0.0697,0.2574,0.4455
I:0d09:0.4822,-0.0427,0.0851,0.1186,-0.4451,0.3920,0.4655,0.0361
F:0.9997@390
A:0.9997@390
T:0d0a:0.6296,-0.1987,0.0256,0.0829,-0.5315,-0.1564,0.2838,-0.3331
C:0d0a:0.0000,0.0000,0.0000,0.0000,0.0000,0.0000,0.0000,0.0000
M:0d0a:0.3862,0.3309,-0.2547,-0.5924,-0.3071,-0.0704,0.2577,0.4464
I:0d0b:0.4822,-0.0427,0.0851,0.1186,-0.4451,0.3920,0.4655,0.0361
F:0.9997@390
A:0.9997@390
T:0d0c:0.6296,-0.1987,0.0256,0.0829,-0.5315,-0.1564,0.2838,-0.3331
C:0d0c:0.0000,0.0000,0.0000,0.0000,0.0000,0.0000,0.0000,0.0000
M:0d0c:0.3861,0.3310,-0.2544,-0.5929,-0.3069,-0.0711,0.2580,0.4473
I:0d0c:0.4822,-0.0427,0.0851,0.1186,-0.4451,0.3920,0.4655,0.0361
F:0.9997@390
A:0.9997@390
T:0d0d:0.6296,-0.1987,0.0256,0.0829,-0.5315,-0.1564,0.2838,-0.3331
C:0d0e:0.0000,0.0000,0.0000,0.0000,0.0000,0.0000,0.0000,0.0000
M:0d0e:0.3860,0.3313,-0.2539,-0.5934,-0.3069,-0.0712,0.2580,0.4482
I:0d0e:0.4822,-0.0427,0.0851,0.1186,-0.4451,0.3920,0.4655,0.0361
F:0.9997@390
A:0.9997@390
T:0d0f:0.6296,-0.1987,0.0256,0.0829,-0.5315,-0.1564,0.2838,-0.3331
C:0d0f:0.0000,0.0000,0.0000,0.0000,0.0000,0.0000,0.0000,0.0000
M:0d0f:0.3858,0.3315,-0.2537,-0.5939,-0.3069,-0.0719,0.2583,0.4489
I:0d0f:0.4822,-0.0427,0.0851,0.1186,-0.4451,0.3920,0.4655,0.0361
F:0.9997@390
A:0.9997@390
T:0d11:0.6296,-0.1987,0.0256,0.0829,-0.5315,-0.1564,0.2838,-0.3331
C:0d11:0.0000,0.0000,0.0000,0.0000,0.0000,0.0000,0.0000,0.0000
M:0d11:0.3857,0.3316,-0.2536,-0.5944,-0.3067,-0.0727,0.2586,0.4497
I:0d12:0.4822,-0.0427,0.0851,0.1186,-0.4451,0.3920,0.4655,0.0361
F:0.9997@390
A:0.9997@390
T:0d13:0.6296,-0.1987,0.0256,0.0829,-0.5315,-0.1564,0.2838,-0.3331
C:0d13:0.0000,0.0000,0.0000,0.0000,0.0000,0.0000,0.0000,0.0000
M:0d13:0.3856,0.3317,-0.2534,-0.5949,-0.3064,-0.0735,0.2588,0.4506
I:0d13:0.4822,-0.0427,0.0851,0.1186,-0.4451,0.3920,0.4655,0.0361
F:0.9998@390
A:0.9998@390
T:0d15:0.6296,-0.1987,0.0256,0.0829,-0.5315,-0.1564,0.2838,-0.3331
C:0d15:0.0000,0.0000,0.0000,0.0000,0.0000,0.0000,0.0000,0.0000
M:0d15:0.3855,0.3318,-0.2533,-0.5955,-0.3060,-0.0741,0.2591,0.4515
I:0d16:0.4822,-0.0427,0.0851,0.1186,-0.4451,0.3920,0.4655,0.0361
F:0.9998@390
A:0.9998@390
T:0d17:0.6296,-0.1987,0.0256,0.0829,-0.5315,-0.1564,0.2838,-0.3331
C:0d17:0.0000,0.0000,0.0000,0.0000,0.0000,0.0000,0.0000,0.0000
M:0d17:0.3854,0.3319,-0.2530,-0.5960,-0.3057,-0.0747,0.2593,0.4525
I:0d18:0.4822,-0.0427,0.0851,0.1186,-0.4451,0.3920,0.4655,0.0361
F:0.9998@390
A:0.9998@390
T:0d19:0.6296,-0.1987,0.0256,0.0829,-0.5315,-0.1564,0.2838,-0.3331
C:0d19:0.0000,0.0000,0.0000,0.0000,0.0000,0.0000,0.0000,0.0000
M:0d19:0.3852,0.3320,-0.2528,-0.5966,-0.3053,-0.0753,0.2596,0.4534
I:0d19:0.4822,-0.0427,0.0851,0.1186,-0.4451,0.3920,0.4655,0.0361
F:0.9998@390
A:0.9998@390
T:0d1a:0.6296,-0.1987,0.0256,0.0829,-0.5315,-0.1564,0.2838,-0.3331
C:0d1b:0.0000,0.0000,0.0000,0.0000,0.0000,0.0000,0.0000,0.0000
M:0d1b:0.3852,0.3323,-0.2522,-0.5970,-0.3052,-0.0754,0.2596,0.4542
I:0d1b:0.4822,-0.0427,0.0851,0.1186,-0.4451,0.3920,0.4655,0.0361
F:0.9998@390
A:0.9998@390
T:0d1d:0.6296,-0.1987,0.0256,0.0829,-0.5315,-0.1564,0.2838,-0.3331
C:0d1e:0.0000,0.0000,0.0000,0.0000,0.0000,0.0000,0.0000,0.0000
M:0d1e:0.3849,0.3324,-0.2520,-0.5974,-0.3051,-0.0760,0.2599,0.4549
I:0d1e:0.4822,-0.0427,0.0851,0.1186,-0.4451,0.3920,0.4655,0.0361
F:0.9998@390
A:0.9998@390
T:0d1f:0.6296,-0.1987,0.0256,0.0829,-0.5315,-0.1564,0.2838,-0.3331
C:0d20:0.0000,0.0000,0.0000,0.0000,0.0000,0.0000,0.0000,0.0000
M:0d20:0.3847,0.3323,-0.2522,-0.5980,-0.3046,-0.0774,0.2603,0.4558
I:0d20:0.4822,-0.0427,0.0851,0.1186,-0.4451,0.3920,0.4655,0.0361
F:0.9998@390
A:0.9998@390
T:0d21:0.6296,-0.1987,0.0256,0.0829,-0.5315,-0.1564,0.2838,-0.3331
C:0d21:0.0000,0.0000,0.0000,0.0000,0.0000,0.0000,0.0000,0.0000
M:0d21:0.3847,0.3323,-0.2520,-0.5986,-0.3041,-0.0781,0.2606,0.4569
I:0d22:0.4822,-0.0427,0.0851,0.1186,-0.4451,0.3920,0.4655,0.0361
F:0.9998@390
A:0.9998@390
T:0d23:0.6296,-0.1987,0.0256,0.0829,-0.5315,-0.1564,0.2838,-0.3331
C:0d23:0.0000,0.0000,0.0000,0.0000,0.0000,0.0000,0.0000,0.0000
M:0d23:0.3846,0.3324,-0.2517,-0.5992,-0.3036,-0.0786,0.2608,0.4580
I:0d23:0.4822,-0.0427,0.0851,0.1186,-0.4451,0.3920,0.4655,0.0361
F:0.9998@390
A:0.9998@390
T:0d25:0.6296,-0.1987,0.0256,0.0829,-0.5315,-0.1564,0.2838,-0.3331
C:0d25:0.0000,0.0000,0.0000,0.0000,0.0000,0.0000,0.0000,0.0000
M:0d25:0.3844,0.3326,-0.2513,-0.5997,-0.3032,-0.0791,0.2610,0.4590
I:0d26:0.4822,-0.0427,0.0851,0.1186,-0.4451,0.3920,0.4655,0.0361
F:0.9998@390
A:0.9998@390
T:0d27:0.6296,-0.1987,0.0256,0.0829,-0.5315,-0.1564,0.2838,-0.3331
C:0d27:0.0000,0.0000,0.0000,0.0000,0.0000,0.0000,0.0000,0.0000
M:0d27:0.3842,0.3327,-0.2510,-0.6002,-0.3029,-0.0796,0.2613,0.4599
I:0d28:0.4822,-0.0427,0.0851,0.1186,-0.4451,0.3920,0.4655,0.0361
F:0.9999@390
A:0.9999@390
T:0d29:0.6296,-0.1987,0.0256,0.0829,-0.5315,-0.1564,0.2838,-0.3331
C:0d29:0.0000,0.0000,0.0000,0.0000,0.0000,0.0000,0.0000,0.0000
M:0d29:0.3840,0.3327,-0.2507,-0.6007,-0.3026,-0.0802,0.2615,0.4607
I:0d29:0.4822,-0.0427,0.0851,0.1186,-0.4451,0.3920,0.4655,0.0361
F:0.9999@390
A:0.9999@390
T:0d2b:0.6296,-0.1987,0.0256,0.0829,-0.5315,-0.1564,0.2838,-0.3331
C:0d2b:0.0000,0.0000,0.0000,0.0000,0.0000,0.0000,0.0000,0.0000
M:0d2b:0.3838,0.3328,-0.2504,-0.6012,-0.3023,-0.0809,0.2618,0.4616
I:0d2c:0.4822,-0.0427,0.0851,0.1186,-0.4451,0.3920,0.4655,0.0361
F:0.9999@390
A:0.9999@390
T:0d2e:0.6296,-0.1987,0.0256,0.0829,-0.5315,-0.1564,0.2838,-0.3331
C:0d2e:0.0000,0.0000,0.0000,0.0000,0.0000,0.0000,0.0000,0.0000
M:0d2e:0.3837,0.3329,-0.2502,-0.6017,-0.3020,-0.0816,0.2620,0.4625
I:0d2f:0.4822,-0.0427,0.0851,0.1186,-0.4451,0.3920,0.4655,0.0361
F:0.9999@390
A:0.9999@390
T:0d30:0.6296,-0.1987,0.0256,0.0829,-0.5315,-0.1564,0.2838,-0.3331
C:0d30:0.0000,0.0000,0.0000,0.0000,0.0000,0.0000,0.0000,0.0000
M:0d30:0.3834,0.3328,-0.2502,-0.6023,-0.3015,-0.0827,0.2624,0.4635
I:0d31:0.4822,-0.0427,0.0851,0.1186,-0.4451,0.3920,0.4655,0.0361
F:0.9999@390
A:0.9999@390
T:0d32:0.6296,-0.1987,0.0256,0.0829,-0.5315,-0.1564,0.2838,-0.3331
C:0d32:0.0000,0.0000,0.0000,0.0000,0.0000,0.0000,0.0000,0.0000
M:0d33:0.3834,0.3329,-0.2499,-0.6029,-0.3009,-0.0833,0.2627,0.4646
I:0d33:0.4822,-0.0427,0.0851,0.1186,-0.4451,0.3920,0.4655,0.0361
F:0.9999@390
A:0.9999@390
T:0d34:0.6296,-0.1987,0.0256,0.0829,-0.5315,-0.1564,0.2838,-0.3331
C:0d34:0.0000,0.0000,0.0000,0.0000,0.0000,0.0000,0.0000,0.0000
M:0d34:0.3832,0.3330,-0.2495,-0.6035,-0.3005,-0.0838,0.2629,0.4656
I:0d35:0.4822,-0.0427,0.0851,0.1186,-0.4451,0.3920,0.4655,0.0361
F:0.9999@390
A:0.9999@390
T:0d36:0.6296,-0.1987,0.0256,0.0829,-0.5315,-0.1564,0.2838,-0.3331
C:0d36:0.0000,0.0000,0.0000,0.0000,0.0000,0.0000,0.0000,0.0000
M:0d36:0.3830,0.3332,-0.2491,-0.6040,-0.3002,-0.0843,0.2631,0.4666
I:0d36:0.4822,-0.0427,0.0851,0.1186,-0.4451,0.3920,0.4655,0.0361
F:0.9999@390
A:0.9999@390
T:0d39:0.6296,-0.1987,0.0256,0.0829,-0.5315,-0.1564,0.2838,-0.3331
C:0d39:0.0000,0.0000,0.0000,0.0000,0.0000,0.0000,0.0000,0.0000
M:0d39:0.3828,0.3332,-0.2488,-0.6045,-0.2999,-0.0849,0.2633,0.4674
I:0d39:0.4822,-0.0427,0.0851,0.1186,-0.4451,0.3920,0.4655,0.0361
F:1.0000@390
A:1.0000@390
T:0d3a:0.6296,-0.1987,0.0256,0.0829,-0.5315,-0.1564,0.2838,-0.3331
C:0d3a:0.0000,0.0000,0.0000,0.0000,0.0000,0.0000,0.0000,0.0000
M:0d3a:0.3826,0.3333,-0.2485,-0.6050,-0.2996,-0.0855,0.2636,0.4683
I:0d3a:0.4822,-0.0427,0.0851,0.1186,-0.4451,0.3920,0.4655,0.0361
F:1.0000@390
A:1.0000@390
T:0d3c:0.6296,-0.1987,0.0256,0.0829,-0.5315,-0.1564,0.2838,-0.3331
C:0d3c:0.0000,0.0000,0.0000,0.0000,0.0000,0.0000,0.0000,0.0000
M:0d3c:0.3824,0.3334,-0.2482,-0.6055,-0.2994,-0.0862,0.2638,0.4691
I:0d3c:0.4822,-0.0427,0.0851,0.1186,-0.4451,0.3920,0.4655,0.0361
F:1.0000@390
A:1.0000@390
T:0d3e:0.6296,-0.1987,0.0256,0.0829,-0.5315,-0.1564,0.2838,-0.3331
C:0d3e:0.0000,0.0000,0.0000,0.0000,0.0000,0.0000,0.0000,0.0000
M:0d3e:0.3823,0.3335,-0.2479,-0.6060,-0.2990,-0.0869,0.2641,0.4700
I:0d3f:0.4822,-0.0427,0.0851,0.1186,-0.4451,0.3920,0.4655,0.0361
F:1.0000@390
A:1.0000@390
T:0d40:0.6296,-0.1987,0.0256,0.0829,-0.5315,-0.1564,0.2838,-0.3331
C:0d40:0.0000,0.0000,0.0000,0.0000,0.0000,0.0000,0.0000,0.0000
M:0d40:0.3821,0.3336,-0.2477,-0.6065,-0.2987,-0.0875,0.2643,0.4708
I:0d40:0.4822,-0.0427,0.0851,0.1186,-0.4451,0.3920,0.4655,0.0361
F:1.0000@390
A:1.0000@390
T:0d42:0.6296,-0.1987,0.0256,0.0829,-0.5315,-0.1564,0.2838,-0.3331
C:0d42:0.0000,0.0000,0.0000,0.0000,0.0000,0.0000,0.0000,0.0000
M:0d42:0.3819,0.3336,-0.2474,-0.6069,-0.2983,-0.0881,0.2645,0.4717
I:0d43:0.4822,-0.0427,0.0851,0.1186,-0.4451,0.3920,0.4655,0.0361
F:1.0000@390
A:1.0000@390
T:0d44:0.6296,-0.1987,0.0256,0.0829,-0.5315,-0.1564,0.2838,-0.3331
C:0d44:0.0000,0.0000,0.0000,0.0000,0.0000,0.0000,0.0000,0.0000
M:0d44:0.3818,0.3337,-0.2472,-0.6074,-0.2979,-0.0888,0.2647,0.4726
I:0d45:0.4822,-0.0427,0.0851,0.1186,-0.4451,0.3920,0.4655,0.0361
F:1.0000@390
A:1.0000@390
T:0d46:0.6296,-0.1987,0.0256,0.0829,-0.5315,-0.1564,0.2838,-0.3331
C:0d46:0.0000,0.0000,0.0000,0.0000,0.0000,0.0000,0.0000,0.0000
M:0d46:0.3816,0.3337,-0.2469,-0.6079,-0.2975,-0.0894,0.2650,0.4734
I:0d46:0.4822,-0.0427,0.0851,0.1186,-0.4451,0.3920,0.4655,0.0361
F:1.0000@390
A:1.0000@390
{
  "exo_version": "0.12",
  "last_tick": 3400,
  "attractor": {
    "events": 1,
    "sim_mean": 1.0000
  },
  "memory": {
    "unique_patterns": 3,
    "familiarity_mean": 1.0000
  },
  "path_dependency_index": 1.9150,
  "sedimentation": true
}

T:0d48:0.6296,-0.1987,0.0256,0.0829,-0.5315,-0.1564,0.2838,-0.3331
C:0d49:0.0000,0.0000,0.0000,0.0000,0.0000,0.0000,0.0000,0.0000
M:0d4a:0.3814,0.3338,-0.2466,-0.6084,-0.2972,-0.0900,0.2652,0.4742
I:0d4a:0.4822,-0.0427,0.0851,0.1186,-0.4451,0.3920,0.4655,0.0361
F:1.0000@390
A:1.0000@390
T:0d4b:0.6296,-0.1987,0.0256,0.0829,-0.5315,-0.1564,0.2838,-0.3331
C:0d4c:0.0000,0.0000,0.0000,0.0000,0.0000,0.0000,0.0000,0.0000
M:0d4c:0.3811,0.3337,-0.2467,-0.6090,-0.2965,-0.0911,0.2656,0.4752
I:0d4c:0.4822,-0.0427,0.0851,0.1186,-0.4451,0.3920,0.4655,0.0361
F:1.0000@390
A:1.0000@390
T:0d4d:0.6296,-0.1987,0.0256,0.0829,-0.5315,-0.1564,0.2838,-0.3331
C:0d4d:0.0000,0.0000,0.0000,0.0000,0.0000,0.0000,0.0000,0.0000
M:0d4d:0.3810,0.3337,-0.2464,-0.6095,-0.2959,-0.0917,0.2659,0.4763
I:0d4d:0.4822,-0.0427,0.0851,0.1186,-0.4451,0.3920,0.4655,0.0361
F:1.0000@390
A:1.0000@390
T:0d4f:0.6296,-0.1987,0.0256,0.0829,-0.5315,-0.1564,0.2838,-0.3331
C:0d4f:0.0000,0.0000,0.0000,0.0000,0.0000,0.0000,0.0000,0.0000
M:0d4f:0.3809,0.3338,-0.2460,-0.6100,-0.2954,-0.0922,0.2660,0.4772
I:0d4f:0.4822,-0.0427,0.0851,0.1186,-0.4451,0.3920,0.4655,0.0361
F:1.0000@390
A:1.0000@390
T:0d51:0.6296,-0.1987,0.0256,0.0829,-0.5315,-0.1564,0.2838,-0.3331
C:0d51:0.0000,0.0000,0.0000,0.0000,0.0000,0.0000,0.0000,0.0000
M:0d51:0.3806,0.3338,-0.2456,-0.6105,-0.2950,-0.0927,0.2662,0.4781
I:0d51:0.4822,-0.0427,0.0851,0.1186,-0.4451,0.3920,0.4655,0.0361
F:1.0000@390
A:1.0000@390
T:0d53:0.6296,-0.1987,0.0256,0.0829,-0.5315,-0.1564,0.2838,-0.3331
C:0d53:0.0000,0.0000,0.0000,0.0000,0.0000,0.0000,0.0000,0.0000
M:0d53:0.3804,0.3339,-0.2452,-0.6109,-0.2947,-0.0933,0.2665,0.4789
I:0d54:0.4822,-0.0427,0.0851,0.1186,-0.4451,0.3920,0.4655,0.0361
F:1.0000@390
A:1.0000@390
T:0d55:0.6296,-0.1987,0.0256,0.0829,-0.5315,-0.1564,0.2838,-0.3331
C:0d55:0.0000,0.0000,0.0000,0.0000,0.0000,0.0000,0.0000,0.0000
M:0d55:0.3802,0.3339,-0.2449,-0.6114,-0.2944,-0.0939,0.2667,0.4797
I:0d55:0.4822,-0.0427,0.0851,0.1186,-0.4451,0.3920,0.4655,0.0361
F:1.0000@390
A:1.0000@390
T:0d56:0.6296,-0.1987,0.0256,0.0829,-0.5315,-0.1564,0.2838,-0.3331
C:0d56:0.0000,0.0000,0.0000,0.0000,0.0000,0.0000,0.0000,0.0000
M:0d56:0.3801,0.3341,-0.2443,-0.6118,-0.2942,-0.0940,0.2668,0.4804
I:0d56:0.4822,-0.0427,0.0851,0.1186,-0.4451,0.3920,0.4655,0.0361
F:0.9999@390
A:0.9999@390
T:0d58:0.6296,-0.1987,0.0256,0.0829,-0.5315,-0.1564,0.2838,-0.3331
C:0d58:0.0000,0.0000,0.0000,0.0000,0.0000,0.0000,0.0000,0.0000
M:0d58:0.3798,0.3341,-0.2441,-0.6122,-0.2941,-0.0947,0.2670,0.4810
I:0d58:0.4822,-0.0427,0.0851,0.1186,-0.4451,0.3920,0.4655,0.0361
F:0.9999@390
A:0.9999@390
T:0d5a:0.6296,-0.1987,0.0256,0.0829,-0.5315,-0.1564,0.2838,-0.3331
C:0d5a:0.0000,0.0000,0.0000,0.0000,0.0000,0.0000,0.0000,0.0000
M:0d5a:0.3796,0.3341,-0.2440,-0.6126,-0.2938,-0.0955,0.2672,0.4817
I:0d5b:0.4822,-0.0427,0.0851,0.1186,-0.4451,0.3920,0.4655,0.0361
F:0.9999@390
A:0.9999@390
T:0d5c:0.6296,-0.1987,0.0256,0.0829,-0.5315,-0.1564,0.2838,-0.3331
C:0d5c:0.0000,0.0000,0.0000,0.0000,0.0000,0.0000,0.0000,0.0000
M:0d5c:0.3795,0.3341,-0.2439,-0.6130,-0.2933,-0.0963,0.2675,0.4825
I:0d5d:0.4822,-0.0427,0.0851,0.1186,-0.4451,0.3920,0.4655,0.0361
F:0.9999@390
A:0.9999@390
T:0d5e:0.6296,-0.1987,0.0256,0.0829,-0.5315,-0.1564,0.2838,-0.3331
C:0d5e:0.0000,0.0000,0.0000,0.0000,0.0000,0.0000,0.0000,0.0000
M:0d5e:0.3794,0.3342,-0.2437,-0.6135,-0.2928,-0.0969,0.2677,0.4833
I:0d5f:0.4822,-0.0427,0.0851,0.1186,-0.4451,0.3920,0.4655,0.0361
F:0.9999@390
A:0.9999@390
T:0d60:0.6296,-0.1987,0.0256,0.0829,-0.5315,-0.1564,0.2838,-0.3331
C:0d60:0.0000,0.0000,0.0000,0.0000,0.0000,0.0000,0.0000,0.0000
M:0d60:0.3792,0.3342,-0.2435,-0.6140,-0.2923,-0.0975,0.2679,0.4842
I:0d60:0.4822,-0.0427,0.0851,0.1186,-0.4451,0.3920,0.4655,0.0361
F:0.9999@390
A:0.9999@390
T:0d61:0.6296,-0.1987,0.0256,0.0829,-0.5315,-0.1564,0.2838,-0.3331
C:0d62:0.0000,0.0000,0.0000,0.0000,0.0000,0.0000,0.0000,0.0000
M:0d62:0.3791,0.3343,-0.2429,-0.6143,-0.2920,-0.0975,0.2680,0.4849
I:0d62:0.4822,-0.0427,0.0851,0.1186,-0.4451,0.3920,0.4655,0.0361
F:0.9999@390
A:0.9999@390
T:0d63:0.6296,-0.1987,0.0256,0.0829,-0.5315,-0.1564,0.2838,-0.3331
C:0d63:0.0000,0.0000,0.0000,0.0000,0.0000,0.0000,0.0000,0.0000
M:0d63:0.3788,0.3343,-0.2427,-0.6147,-0.2918,-0.0981,0.2682,0.4855
I:0d63:0.4822,-0.0427,0.0851,0.1186,-0.4451,0.3920,0.4655,0.0361
F:0.9999@390
A:0.9999@390
T:0d65:0.6296,-0.1987,0.0256,0.0829,-0.5315,-0.1564,0.2838,-0.3331
C:0d65:0.0000,0.0000,0.0000,0.0000,0.0000,0.0000,0.0000,0.0000
M:0d65:0.3785,0.3343,-0.2426,-0.6151,-0.2914,-0.0989,0.2684,0.4862
I:0d66:0.4822,-0.0427,0.0851,0.1186,-0.4451,0.3920,0.4655,0.0361
F:0.9999@390
A:0.9999@390
T:0d68:0.6296,-0.1987,0.0256,0.0829,-0.5315,-0.1564,0.2838,-0.3331
C:0d68:0.0000,0.0000,0.0000,0.0000,0.0000,0.0000,0.0000,0.0000
M:0d68:0.3784,0.3342,-0.2424,-0.6155,-0.2909,-0.0996,0.2687,0.4869
I:0d68:0.4822,-0.0427,0.0851,0.1186,-0.4451,0.3920,0.4655,0.0361
F:0.9999@390
A:0.9999@390
T:0d69:0.6296,-0.1987,0.0256,0.0829,-0.5315,-0.1564,0.2838,-0.3331
C:0d6a:0.0000,0.0000,0.0000,0.0000,0.0000,0.0000,0.0000,0.0000
M:0d6a:0.3783,0.3342,-0.2423,-0.6160,-0.2904,-0.1002,0.2689,0.4877
I:0d6b:0.4822,-0.0427,0.0851,0.1186,-0.4451,0.3920,0.4655,0.0361
F:0.9999@390
A:0.9999@390
T:0d6c:0.6296,-0.1987,0.0256,0.0829,-0.5315,-0.1564,0.2838,-0.3331
C:0d6c:0.0000,0.0000,0.0000,0.0000,0.0000,0.0000,0.0000,0.0000
M:0d6c:0.3780,0.3340,-0.2423,-0.6165,-0.2896,-0.1013,0.2693,0.4887
I:0d6d:0.4822,-0.0427,0.0851,0.1186,-0.4451,0.3920,0.4655,0.0361
F:0.9998@390
A:0.9998@390
T:0d6e:0.6296,-0.1987,0.0256,0.0829,-0.5315,-0.1564,0.2838,-0.3331
C:0d6e:0.0000,0.0000,0.0000,0.0000,0.0000,0.0000,0.0000,0.0000
M:0d6e:0.3779,0.3340,-0.2421,-0.6170,-0.2888,-0.1019,0.2695,0.4897
I:0d6f:0.4822,-0.0427,0.0851,0.1186,-0.4451,0.3920,0.4655,0.0361
F:0.9998@390
A:0.9998@390
T:0d70:0.6296,-0.1987,0.0256,0.0829,-0.5315,-0.1564,0.2838,-0.3331
C:0d70:0.0000,0.0000,0.0000,0.0000,0.0000,0.0000,0.0000,0.0000
M:0d70:0.3776,0.3339,-0.2417,-0.6174,-0.2882,-0.1023,0.2697,0.4906
I:0d71:0.4822,-0.0427,0.0851,0.1186,-0.4451,0.3920,0.4655,0.0361
F:0.9998@390
A:0.9998@390
T:0d72:0.6296,-0.1987,0.0256,0.0829,-0.5315,-0.1564,0.2838,-0.3331
C:0d72:0.0000,0.0000,0.0000,0.0000,0.0000,0.0000,0.0000,0.0000
M:0d72:0.3774,0.3339,-0.2413,-0.6179,-0.2877,-0.1027,0.2699,0.4914
I:0d72:0.4822,-0.0427,0.0851,0.1186,-0.4451,0.3920,0.4655,0.0361
F:0.9998@390
A:0.9998@390
T:0d74:0.6296,-0.1987,0.0256,0.0829,-0.5315,-0.1564,0.2838,-0.3331
C:0d74:0.0000,0.0000,0.0000,0.0000,0.0000,0.0000,0.0000,0.0000
M:0d74:0.3772,0.3341,-0.2406,-0.6182,-0.2875,-0.1028,0.2700,0.4921
I:0d74:0.4822,-0.0427,0.0851,0.1186,-0.4451,0.3920,0.4655,0.0361
F:0.9998@390
A:0.9998@390
T:0d76:0.6296,-0.1987,0.0256,0.0829,-0.5315,-0.1564,0.2838,-0.3331
C:0d76:0.0000,0.0000,0.0000,0.0000,0.0000,0.0000,0.0000,0.0000
M:0d77:0.3768,0.3341,-0.2403,-0.6185,-0.2874,-0.1034,0.2701,0.4926
I:0d77:0.4822,-0.0427,0.0851,0.1186,-0.4451,0.3920,0.4655,0.0361
F:0.9998@390
A:0.9998@390
T:0d79:0.6296,-0.1987,0.0256,0.0829,-0.5315,-0.1564,0.2838,-0.3331
C:0d79:0.0000,0.0000,0.0000,0.0000,0.0000,0.0000,0.0000,0.0000
M:0d79:0.3765,0.3338,-0.2404,-0.6190,-0.2868,-0.1048,0.2706,0.4934
I:0d7a:0.4822,-0.0427,0.0851,0.1186,-0.4451,0.3920,0.4655,0.0361
F:0.9998@390
A:0.9998@390
T:0d7b:0.6296,-0.1987,0.0256,0.0829,-0.5315,-0.1564,0.2838,-0.3331
C:0d7b:0.0000,0.0000,0.0000,0.0000,0.0000,0.0000,0.0000,0.0000
M:0d7b:0.3764,0.3336,-0.2406,-0.6196,-0.2858,-0.1060,0.2710,0.4944
I:0d7d:0.4822,-0.0427,0.0851,0.1186,-0.4451,0.3920,0.4655,0.0361
F:0.9998@390
A:0.9998@390
T:0d7e:0.6296,-0.1987,0.0256,0.0829,-0.5315,-0.1564,0.2838,-0.3331
C:0d7e:0.0000,0.0000,0.0000,0.0000,0.0000,0.0000,0.0000,0.0000
M:0d7e:0.3762,0.3334,-0.2405,-0.6202,-0.2847,-0.1070,0.2714,0.4956
I:0d7e:0.4822,-0.0427,0.0851,0.1186,-0.4451,0.3920,0.4655,0.0361
F:0.9998@390
A:0.9998@390
T:0d80:0.6296,-0.1987,0.0256,0.0829,-0.5315,-0.1564,0.2838,-0.3331
C:0d80:0.0000,0.0000,0.0000,0.0000,0.0000,0.0000,0.0000,0.0000
M:0d80:0.3762,0.3336,-0.2397,-0.6207,-0.2840,-0.1067,0.2714,0.4966
I:0d80:0.4822,-0.0427,0.0851,0.1186,-0.4451,0.3920,0.4655,0.0361
F:0.9997@390
A:0.9997@390
T:0d82:0.6296,-0.1987,0.0256,0.0829,-0.5315,-0.1564,0.2838,-0.3331
C:0d82:0.0000,0.0000,0.0000,0.0000,0.0000,0.0000,0.0000,0.0000
M:0d82:0.3756,0.3335,-0.2394,-0.6211,-0.2835,-0.1075,0.2716,0.4975
I:0d83:0.4822,-0.0427,0.0851,0.1186,-0.4451,0.3920,0.4655,0.0361
F:0.9997@390
A:0.9997@390
T:0d85:0.6296,-0.1987,0.0256,0.0829,-0.5315,-0.1564,0.2838,-0.3331
C:0d85:0.0000,0.0000,0.0000,0.0000,0.0000,0.0000,0.0000,0.0000
M:0d86:0.3752,0.3333,-0.2393,-0.6217,-0.2827,-0.1086,0.2720,0.4984
I:0d86:0.4822,-0.0427,0.0851,0.1186,-0.4451,0.3920,0.4655,0.0361
F:0.9997@390
A:0.9997@390
T:0d87:0.6296,-0.1987,0.0256,0.0829,-0.5315,-0.1564,0.2838,-0.3331
C:0d87:0.0000,0.0000,0.0000,0.0000,0.0000,0.0000,0.0000,0.0000
M:0d87:0.3751,0.3332,-0.2388,-0.6221,-0.2820,-0.1091,0.2723,0.4994
I:0d88:0.4822,-0.0427,0.0851,0.1186,-0.4451,0.3920,0.4655,0.0361
F:0.9997@390
A:0.9997@390
T:0d89:0.6296,-0.1987,0.0256,0.0829,-0.5315,-0.1564,0.2838,-0.3331
C:0d89:0.0000,0.0000,0.0000,0.0000,0.0000,0.0000,0.0000,0.0000
M:0d8a:0.3748,0.3332,-0.2383,-0.6226,-0.2815,-0.1096,0.2724,0.5002
I:0d8a:0.4822,-0.0427,0.0851,0.1186,-0.4451,0.3920,0.4655,0.0361
F:0.9997@390
A:0.9997@390
T:0d8b:0.6296,-0.1987,0.0256,0.0829,-0.5315,-0.1564,0.2838,-0.3331
C:0d8b:0.0000,0.0000,0.0000,0.0000,0.0000,0.0000,0.0000,0.0000
M:0d8b:0.3745,0.3332,-0.2378,-0.6230,-0.2811,-0.1101,0.2726,0.5010
I:0d8c:0.4822,-0.0427,0.0851,0.1186,-0.4451,0.3920,0.4655,0.0361
F:0.9996@390
A:0.9996@390
T:0d8e:0.6296,-0.1987,0.0256,0.0829,-0.5315,-0.1564,0.2838,-0.3331
C:0d8e:0.0000,0.0000,0.0000,0.0000,0.0000,0.0000,0.0000,0.0000
M:0d8e:0.3742,0.3332,-0.2374,-0.6234,-0.2808,-0.1107,0.2728,0.5017
I:0d8e:0.4822,-0.0427,0.0851,0.1186,-0.4451,0.3920,0.4655,0.0361
F:0.9996@390
A:0.9996@390
T:0d90:0.6296,-0.1987,0.0256,0.0829,-0.5315,-0.1564,0.2838,-0.3331
C:0d90:0.0000,0.0000,0.0000,0.0000,0.0000,0.0000,0.0000,0.0000
M:0d90:0.3739,0.3330,-0.2374,-0.6239,-0.2802,-0.1118,0.2731,0.5025
I:0d91:0.4822,-0.0427,0.0851,0.1186,-0.4451,0.3920,0.4655,0.0361
F:0.9996@390
A:0.9996@390
T:0d92:0.6296,-0.1987,0.0256,0.0829,-0.5315,-0.1564,0.2838,-0.3331
C:0d92:0.0000,0.0000,0.0000,0.0000,0.0000,0.0000,0.0000,0.0000
M:0d92:0.3737,0.3330,-0.2371,-0.6244,-0.2795,-0.1125,0.2734,0.5034
I:0d92:0.4822,-0.0427,0.0851,0.1186,-0.4451,0.3920,0.4655,0.0361
F:0.9995@390
A:0.9995@390
T:0d94:0.6296,-0.1987,0.0256,0.0829,-0.5315,-0.1564,0.2838,-0.3331
C:0d94:0.0000,0.0000,0.0000,0.0000,0.0000,0.0000,0.0000,0.0000
M:0d94:0.3735,0.3330,-0.2367,-0.6248,-0.2789,-0.1129,0.2735,0.5043
I:0d94:0.4822,-0.0427,0.0851,0.1186,-0.4451,0.3920,0.4655,0.0361
F:0.9995@390
A:0.9995@390
T:0d96:0.6296,-0.1987,0.0256,0.0829,-0.5315,-0.1564,0.2838,-0.3331
C:0d96:0.0000,0.0000,0.0000,0.0000,0.0000,0.0000,0.0000,0.0000
M:0d96:0.3733,0.3330,-0.2363,-0.6252,-0.2784,-0.1134,0.2737,0.5050
I:0d96:0.4822,-0.0427,0.0851,0.1186,-0.4451,0.3920,0.4655,0.0361
F:0.9995@390
A:0.9995@390
T:0d98:0.6296,-0.1987,0.0256,0.0829,-0.5315,-0.1564,0.2838,-0.3331
C:0d98:0.0000,0.0000,0.0000,0.0000,0.0000,0.0000,0.0000,0.0000
M:0d98:0.3730,0.3330,-0.2359,-0.6256,-0.2779,-0.1140,0.2739,0.5057
I:0d98:0.4822,-0.0427,0.0851,0.1186,-0.4451,0.3920,0.4655,0.0361
F:0.9995@390
A:0.9995@390
T:0d9a:0.6296,-0.1987,0.0256,0.0829,-0.5315,-0.1564,0.2838,-0.3331
C:0d9a:0.0000,0.0000,0.0000,0.0000,0.0000,0.0000,0.0000,0.0000
M:0d9a:0.3727,0.3329,-0.2356,-0.6260,-0.2775,-0.1146,0.2741,0.5064
I:0d9b:0.4822,-0.0427,0.0851,0.1186,-0.4451,0.3920,0.4655,0.0361
F:0.9995@390
A:0.9995@390
T:0d9c:0.6296,-0.1987,0.0256,0.0829,-0.5315,-0.1564,0.2838,-0.3331
C:0d9c:0.0000,0.0000,0.0000,0.0000,0.0000,0.0000,0.0000,0.0000
M:0d9c:0.3724,0.3329,-0.2353,-0.6264,-0.2770,-0.1152,0.2743,0.5072
I:0d9c:0.4822,-0.0427,0.0851,0.1186,-0.4451,0.3920,0.4655,0.0361
F:0.9995@390
A:0.9995@390
T:0d9d:0.6296,-0.1987,0.0256,0.0829,-0.5315,-0.1564,0.2838,-0.3331
C:0d9d:0.0000,0.0000,0.0000,0.0000,0.0000,0.0000,0.0000,0.0000
M:0d9d:0.3723,0.3330,-0.2347,-0.6267,-0.2768,-0.1153,0.2743,0.5078
I:0d9d:0.4822,-0.0427,0.0851,0.1186,-0.4451,0.3920,0.4655,0.0361
F:0.9995@390
A:0.9995@390
T:0d9f:0.6296,-0.1987,0.0256,0.0829,-0.5315,-0.1564,0.2838,-0.3331
C:0d9f:0.0000,0.0000,0.0000,0.0000,0.0000,0.0000,0.0000,0.0000
M:0d9f:0.3721,0.3331,-0.2341,-0.6269,-0.2767,-0.1155,0.2743,0.5082
I:0d9f:0.4822,-0.0427,0.0851,0.1186,-0.4451,0.3920,0.4655,0.0361
F:0.9995@390
A:0.9995@390
T:0da0:0.6296,-0.1987,0.0256,0.0829,-0.5315,-0.1564,0.2838,-0.3331
C:0da0:0.0000,0.0000,0.0000,0.0000,0.0000,0.0000,0.0000,0.0000
M:0da0:0.3718,0.3331,-0.2340,-0.6272,-0.2765,-0.1163,0.2745,0.5086
I:0da1:0.4822,-0.0427,0.0851,0.1186,-0.4451,0.3920,0.4655,0.0361
F:0.9995@390
A:0.9995@390
T:0da2:0.6296,-0.1987,0.0256,0.0829,-0.5315,-0.1564,0.2838,-0.3331
C:0da2:0.0000,0.0000,0.0000,0.0000,0.0000,0.0000,0.0000,0.0000
M:0da2:0.3716,0.3330,-0.2340,-0.6276,-0.2761,-0.1171,0.2748,0.5092
I:0da3:0.4822,-0.0427,0.0851,0.1186,-0.4451,0.3920,0.4655,0.0361
F:0.9995@390
A:0.9995@390
T:0da4:0.6296,-0.1987,0.0256,0.0829,-0.5315,-0.1564,0.2838,-0.3331
C:0da4:0.0000,0.0000,0.0000,0.0000,0.0000,0.0000,0.0000,0.0000
M:0da4:0.3714,0.3329,-0.2339,-0.6280,-0.2754,-0.1178,0.2751,0.5099
I:0da5:0.4822,-0.0427,0.0851,0.1186,-0.4451,0.3920,0.4655,0.0361
F:0.9995@390
A:0.9995@390
T:0da6:0.6296,-0.1987,0.0256,0.0829,-0.5315,-0.1564,0.2838,-0.3331
C:0da6:0.0000,0.0000,0.0000,0.0000,0.0000,0.0000,0.0000,0.0000
M:0da6:0.3713,0.3328,-0.2338,-0.6284,-0.2747,-0.1184,0.2753,0.5106
I:0da7:0.4822,-0.0427,0.0851,0.1186,-0.4451,0.3920,0.4655,0.0361
F:0.9994@390
A:0.9994@390
T:0da9:0.6296,-0.1987,0.0256,0.0829,-0.5315,-0.1564,0.2838,-0.3331
C:0da9:0.0000,0.0000,0.0000,0.0000,0.0000,0.0000,0.0000,0.0000
M:0da9:0.3711,0.3327,-0.2336,-0.6288,-0.2740,-0.1190,0.2755,0.5114
I:0da9:0.4822,-0.0427,0.0851,0.1186,-0.4451,0.3920,0.4655,0.0361
F:0.9994@390
A:0.9994@390
T:0daa:0.6296,-0.1987,0.0256,0.0829,-0.5315,-0.1564,0.2838,-0.3331
C:0daa:0.0000,0.0000,0.0000,0.0000,0.0000,0.0000,0.0000,0.0000
M:0daa:0.3708,0.3325,-0.2334,-0.6291,-0.2733,-0.1195,0.2757,0.5121
I:0dab:0.4822,-0.0427,0.0851,0.1186,-0.4451,0.3920,0.4655,0.0361
F:0.9994@390
A:0.9994@390
{
  "exo_version": "0.12",
  "last_tick": 3500,
  "attractor": {
    "events": 1,
    "sim_mean": 0.9994
  },
  "memory": {
    "unique_patterns": 3,
    "familiarity_mean": 0.9994
  },
  "path_dependency_index": 1.9150,
  "sedimentation": true
}

T:0dac:0.6296,-0.1987,0.0256,0.0829,-0.5315,-0.1564,0.2838,-0.3331
C:0dac:0.0000,0.0000,0.0000,0.0000,0.0000,0.0000,0.0000,0.0000
M:0dac:0.3705,0.3324,-0.2331,-0.6295,-0.2726,-0.1200,0.2759,0.5128
I:0dad:0.4822,-0.0427,0.0851,0.1186,-0.4451,0.3920,0.4655,0.0361
F:0.9994@390
A:0.9994@390
T:0dae:0.6296,-0.1987,0.0256,0.0829,-0.5315,-0.1564,0.2838,-0.3331
C:0dae:0.0000,0.0000,0.0000,0.0000,0.0000,0.0000,0.0000,0.0000
M:0daf:0.3702,0.3323,-0.2327,-0.6299,-0.2720,-0.1205,0.2761,0.5135
I:0daf:0.4822,-0.0427,0.0851,0.1186,-0.4451,0.3920,0.4655,0.0361
F:0.9993@390
A:0.9993@390
T:0db0:0.6296,-0.1987,0.0256,0.0829,-0.5315,-0.1564,0.2838,-0.3331
C:0db0:0.0000,0.0000,0.0000,0.0000,0.0000,0.0000,0.0000,0.0000
M:0db0:0.3699,0.3321,-0.2324,-0.6302,-0.2714,-0.1211,0.2763,0.5142
I:0db0:0.4822,-0.0427,0.0851,0.1186,-0.4451,0.3920,0.4655,0.0361
F:0.9991@390
A:0.9991@390
T:0db2:0.6296,-0.1987,0.0256,0.0829,-0.5315,-0.1564,0.2838,-0.3331
C:0db2:0.0000,0.0000,0.0000,0.0000,0.0000,0.0000,0.0000,0.0000
M:0db2:0.3697,0.3320,-0.2321,-0.6306,-0.2708,-0.1217,0.2765,0.5149
I:0db3:0.4822,-0.0427,0.0851,0.1186,-0.4451,0.3920,0.4655,0.0361
F:0.9991@390
A:0.9991@390
T:0db4:0.6296,-0.1987,0.0256,0.0829,-0.5315,-0.1564,0.2838,-0.3331
C:0db4:0.0000,0.0000,0.0000,0.0000,0.0000,0.0000,0.0000,0.0000
M:0db4:0.3694,0.3319,-0.2318,-0.6309,-0.2702,-0.1222,0.2767,0.5156
I:0db5:0.4822,-0.0427,0.0851,0.1186,-0.4451,0.3920,0.4655,0.0361
F:0.9991@390
A:0.9991@390
T:0db6:0.6296,-0.1987,0.0256,0.0829,-0.5315,-0.1564,0.2838,-0.3331
C:0db6:0.0000,0.0000,0.0000,0.0000,0.0000,0.0000,0.0000,0.0000
M:0db6:0.3691,0.3318,-0.2315,-0.6313,-0.2696,-0.1228,0.2769,0.5163
I:0db7:0.4822,-0.0427,0.0851,0.1186,-0.4451,0.3920,0.4655,0.0361
F:0.9990@390
A:0.9990@390
T:0db8:0.6296,-0.1987,0.0256,0.0829,-0.5315,-0.1564,0.2838,-0.3331
C:0db8:0.0000,0.0000,0.0000,0.0000,0.0000,0.0000,0.0000,0.0000
M:0db8:0.3689,0.3317,-0.2312,-0.6317,-0.2690,-0.1234,0.2771,0.5170
I:0db8:0.4822,-0.0427,0.0851,0.1186,-0.4451,0.3920,0.4655,0.0361
F:0.9990@390
A:0.9990@390
T:0db9:0.6296,-0.1987,0.0256,0.0829,-0.5315,-0.1564,0.2838,-0.3331
C:0dbb:0.0000,0.0000,0.0000,0.0000,0.0000,0.0000,0.0000,0.0000
M:0dbb:0.3687,0.3317,-0.2306,-0.6319,-0.2686,-0.1235,0.2771,0.5176
I:0dbb:0.4822,-0.0427,0.0851,0.1186,-0.4451,0.3920,0.4655,0.0361
F:0.9990@390
A:0.9990@390
T:0dbc:0.6296,-0.1987,0.0256,0.0829,-0.5315,-0.1564,0.2838,-0.3331
C:0dbc:0.0000,0.0000,0.0000,0.0000,0.0000,0.0000,0.0000,0.0000
M:0dbc:0.3682,0.3315,-0.2307,-0.6323,-0.2680,-0.1246,0.2774,0.5182
I:0dbd:0.4822,-0.0427,0.0851,0.1186,-0.4451,0.3920,0.4655,0.0361
F:0.9990@390
A:0.9990@390
T:0dbe:0.6296,-0.1987,0.0256,0.0829,-0.5315,-0.1564,0.2838,-0.3331
C:0dbe:0.0000,0.0000,0.0000,0.0000,0.0000,0.0000,0.0000,0.0000
M:0dbe:0.3681,0.3313,-0.2305,-0.6327,-0.2672,-0.1252,0.2777,0.5189
I:0dbe:0.4822,-0.0427,0.0851,0.1186,-0.4451,0.3920,0.4655,0.0361
F:0.9990@390
A:0.9990@390
T:0dc0:0.6296,-0.1987,0.0256,0.0829,-0.5315,-0.1564,0.2838,-0.3331
C:0dc0:0.0000,0.0000,0.0000,0.0000,0.0000,0.0000,0.0000,0.0000
M:0dc0:0.3679,0.3312,-0.2302,-0.6331,-0.2665,-0.1258,0.2779,0.5197
I:0dc0:0.4822,-0.0427,0.0851,0.1186,-0.4451,0.3920,0.4655,0.0361
F:0.9990@390
A:0.9990@390
T:0dc2:0.6296,-0.1987,0.0256,0.0829,-0.5315,-0.1564,0.2838,-0.3331
C:0dc2:0.0000,0.0000,0.0000,0.0000,0.0000,0.0000,0.0000,0.0000
M:0dc2:0.3676,0.3311,-0.2298,-0.6334,-0.2658,-0.1263,0.2780,0.5204
I:0dc2:0.4822,-0.0427,0.0851,0.1186,-0.4451,0.3920,0.4655,0.0361
F:0.9988@390
A:0.9988@390
T:0dc4:0.6296,-0.1987,0.0256,0.0829,-0.5315,-0.1564,0.2838,-0.3331
C:0dc4:0.0000,0.0000,0.0000,0.0000,0.0000,0.0000,0.0000,0.0000
M:0dc4:0.3673,0.3310,-0.2295,-0.6338,-0.2652,-0.1268,0.2782,0.5211
I:0dc4:0.4822,-0.0427,0.0851,0.1186,-0.4451,0.3920,0.4655,0.0361
F:0.9988@390
A:0.9988@390
T:0dc5:0.6296,-0.1987,0.0256,0.0829,-0.5315,-0.1564,0.2838,-0.3331
C:0dc5:0.0000,0.0000,0.0000,0.0000,0.0000,0.0000,0.0000,0.0000
M:0dc5:0.3671,0.3310,-0.2288,-0.6341,-0.2648,-0.1268,0.2782,0.5217
I:0dc5:0.4822,-0.0427,0.0851,0.1186,-0.4451,0.3920,0.4655,0.0361
F:0.9988@390
A:0.9988@390
T:0dc7:0.6296,-0.1987,0.0256,0.0829,-0.5315,-0.1564,0.2838,-0.3331
C:0dc7:0.0000,0.0000,0.0000,0.0000,0.0000,0.0000,0.0000,0.0000
M:0dc7:0.3667,0.3309,-0.2285,-0.6343,-0.2645,-0.1274,0.2784,0.5222
I:0dc9:0.4822,-0.0427,0.0851,0.1186,-0.4451,0.3920,0.4655,0.0361
F:0.9988@390
A:0.9988@390
T:0dcb:0.6296,-0.1987,0.0256,0.0829,-0.5315,-0.1564,0.2838,-0.3331
C:0dcb:0.0000,0.0000,0.0000,0.0000,0.0000,0.0000,0.0000,0.0000
M:0dcb:0.3663,0.3306,-0.2287,-0.6347,-0.2637,-0.1286,0.2788,0.5228
I:0dcb:0.4822,-0.0427,0.0851,0.1186,-0.4451,0.3920,0.4655,0.0361
F:0.9988@390
A:0.9988@390
T:0dcd:0.6296,-0.1987,0.0256,0.0829,-0.5315,-0.1564,0.2838,-0.3331
C:0dcd:0.0000,0.0000,0.0000,0.0000,0.0000,0.0000,0.0000,0.0000
M:0dce:0.3660,0.3302,-0.2288,-0.6352,-0.2626,-0.1298,0.2792,0.5237
I:0dce:0.4822,-0.0427,0.0851,0.1186,-0.4451,0.3920,0.4655,0.0361
F:0.9988@390
A:0.9988@390
T:0dcf:0.6296,-0.1987,0.0256,0.0829,-0.5315,-0.1564,0.2838,-0.3331
C:0dd0:0.0000,0.0000,0.0000,0.0000,0.0000,0.0000,0.0000,0.0000
M:0dd0:0.3659,0.3301,-0.2284,-0.6357,-0.2615,-0.1302,0.2794,0.5246
I:0dd0:0.4822,-0.0427,0.0851,0.1186,-0.4451,0.3920,0.4655,0.0361
F:0.9987@390
A:0.9987@390
T:0dd1:0.6296,-0.1987,0.0256,0.0829,-0.5315,-0.1564,0.2838,-0.3331
C:0dd1:0.0000,0.0000,0.0000,0.0000,0.0000,0.0000,0.0000,0.0000
M:0dd1:0.3656,0.3300,-0.2279,-0.6360,-0.2606,-0.1305,0.2795,0.5254
I:0dd1:0.4822,-0.0427,0.0851,0.1186,-0.4451,0.3920,0.4655,0.0361
F:0.9987@390
A:0.9987@390
T:0dd3:0.6296,-0.1987,0.0256,0.0829,-0.5315,-0.1564,0.2838,-0.3331
C:0dd3:0.0000,0.0000,0.0000,0.0000,0.0000,0.0000,0.0000,0.0000
M:0dd3:0.3652,0.3299,-0.2274,-0.6364,-0.2600,-0.1309,0.2796,0.5261
I:0dd3:0.4822,-0.0427,0.0851,0.1186,-0.4451,0.3920,0.4655,0.0361
F:0.9985@390
A:0.9985@390
T:0dd4:0.6296,-0.1987,0.0256,0.0829,-0.5315,-0.1564,0.2838,-0.3331
C:0dd4:0.0000,0.0000,0.0000,0.0000,0.0000,0.0000,0.0000,0.0000
M:0dd4:0.3649,0.3299,-0.2266,-0.6366,-0.2597,-0.1309,0.2796,0.5267
I:0dd5:0.4822,-0.0427,0.0851,0.1186,-0.4451,0.3920,0.4655,0.0361
F:0.9985@390
A:0.9985@390
T:0dd8:0.6296,-0.1987,0.0256,0.0829,-0.5315,-0.1564,0.2838,-0.3331
C:0dd8:0.0000,0.0000,0.0000,0.0000,0.0000,0.0000,0.0000,0.0000
M:0dd8:0.3644,0.3298,-0.2262,-0.6369,-0.2594,-0.1315,0.2798,0.5271
I:0dd9:0.4822,-0.0427,0.0851,0.1186,-0.4451,0.3920,0.4655,0.0361
F:0.9985@390
A:0.9985@390
T:0dda:0.6296,-0.1987,0.0256,0.0829,-0.5315,-0.1564,0.2838,-0.3331
C:0dda:0.0000,0.0000,0.0000,0.0000,0.0000,0.0000,0.0000,0.0000
M:0dda:0.3639,0.3292,-0.2266,-0.6373,-0.2585,-0.1332,0.2803,0.5278
I:0dda:0.4822,-0.0427,0.0851,0.1186,-0.4451,0.3920,0.4655,0.0361
F:0.9985@390
A:0.9985@390
T:0ddd:0.6296,-0.1987,0.0256,0.0829,-0.5315,-0.1564,0.2838,-0.3331
C:0ddd:0.0000,0.0000,0.0000,0.0000,0.0000,0.0000,0.0000,0.0000
M:0ddd:0.3638,0.3289,-0.2267,-0.6379,-0.2571,-0.1344,0.2808,0.5288
I:0ddd:0.4822,-0.0427,0.0851,0.1186,-0.4451,0.3920,0.4655,0.0361
F:0.9985@390
A:0.9985@390
T:0ddf:0.6296,-0.1987,0.0256,0.0829,-0.5315,-0.1564,0.2838,-0.3331
C:0ddf:0.0000,0.0000,0.0000,0.0000,0.0000,0.0000,0.0000,0.0000
M:0ddf:0.3637,0.3287,-0.2262,-0.6383,-0.2559,-0.1347,0.2809,0.5298
I:0ddf:0.4822,-0.0427,0.0851,0.1186,-0.4451,0.3920,0.4655,0.0361
F:0.9985@390
A:0.9985@390
T:0de1:0.6296,-0.1987,0.0256,0.0829,-0.5315,-0.1564,0.2838,-0.3331
C:0de1:0.0000,0.0000,0.0000,0.0000,0.0000,0.0000,0.0000,0.0000
M:0de1:0.3633,0.3287,-0.2255,-0.6387,-0.2550,-0.1349,0.2810,0.5307
I:0de2:0.4822,-0.0427,0.0851,0.1186,-0.4451,0.3920,0.4655,0.0361
F:0.9983@390
A:0.9983@390
T:0de3:0.6296,-0.1987,0.0256,0.0829,-0.5315,-0.1564,0.2838,-0.3331
C:0de3:0.0000,0.0000,0.0000,0.0000,0.0000,0.0000,0.0000,0.0000
M:0de3:0.3628,0.3285,-0.2249,-0.6390,-0.2543,-0.1352,0.2811,0.5313
I:0de4:0.4822,-0.0427,0.0851,0.1186,-0.4451,0.3920,0.4655,0.0361
F:0.9983@390
A:0.9983@390
T:0de6:0.6296,-0.1987,0.0256,0.0829,-0.5315,-0.1564,0.2838,-0.3331
C:0de6:0.0000,0.0000,0.0000,0.0000,0.0000,0.0000,0.0000,0.0000
M:0de6:0.3623,0.3284,-0.2243,-0.6393,-0.2538,-0.1357,0.2812,0.5319
I:0de6:0.4822,-0.0427,0.0851,0.1186,-0.4451,0.3920,0.4655,0.0361
F:0.9983@390
A:0.9983@390
T:0de8:0.6296,-0.1987,0.0256,0.0829,-0.5315,-0.1564,0.2838,-0.3331
C:0de8:0.0000,0.0000,0.0000,0.0000,0.0000,0.0000,0.0000,0.0000
M:0de8:0.3619,0.3282,-0.2238,-0.6396,-0.2534,-0.1363,0.2814,0.5325
I:0de8:0.4822,-0.0427,0.0851,0.1186,-0.4451,0.3920,0.4655,0.0361
F:0.9983@390
A:0.9983@390
T:0dea:0.6296,-0.1987,0.0256,0.0829,-0.5315,-0.1564,0.2838,-0.3331
C:0dea:0.0000,0.0000,0.0000,0.0000,0.0000,0.0000,0.0000,0.0000
M:0deb:0.3616,0.3281,-0.2234,-0.6399,-0.2529,-0.1369,0.2816,0.5331
I:0deb:0.4822,-0.0427,0.0851,0.1186,-0.4451,0.3920,0.4655,0.0361
F:0.9983@390
A:0.9983@390
T:0dec:0.6296,-0.1987,0.0256,0.0829,-0.5315,-0.1564,0.2838,-0.3331
C:0dec:0.0000,0.0000,0.0000,0.0000,0.0000,0.0000,0.0000,0.0000
M:0dec:0.3612,0.3278,-0.2234,-0.6403,-0.2520,-0.1381,0.2819,0.5338
I:0ded:0.4822,-0.0427,0.0851,0.1186,-0.4451,0.3920,0.4655,0.0361
F:0.9982@390
A:0.9982@390
T:0dee:0.6296,-0.1987,0.0256,0.0829,-0.5315,-0.1564,0.2838,-0.3331
C:0dee:0.0000,0.0000,0.0000,0.0000,0.0000,0.0000,0.0000,0.0000
M:0dee:0.3610,0.3276,-0.2231,-0.6407,-0.2511,-0.1386,0.2821,0.5346
I:0def:0.4822,-0.0427,0.0851,0.1186,-0.4451,0.3920,0.4655,0.0361
F:0.9982@390
A:0.9982@390
T:0df0:0.6296,-0.1987,0.0256,0.0829,-0.5315,-0.1564,0.2838,-0.3331
C:0df0:0.0000,0.0000,0.0000,0.0000,0.0000,0.0000,0.0000,0.0000
M:0df1:0.3608,0.3275,-0.2227,-0.6411,-0.2503,-0.1391,0.2823,0.5353
I:0df1:0.4822,-0.0427,0.0851,0.1186,-0.4451,0.3920,0.4655,0.0361
F:0.9982@390
A:0.9982@390
T:0df2:0.6296,-0.1987,0.0256,0.0829,-0.5315,-0.1564,0.2838,-0.3331
C:0df2:0.0000,0.0000,0.0000,0.0000,0.0000,0.0000,0.0000,0.0000
M:0df2:0.3604,0.3274,-0.2222,-0.6414,-0.2496,-0.1395,0.2824,0.5359
I:0df3:0.4822,-0.0427,0.0851,0.1186,-0.4451,0.3920,0.4655,0.0361
F:0.9980@390
A:0.9980@390
T:0df4:0.6296,-0.1987,0.0256,0.0829,-0.5315,-0.1564,0.2838,-0.3331
C:0df4:0.0000,0.0000,0.0000,0.0000,0.0000,0.0000,0.0000,0.0000
M:0df4:0.3600,0.3272,-0.2218,-0.6417,-0.2490,-0.1400,0.2825,0.5365
I:0df4:0.4822,-0.0427,0.0851,0.1186,-0.4451,0.3920,0.4655,0.0361
F:0.9979@390
A:0.9979@390
T:0df6:0.6296,-0.1987,0.0256,0.0829,-0.5315,-0.1564,0.2838,-0.3331
C:0df6:0.0000,0.0000,0.0000,0.0000,0.0000,0.0000,0.0000,0.0000
M:0df6:0.3597,0.3272,-0.2210,-0.6420,-0.2486,-0.1401,0.2826,0.5370
I:0df7:0.4822,-0.0427,0.0851,0.1186,-0.4451,0.3920,0.4655,0.0361
F:0.9977@390
A:0.9977@390
T:0df8:0.6296,-0.1987,0.0256,0.0829,-0.5315,-0.1564,0.2838,-0.3331
C:0df8:0.0000,0.0000,0.0000,0.0000,0.0000,0.0000,0.0000,0.0000
M:0df8:0.3592,0.3269,-0.2210,-0.6423,-0.2480,-0.1411,0.2829,0.5376
I:0df8:0.4822,-0.0427,0.0851,0.1186,-0.4451,0.3920,0.4655,0.0361
F:0.9977@390
A:0.9977@390
T:0dfa:0.6296,-0.1987,0.0256,0.0829,-0.5315,-0.1564,0.2838,-0.3331
C:0dfa:0.0000,0.0000,0.0000,0.0000,0.0000,0.0000,0.0000,0.0000
M:0dfa:0.3589,0.3267,-0.2208,-0.6426,-0.2472,-0.1418,0.2831,0.5382
I:0dfb:0.4822,-0.0427,0.0851,0.1186,-0.4451,0.3920,0.4655,0.0361
F:0.9977@390
A:0.9977@390
T:0dfc:0.6296,-0.1987,0.0256,0.0829,-0.5315,-0.1564,0.2838,-0.3331
C:0dfc:0.0000,0.0000,0.0000,0.0000,0.0000,0.0000,0.0000,0.0000
M:0dfc:0.3587,0.3265,-0.2204,-0.6430,-0.2464,-0.1424,0.2833,0.5389
I:0dfd:0.4822,-0.0427,0.0851,0.1186,-0.4451,0.3920,0.4655,0.0361
F:0.9977@390
A:0.9977@390
T:0dfe:0.6296,-0.1987,0.0256,0.0829,-0.5315,-0.1564,0.2838,-0.3331
C:0dfe:0.0000,0.0000,0.0000,0.0000,0.0000,0.0000,0.0000,0.0000
M:0dfe:0.3584,0.3264,-0.2201,-0.6433,-0.2456,-0.1429,0.2834,0.5395
I:0dfe:0.4822,-0.0427,0.0851,0.1186,-0.4451,0.3920,0.4655,0.0361
F:0.9977@390
A:0.9977@390
T:0e00:0.6296,-0.1987,0.0256,0.0829,-0.5315,-0.1564,0.2838,-0.3331
C:0e00:0.0000,0.0000,0.0000,0.0000,0.0000,0.0000,0.0000,0.0000
M:0e00:0.3580,0.3262,-0.2197,-0.6436,-0.2449,-0.1434,0.2836,0.5401
I:0e00:0.4822,-0.0427,0.0851,0.1186,-0.4451,0.3920,0.4655,0.0361
F:0.9974@390
A:0.9974@390
T:0e02:0.6296,-0.1987,0.0256,0.0829,-0.5315,-0.1564,0.2838,-0.3331
C:0e02:0.0000,0.0000,0.0000,0.0000,0.0000,0.0000,0.0000,0.0000
M:0e02:0.3577,0.3260,-0.2193,-0.6439,-0.2442,-0.1439,0.2837,0.5407
I:0e03:0.4822,-0.0427,0.0851,0.1186,-0.4451,0.3920,0.4655,0.0361
F:0.9974@390
A:0.9974@390
T:0e04:0.6296,-0.1987,0.0256,0.0829,-0.5315,-0.1564,0.2838,-0.3331
C:0e04:0.0000,0.0000,0.0000,0.0000,0.0000,0.0000,0.0000,0.0000
M:0e04:0.3573,0.3258,-0.2189,-0.6442,-0.2435,-0.1444,0.2839,0.5413
I:0e04:0.4822,-0.0427,0.0851,0.1186,-0.4451,0.3920,0.4655,0.0361
F:0.9974@390
A:0.9974@390
T:0e05:0.6296,-0.1987,0.0256,0.0829,-0.5315,-0.1564,0.2838,-0.3331
C:0e05:0.0000,0.0000,0.0000,0.0000,0.0000,0.0000,0.0000,0.0000
M:0e05:0.3571,0.3258,-0.2182,-0.6444,-0.2430,-0.1445,0.2839,0.5418
I:0e06:0.4822,-0.0427,0.0851,0.1186,-0.4451,0.3920,0.4655,0.0361
F:0.9974@390
A:0.9974@390
T:0e07:0.6296,-0.1987,0.0256,0.0829,-0.5315,-0.1564,0.2838,-0.3331
C:0e08:0.0000,0.0000,0.0000,0.0000,0.0000,0.0000,0.0000,0.0000
M:0e08:0.3566,0.3256,-0.2179,-0.6447,-0.2426,-0.1450,0.2840,0.5423
I:0e08:0.4822,-0.0427,0.0851,0.1186,-0.4451,0.3920,0.4655,0.0361
F:0.9974@390
A:0.9974@390
T:0e0a:0.6296,-0.1987,0.0256,0.0829,-0.5315,-0.1564,0.2838,-0.3331
C:0e0a:0.0000,0.0000,0.0000,0.0000,0.0000,0.0000,0.0000,0.0000
M:0e0a:0.3563,0.3254,-0.2177,-0.6450,-0.2420,-0.1457,0.2843,0.5428
I:0e0a:0.4822,-0.0427,0.0851,0.1186,-0.4451,0.3920,0.4655,0.0361
F:0.9974@390
A:0.9974@390
T:0e0b:0.6296,-0.1987,0.0256,0.0829,-0.5315,-0.1564,0.2838,-0.3331
C:0e0b:0.0000,0.0000,0.0000,0.0000,0.0000,0.0000,0.0000,0.0000
M:0e0b:0.3560,0.3252,-0.2175,-0.6453,-0.2413,-0.1464,0.2845,0.5433
I:0e0b:0.4822,-0.0427,0.0851,0.1186,-0.4451,0.3920,0.4655,0.0361
F:0.9974@390
A:0.9974@390
T:0e0d:0.6296,-0.1987,0.0256,0.0829,-0.5315,-0.1564,0.2838,-0.3331
C:0e0d:0.0000,0.0000,0.0000,0.0000,0.0000,0.0000,0.0000,0.0000
M:0e0d:0.3558,0.3250,-0.2172,-0.6456,-0.2405,-0.1470,0.2846,0.5439
I:0e0d:0.4822,-0.0427,0.0851,0.1186,-0.4451,0.3920,0.4655,0.0361
F:0.9974@390
A:0.9974@390
T:0e0f:0.6296,-0.1987,0.0256,0.0829,-0.5315,-0.1564,0.2838,-0.3331
C:0e0f:0.0000,0.0000,0.0000,0.0000,0.0000,0.0000,0.0000,0.0000
M:0e0f:0.3555,0.3248,-0.2169,-0.6459,-0.2397,-0.1475,0.2848,0.5445
I:0e0f:0.4822,-0.0427,0.0851,0.1186,-0.4451,0.3920,0.4655,0.0361
F:0.9972@390
A:0.9972@390
T:0e11:0.6296,-0.1987,0.0256,0.0829,-0.5315,-0.1564,0.2838,-0.3331
C:0e11:0.0000,0.0000,0.0000,0.0000,0.0000,0.0000,0.0000,0.0000
M:0e11:0.3551,0.3246,-0.2166,-0.6462,-0.2389,-0.1480,0.2850,0.5451
I:0e11:0.4822,-0.0427,0.0851,0.1186,-0.4451,0.3920,0.4655,0.0361
F:0.9972@390
A:0.9972@390
T:0e13:0.6296,-0.1987,0.0256,0.0829,-0.5315,-0.1564,0.2838,-0.3331
C:0e13:0.0000,0.0000,0.0000,0.0000,0.0000,0.0000,0.0000,0.0000
M:0e13:0.3548,0.3244,-0.2163,-0.6465,-0.2380,-0.1485,0.2851,0.5457
I:0e13:0.4822,-0.0427,0.0851,0.1186,-0.4451,0.3920,0.4655,0.0361
F:0.9972@390
A:0.9972@390
T:0e15:0.6296,-0.1987,0.0256,0.0829,-0.5315,-0.1564,0.2838,-0.3331
C:0e15:0.0000,0.0000,0.0000,0.0000,0.0000,0.0000,0.0000,0.0000
M:0e15:0.3545,0.3244,-0.2156,-0.6467,-0.2375,-0.1485,0.2851,0.5462
I:0e15:0.4822,-0.0427,0.0851,0.1186,-0.4451,0.3920,0.4655,0.0361
F:0.9972@390
A:0.9972@390
T:0e16:0.6296,-0.1987,0.0256,0.0829,-0.5315,-0.1564,0.2838,-0.3331
C:0e16:0.0000,0.0000,0.0000,0.0000,0.0000,0.0000,0.0000,0.0000
M:0e16:0.3540,0.3242,-0.2152,-0.6469,-0.2371,-0.1490,0.2853,0.5466
I:0e16:0.4822,-0.0427,0.0851,0.1186,-0.4451,0.3920,0.4655,0.0361
F:0.9972@390
A:0.9972@390
T:0e18:0.6296,-0.1987,0.0256,0.0829,-0.5315,-0.1564,0.2838,-0.3331
C:0e18:0.0000,0.0000,0.0000,0.0000,0.0000,0.0000,0.0000,0.0000
M:0e18:0.3538,0.3241,-0.2146,-0.6471,-0.2367,-0.1492,0.2853,0.5470
I:0e18:0.4822,-0.0427,0.0851,0.1186,-0.4451,0.3920,0.4655,0.0361
F:0.9972@390
A:0.9972@390
T:0e1a:0.6296,-0.1987,0.0256,0.0829,-0.5315,-0.1564,0.2838,-0.3331
C:0e1a:0.0000,0.0000,0.0000,0.0000,0.0000,0.0000,0.0000,0.0000
M:0e1a:0.3533,0.3237,-0.2147,-0.6474,-0.2360,-0.1504,0.2856,0.5475
I:0e1b:0.4822,-0.0427,0.0851,0.1186,-0.4451,0.3920,0.4655,0.0361
F:0.9970@390
A:0.9970@390
T:0e1c:0.6296,-0.1987,0.0256,0.0829,-0.5315,-0.1564,0.2838,-0.3331
C:0e1c:0.0000,0.0000,0.0000,0.0000,0.0000,0.0000,0.0000,0.0000
M:0e1c:0.3531,0.3235,-0.2146,-0.6477,-0.2351,-0.1511,0.2859,0.5481
I:0e1c:0.4822,-0.0427,0.0851,0.1186,-0.4451,0.3920,0.4655,0.0361
F:0.9970@390
A:0.9970@390
T:0e1e:0.6296,-0.1987,0.0256,0.0829,-0.5315,-0.1564,0.2838,-0.3331
C:0e1e:0.0000,0.0000,0.0000,0.0000,0.0000,0.0000,0.0000,0.0000
M:0e1e:0.3529,0.3233,-0.2143,-0.6481,-0.2341,-0.1516,0.2861,0.5488
I:0e1e:0.4822,-0.0427,0.0851,0.1186,-0.4451,0.3920,0.4655,0.0361
F:0.9970@390
A:0.9970@390
T:0e20:0.6296,-0.1987,0.0256,0.0829,-0.5315,-0.1564,0.2838,-0.3331
C:0e20:0.0000,0.0000,0.0000,0.0000,0.0000,0.0000,0.0000,0.0000
M:0e20:0.3525,0.3230,-0.2139,-0.6484,-0.2331,-0.1520,0.2862,0.5494
I:0e20:0.4822,-0.0427,0.0851,0.1186,-0.4451,0.3920,0.4655,0.0361
F:0.9970@390
A:0.9970@390
T:0e22:0.6296,-0.1987,0.0256,0.0829,-0.5315,-0.1564,0.2838,-0.3331
C:0e22:0.0000,0.0000,0.0000,0.0000,0.0000,0.0000,0.0000,0.0000
M:0e22:0.3521,0.3228,-0.2135,-0.6486,-0.2322,-0.1524,0.2863,0.5500
I:0e22:0.4822,-0.0427,0.0851,0.1186,-0.4451,0.3920,0.4655,0.0361
F:0.9968@390
A:0.9968@390
T:0e23:0.6296,-0.1987,0.0256,0.0829,-0.5315,-0.1564,0.2838,-0.3331
C:0e23:0.0000,0.0000,0.0000,0.0000,0.0000,0.0000,0.0000,0.0000
M:0e23:0.3518,0.3227,-0.2127,-0.6488,-0.2317,-0.1524,0.2863,0.5505
I:0e24:0.4822,-0.0427,0.0851,0.1186,-0.4451,0.3920,0.4655,0.0361
F:0.9968@390
A:0.9968@390
T:0e25:0.6296,-0.1987,0.0256,0.0829,-0.5315,-0.1564,0.2838,-0.3331
C:0e25:0.0000,0.0000,0.0000,0.0000,0.0000,0.0000,0.0000,0.0000
M:0e26:0.3513,0.3225,-0.2123,-0.6490,-0.2312,-0.1529,0.2864,0.5509
I:0e26:0.4822,-0.0427,0.0851,0.1186,-0.4451,0.3920,0.4655,0.0361
F:0.9968@390
A:0.9968@390
T:0e27:0.6296,-0.1987,0.0256,0.0829,-0.5315,-0.1564,0.2838,-0.3331
C:0e27:0.0000,0.0000,0.0000,0.0000,0.0000,0.0000,0.0000,0.0000
M:0e27:0.3509,0.3222,-0.2120,-0.6493,-0.2306,-0.1536,0.2867,0.5514
I:0e28:0.4822,-0.0427,0.0851,0.1186,-0.4451,0.3920,0.4655,0.0361
F:0.9968@390
A:0.9968@390
T:0e29:0.6296,-0.1987,0.0256,0.0829,-0.5315,-0.1564,0.2838,-0.3331
C:0e29:0.0000,0.0000,0.0000,0.0000,0.0000,0.0000,0.0000,0.0000
M:0e2a:0.3506,0.3220,-0.2118,-0.6496,-0.2299,-0.1542,0.2869,0.5519
I:0e2a:0.4822,-0.0427,0.0851,0.1186,-0.4451,0.3920,0.4655,0.0361
F:0.9965@390
A:0.9965@390
T:0e2b:0.6296,-0.1987,0.0256,0.0829,-0.5315,-0.1564,0.2838,-0.3331
C:0e2b:0.0000,0.0000,0.0000,0.0000,0.0000,0.0000,0.0000,0.0000
M:0e2b:0.3503,0.3218,-0.2115,-0.6499,-0.2291,-0.1548,0.2870,0.5525
I:0e2b:0.4822,-0.0427,0.0851,0.1186,-0.4451,0.3920,0.4655,0.0361
F:0.9965@390
A:0.9965@390
T:0e2d:0.6296,-0.1987,0.0256,0.0829,-0.5315,-0.1564,0.2838,-0.3331
C:0e2d:0.0000,0.0000,0.0000,0.0000,0.0000,0.0000,0.0000,0.0000
M:0e2d:0.3500,0.3215,-0.2112,-0.6501,-0.2282,-0.1554,0.2872,0.5530
I:0e2d:0.4822,-0.0427,0.0851,0.1186,-0.4451,0.3920,0.4655,0.0361
F:0.9963@390
A:0.9963@390
T:0e2f:0.6296,-0.1987,0.0256,0.0829,-0.5315,-0.1564,0.2838,-0.3331
C:0e2f:0.0000,0.0000,0.0000,0.0000,0.0000,0.0000,0.0000,0.0000
M:0e2f:0.3496,0.3213,-0.2109,-0.6504,-0.2274,-0.1558,0.2873,0.5536
I:0e2f:0.4822,-0.0427,0.0851,0.1186,-0.4451,0.3920,0.4655,0.0361
F:0.9963@390
A:0.9963@390
T:0e31:0.6296,-0.1987,0.0256,0.0829,-0.5315,-0.1564,0.2838,-0.3331
C:0e31:0.0000,0.0000,0.0000,0.0000,0.0000,0.0000,0.0000,0.0000
M:0e31:0.3492,0.3211,-0.2105,-0.6507,-0.2265,-0.1563,0.2875,0.5542
I:0e32:0.4822,-0.0427,0.0851,0.1186,-0.4451,0.3920,0.4655,0.0361
F:0.9963@390
A:0.9963@390
T:0e33:0.6296,-0.1987,0.0256,0.0829,-0.5315,-0.1564,0.2838,-0.3331
C:0e33:0.0000,0.0000,0.0000,0.0000,0.0000,0.0000,0.0000,0.0000
M:0e34:0.3488,0.3208,-0.2101,-0.6510,-0.2256,-0.1568,0.2876,0.5547
I:0e34:0.4822,-0.0427,0.0851,0.1186,-0.4451,0.3920,0.4655,0.0361
F:0.9963@390
A:0.9963@390
T:0e35:0.6296,-0.1987,0.0256,0.0829,-0.5315,-0.1564,0.2838,-0.3331
C:0e35:0.0000,0.0000,0.0000,0.0000,0.0000,0.0000,0.0000,0.0000
M:0e35:0.3484,0.3205,-0.2096,-0.6512,-0.2248,-0.1573,0.2878,0.5553
I:0e35:0.4822,-0.0427,0.0851,0.1186,-0.4451,0.3920,0.4655,0.0361
F:0.9961@390
A:0.9961@390
T:0e36:0.6296,-0.1987,0.0256,0.0829,-0.5315,-0.1564,0.2838,-0.3331
C:0e37:0.0000,0.0000,0.0000,0.0000,0.0000,0.0000,0.0000,0.0000
M:0e37:0.3481,0.3205,-0.2089,-0.6514,-0.2243,-0.1573,0.2878,0.5557
I:0e37:0.4822,-0.0427,0.0851,0.1186,-0.4451,0.3920,0.4655,0.0361
F:0.9961@390
A:0.9961@390
T:0e38:0.6296,-0.1987,0.0256,0.0829,-0.5315,-0.1564,0.2838,-0.3331
C:0e38:0.0000,0.0000,0.0000,0.0000,0.0000,0.0000,0.0000,0.0000
M:0e38:0.3476,0.3203,-0.2085,-0.6516,-0.2238,-0.1579,0.2879,0.5561
I:0e38:0.4822,-0.0427,0.0851,0.1186,-0.4451,0.3920,0.4655,0.0361
F:0.9961@390
A:0.9961@390
T:0e3a:0.6296,-0.1987,0.0256,0.0829,-0.5315,-0.1564,0.2838,-0.3331
C:0e3a:0.0000,0.0000,0.0000,0.0000,0.0000,0.0000,0.0000,0.0000
M:0e3a:0.3473,0.3200,-0.2082,-0.6519,-0.2232,-0.1585,0.2881,0.5566
I:0e3b:0.4822,-0.0427,0.0851,0.1186,-0.4451,0.3920,0.4655,0.0361
F:0.9961@390
A:0.9961@390
T:0e3c:0.6296,-0.1987,0.0256,0.0829,-0.5315,-0.1564,0.2838,-0.3331
C:0e3c:0.0000,0.0000,0.0000,0.0000,0.0000,0.0000,0.0000,0.0000
M:0e3c:0.3469,0.3197,-0.2080,-0.6521,-0.2224,-0.1592,0.2883,0.5571
I:0e3c:0.4822,-0.0427,0.0851,0.1186,-0.4451,0.3920,0.4655,0.0361
F:0.9961@390
A:0.9961@390
T:0e3d:0.6296,-0.1987,0.0256,0.0829,-0.5315,-0.1564,0.2838,-0.3331
C:0e3d:0.0000,0.0000,0.0000,0.0000,0.0000,0.0000,0.0000,0.0000
M:0e3d:0.3468,0.3197,-0.2073,-0.6523,-0.2219,-0.1593,0.2883,0.5575
I:0e3d:0.4822,-0.0427,0.0851,0.1186,-0.4451,0.3920,0.4655,0.0361
F:0.9961@390
A:0.9961@390
T:0e3f:0.6296,-0.1987,0.0256,0.0829,-0.5315,-0.1564,0.2838,-0.3331
C:0e3f:0.0000,0.0000,0.0000,0.0000,0.0000,0.0000,0.0000,0.0000
M:0e3f:0.3463,0.3195,-0.2070,-0.6526,-0.2213,-0.1598,0.2884,0.5580
I:0e40:0.4822,-0.0427,0.0851,0.1186,-0.4451,0.3920,0.4655,0.0361
F:0.9961@390
A:0.9961@390
T:0e41:0.6296,-0.1987,0.0256,0.0829,-0.5315,-0.1564,0.2838,-0.3331
C:0e41:0.0000,0.0000,0.0000,0.0000,0.0000,0.0000,0.0000,0.0000
M:0e41:0.3459,0.3192,-0.2068,-0.6528,-0.2205,-0.1604,0.2886,0.5584
I:0e42:0.4822,-0.0427,0.0851,0.1186,-0.4451,0.3920,0.4655,0.0361
F:0.9958@390
A:0.9958@390
T:0e44:0.6296,-0.1987,0.0256,0.0829,-0.5315,-0.1564,0.2838,-0.3331
C:0e44:0.0000,0.0000,0.0000,0.0000,0.0000,0.0000,0.0000,0.0000
M:0e44:0.3456,0.3190,-0.2066,-0.6531,-0.2197,-0.1610,0.2888,0.5589
I:0e44:0.4822,-0.0427,0.0851,0.1186,-0.4451,0.3920,0.4655,0.0361
F:0.9955@390
A:0.9955@390
T:0e46:0.6296,-0.1987,0.0256,0.0829,-0.5315,-0.1564,0.2838,-0.3331
C:0e46:0.0000,0.0000,0.0000,0.0000,0.0000,0.0000,0.0000,0.0000
M:0e46:0.3452,0.3185,-0.2066,-0.6534,-0.2185,-0.1620,0.2891,0.5596
I:0e47:0.4822,-0.0427,0.0851,0.1186,-0.4451,0.3920,0.4655,0.0361
F:0.9955@390
A:0.9955@390
T:0e48:0.6296,-0.1987,0.0256,0.0829,-0.5315,-0.1564,0.2838,-0.3331
C:0e48:0.0000,0.0000,0.0000,0.0000,0.0000,0.0000,0.0000,0.0000
M:0e48:0.3449,0.3182,-0.2062,-0.6537,-0.2172,-0.1624,0.2893,0.5603
I:0e48:0.4822,-0.0427,0.0851,0.1186,-0.4451,0.3920,0.4655,0.0361
F:0.9953@390
A:0.9953@390
T:0e4a:0.6296,-0.1987,0.0256,0.0829,-0.5315,-0.1564,0.2838,-0.3331
C:0e4a:0.0000,0.0000,0.0000,0.0000,0.0000,0.0000,0.0000,0.0000
M:0e4a:0.3445,0.3179,-0.2057,-0.6540,-0.2161,-0.1628,0.2894,0.5609
I:0e4b:0.4822,-0.0427,0.0851,0.1186,-0.4451,0.3920,0.4655,0.0361
F:0.9953@390
A:0.9953@390
T:0e4c:0.6296,-0.1987,0.0256,0.0829,-0.5315,-0.1564,0.2838,-0.3331
C:0e4c:0.0000,0.0000,0.0000,0.0000,0.0000,0.0000,0.0000,0.0000
M:0e4c:0.3439,0.3176,-0.2051,-0.6543,-0.2152,-0.1631,0.2895,0.5615
I:0e4d:0.4822,-0.0427,0.0851,0.1186,-0.4451,0.3920,0.4655,0.0361
F:0.9953@390
A:0.9953@390
T:0e50:0.6296,-0.1987,0.0256,0.0829,-0.5315,-0.1564,0.2838,-0.3331
C:0e50:0.0000,0.0000,0.0000,0.0000,0.0000,0.0000,0.0000,0.0000
M:0e50:0.3433,0.3171,-0.2048,-0.6546,-0.2140,-0.1639,0.2898,0.5620
I:0e50:0.4822,-0.0427,0.0851,0.1186,-0.4451,0.3920,0.4655,0.0361
F:0.9953@390
A:0.9953@390
T:0e53:0.6296,-0.1987,0.0256,0.0829,-0.5315,-0.1564,0.2838,-0.3331
C:0e53:0.0000,0.0000,0.0000,0.0000,0.0000,0.0000,0.0000,0.0000
M:0e53:0.3428,0.3166,-0.2046,-0.6549,-0.2127,-0.1649,0.2901,0.5627
I:0e53:0.4822,-0.0427,0.0851,0.1186,-0.4451,0.3920,0.4655,0.0361
F:0.9952@390
A:0.9952@390
T:0e54:0.6296,-0.1987,0.0256,0.0829,-0.5315,-0.1564,0.2838,-0.3331
C:0e54:0.0000,0.0000,0.0000,0.0000,0.0000,0.0000,0.0000,0.0000
M:0e54:0.3424,0.3163,-0.2039,-0.6552,-0.2114,-0.1652,0.2902,0.5635
I:0e55:0.4822,-0.0427,0.0851,0.1186,-0.4451,0.3920,0.4655,0.0361
F:0.9952@390
A:0.9952@390
T:0e56:0.6296,-0.1987,0.0256,0.0829,-0.5315,-0.1564,0.2838,-0.3331
C:0e56:0.0000,0.0000,0.0000,0.0000,0.0000,0.0000,0.0000,0.0000
M:0e56:0.3419,0.3160,-0.2031,-0.6555,-0.2105,-0.1655,0.2903,0.5641
I:0e56:0.4822,-0.0427,0.0851,0.1186,-0.4451,0.3920,0.4655,0.0361
F:0.9952@390
A:0.9952@390
T:0e57:0.6296,-0.1987,0.0256,0.0829,-0.5315,-0.1564,0.2838,-0.3331
C:0e57:0.0000,0.0000,0.0000,0.0000,0.0000,0.0000,0.0000,0.0000
M:0e58:0.3414,0.3159,-0.2020,-0.6556,-0.2100,-0.1654,0.2902,0.5645
I:0e58:0.4822,-0.0427,0.0851,0.1186,-0.4451,0.3920,0.4655,0.0361
F:0.9952@390
A:0.9952@390
T:0e59:0.6296,-0.1987,0.0256,0.0829,-0.5315,-0.1564,0.2838,-0.3331
C:0e59:0.0000,0.0000,0.0000,0.0000,0.0000,0.0000,0.0000,0.0000
M:0e59:0.3408,0.3157,-0.2013,-0.6558,-0.2097,-0.1659,0.2903,0.5649
I:0e5a:0.4822,-0.0427,0.0851,0.1186,-0.4451,0.3920,0.4655,0.0361
F:0.9949@390
A:0.9949@390
T:0e5b:0.6296,-0.1987,0.0256,0.0829,-0.5315,-0.1564,0.2838,-0.3331
C:0e5b:0.0000,0.0000,0.0000,0.0000,0.0000,0.0000,0.0000,0.0000
M:0e5b:0.3403,0.3155,-0.2009,-0.6560,-0.2093,-0.1666,0.2904,0.5652
I:0e5b:0.4822,-0.0427,0.0851,0.1186,-0.4451,0.3920,0.4655,0.0361
F:0.9949@390
A:0.9949@390
T:0e5e:0.6296,-0.1987,0.0256,0.0829,-0.5315,-0.1564,0.2838,-0.3331
C:0e5e:0.0000,0.0000,0.0000,0.0000,0.0000,0.0000,0.0000,0.0000
M:0e5e:0.3400,0.3152,-0.2006,-0.6563,-0.2087,-0.1673,0.2906,0.5657
I:0e5e:0.4822,-0.0427,0.0851,0.1186,-0.4451,0.3920,0.4655,0.0361
F:0.9947@390
A:0.9947@390
T:0e61:0.6296,-0.1987,0.0256,0.0829,-0.5315,-0.1564,0.2838,-0.3331
C:0e61:0.0000,0.0000,0.0000,0.0000,0.0000,0.0000,0.0000,0.0000
M:0e62:0.3394,0.3146,-0.2010,-0.6567,-0.2073,-0.1688,0.2911,0.5663
I:0e62:0.4822,-0.0427,0.0851,0.1186,-0.4451,0.3920,0.4655,0.0361
F:0.9947@390
A:0.9947@390
T:0e63:0.6296,-0.1987,0.0256,0.0829,-0.5315,-0.1564,0.2838,-0.3331
C:0e63:0.0000,0.0000,0.0000,0.0000,0.0000,0.0000,0.0000,0.0000
M:0e63:0.3393,0.3143,-0.2006,-0.6571,-0.2058,-0.1694,0.2913,0.5671
I:0e64:0.4822,-0.0427,0.0851,0.1186,-0.4451,0.3920,0.4655,0.0361
F:0.9947@390
A:0.9947@390
T:0e65:0.6296,-0.1987,0.0256,0.0829,-0.5315,-0.1564,0.2838,-0.3331
C:0e65:0.0000,0.0000,0.0000,0.0000,0.0000,0.0000,0.0000,0.0000
M:0e65:0.3389,0.3141,-0.2000,-0.6574,-0.2045,-0.1696,0.2913,0.5678
I:0e66:0.4822,-0.0427,0.0851,0.1186,-0.4451,0.3920,0.4655,0.0361
F:0.9945@390
A:0.9945@390
T:0e67:0.6296,-0.1987,0.0256,0.0829,-0.5315,-0.1564,0.2838,-0.3331
C:0e67:0.0000,0.0000,0.0000,0.0000,0.0000,0.0000,0.0000,0.0000
M:0e67:0.3383,0.3138,-0.1992,-0.6576,-0.2034,-0.1697,0.2913,0.5684
I:0e67:0.4822,-0.0427,0.0851,0.1186,-0.4451,0.3920,0.4655,0.0361
F:0.9945@390
A:0.9945@390
T:0e69:0.6296,-0.1987,0.0256,0.0829,-0.5315,-0.1564,0.2838,-0.3331
C:0e69:0.0000,0.0000,0.0000,0.0000,0.0000,0.0000,0.0000,0.0000
M:0e69:0.3376,0.3135,-0.1984,-0.6578,-0.2026,-0.1701,0.2914,0.5689
I:0e69:0.4822,-0.0427,0.0851,0.1186,-0.4451,0.3920,0.4655,0.0361
F:0.9942@390
A:0.9942@390
T:0e6b:0.6296,-0.1987,0.0256,0.0829,-0.5315,-0.1564,0.2838,-0.3331
C:0e6b:0.0000,0.0000,0.0000,0.0000,0.0000,0.0000,0.0000,0.0000
M:0e6b:0.3370,0.3132,-0.1977,-0.6580,-0.2019,-0.1705,0.2916,0.5693
I:0e6c:0.4822,-0.0427,0.0851,0.1186,-0.4451,0.3920,0.4655,0.0361
F:0.9942@390
A:0.9942@390
T:0e6e:0.6296,-0.1987,0.0256,0.0829,-0.5315,-0.1564,0.2838,-0.3331
C:0e6e:0.0000,0.0000,0.0000,0.0000,0.0000,0.0000,0.0000,0.0000
M:0e6f:0.3365,0.3129,-0.1971,-0.6582,-0.2013,-0.1711,0.2917,0.5697
I:0e6f:0.4822,-0.0427,0.0851,0.1186,-0.4451,0.3920,0.4655,0.0361
F:0.9942@390
A:0.9942@390
T:0e71:0.6296,-0.1987,0.0256,0.0829,-0.5315,-0.1564,0.2838,-0.3331
C:0e71:0.0000,0.0000,0.0000,0.0000,0.0000,0.0000,0.0000,0.0000
M:0e71:0.3358,0.3123,-0.1972,-0.6586,-0.2000,-0.1725,0.2921,0.5704
I:0e71:0.4822,-0.0427,0.0851,0.1186,-0.4451,0.3920,0.4655,0.0361
F:0.9939@390
A:0.9939@390
T:0e73:0.6296,-0.1987,0.0256,0.0829,-0.5315,-0.1564,0.2838,-0.3331
C:0e73:0.0000,0.0000,0.0000,0.0000,0.0000,0.0000,0.0000,0.0000
M:0e73:0.3356,0.3119,-0.1967,-0.6589,-0.1986,-0.1731,0.2924,0.5711
I:0e74:0.4822,-0.0427,0.0851,0.1186,-0.4451,0.3920,0.4655,0.0361
F:0.9936@390
A:0.9936@390
T:0e75:0.6296,-0.1987,0.0256,0.0829,-0.5315,-0.1564,0.2838,-0.3331
C:0e75:0.0000,0.0000,0.0000,0.0000,0.0000,0.0000,0.0000,0.0000
M:0e75:0.3352,0.3116,-0.1960,-0.6592,-0.1974,-0.1733,0.2924,0.5717
I:0e76:0.4822,-0.0427,0.0851,0.1186,-0.4451,0.3920,0.4655,0.0361
F:0.9936@390
A:0.9936@390
T:0e77:0.6296,-0.1987,0.0256,0.0829,-0.5315,-0.1564,0.2838,-0.3331
C:0e77:0.0000,0.0000,0.0000,0.0000,0.0000,0.0000,0.0000,0.0000
M:0e77:0.3346,0.3114,-0.1952,-0.6594,-0.1965,-0.1736,0.2924,0.5723
I:0e78:0.4822,-0.0427,0.0851,0.1186,-0.4451,0.3920,0.4655,0.0361
F:0.9936@390
A:0.9936@390
T:0e79:0.6296,-0.1987,0.0256,0.0829,-0.5315,-0.1564,0.2838,-0.3331
C:0e79:0.0000,0.0000,0.0000,0.0000,0.0000,0.0000,0.0000,0.0000
M:0e79:0.3339,0.3111,-0.1944,-0.6596,-0.1957,-0.1739,0.2925,0.5727
I:0e7a:0.4822,-0.0427,0.0851,0.1186,-0.4451,0.3920,0.4655,0.0361
F:0.9936@390
A:0.9936@390
T:0e7b:0.6296,-0.1987,0.0256,0.0829,-0.5315,-0.1564,0.2838,-0.3331
C:0e7b:0.0000,0.0000,0.0000,0.0000,0.0000,0.0000,0.0000,0.0000
M:0e7b:0.3333,0.3108,-0.1937,-0.6599,-0.1950,-0.1744,0.2926,0.5732
I:0e7c:0.4822,-0.0427,0.0851,0.1186,-0.4451,0.3920,0.4655,0.0361
F:0.9936@390
A:0.9936@390
T:0e7d:0.6296,-0.1987,0.0256,0.0829,-0.5315,-0.1564,0.2838,-0.3331
C:0e7d:0.0000,0.0000,0.0000,0.0000,0.0000,0.0000,0.0000,0.0000
M:0e7d:0.3328,0.3105,-0.1931,-0.6601,-0.1944,-0.1750,0.2927,0.5736
I:0e7d:0.4822,-0.0427,0.0851,0.1186,-0.4451,0.3920,0.4655,0.0361
F:0.9934@390
A:0.9934@390
T:0e7e:0.6296,-0.1987,0.0256,0.0829,-0.5315,-0.1564,0.2838,-0.3331
C:0e7e:0.0000,0.0000,0.0000,0.0000,0.0000,0.0000,0.0000,0.0000
M:0e7e:0.3325,0.3104,-0.1922,-0.6602,-0.1940,-0.1751,0.2927,0.5740
I:0e7f:0.4822,-0.0427,0.0851,0.1186,-0.4451,0.3920,0.4655,0.0361
F:0.9934@390
A:0.9934@390
T:0e80:0.6296,-0.1987,0.0256,0.0829,-0.5315,-0.1564,0.2838,-0.3331
C:0e80:0.0000,0.0000,0.0000,0.0000,0.0000,0.0000,0.0000,0.0000
M:0e80:0.3320,0.3102,-0.1918,-0.6604,-0.1936,-0.1757,0.2927,0.5743
I:0e80:0.4822,-0.0427,0.0851,0.1186,-0.4451,0.3920,0.4655,0.0361
F:0.9934@390
A:0.9934@390
T:0e82:0.6296,-0.1987,0.0256,0.0829,-0.5315,-0.1564,0.2838,-0.3331
C:0e82:0.0000,0.0000,0.0000,0.0000,0.0000,0.0000,0.0000,0.0000
M:0e82:0.3317,0.3102,-0.1911,-0.6606,-0.1933,-0.1759,0.2928,0.5746
I:0e82:0.4822,-0.0427,0.0851,0.1186,-0.4451,0.3920,0.4655,0.0361
F:0.9934@390
A:0.9934@390
T:0e83:0.6296,-0.1987,0.0256,0.0829,-0.5315,-0.1564,0.2838,-0.3331
C:0e83:0.0000,0.0000,0.0000,0.0000,0.0000,0.0000,0.0000,0.0000
M:0e83:0.3313,0.3100,-0.1909,-0.6608,-0.1929,-0.1766,0.2929,0.5749
I:0e84:0.4822,-0.0427,0.0851,0.1186,-0.4451,0.3920,0.4655,0.0361
F:0.9934@390
A:0.9934@390
T:0e85:0.6296,-0.1987,0.0256,0.0829,-0.5315,-0.1564,0.2838,-0.3331
C:0e85:0.0000,0.0000,0.0000,0.0000,0.0000,0.0000,0.0000,0.0000
M:0e85:0.3310,0.3098,-0.1907,-0.6610,-0.1921,-0.1773,0.2931,0.5753
I:0e86:0.4822,-0.0427,0.0851,0.1186,-0.4451,0.3920,0.4655,0.0361
F:0.9933@390
A:0.9933@390
T:0e87:0.6296,-0.1987,0.0256,0.0829,-0.5315,-0.1564,0.2838,-0.3331
C:0e87:0.0000,0.0000,0.0000,0.0000,0.0000,0.0000,0.0000,0.0000
M:0e87:0.3307,0.3095,-0.1905,-0.6613,-0.1912,-0.1779,0.2933,0.5758
I:0e87:0.4822,-0.0427,0.0851,0.1186,-0.4451,0.3920,0.4655,0.0361
F:0.9933@390
A:0.9933@390
T:0e89:0.6296,-0.1987,0.0256,0.0829,-0.5315,-0.1564,0.2838,-0.3331
C:0e89:0.0000,0.0000,0.0000,0.0000,0.0000,0.0000,0.0000,0.0000
M:0e8a:0.3304,0.3092,-0.1902,-0.6615,-0.1901,-0.1784,0.2934,0.5763
I:0e8a:0.4822,-0.0427,0.0851,0.1186,-0.4451,0.3920,0.4655,0.0361
F:0.9933@390
A:0.9933@390
T:0e8b:0.6296,-0.1987,0.0256,0.0829,-0.5315,-0.1564,0.2838,-0.3331
C:0e8b:0.0000,0.0000,0.0000,0.0000,0.0000,0.0000,0.0000,0.0000
M:0e8c:0.3299,0.3089,-0.1899,-0.6618,-0.1890,-0.1788,0.2935,0.5768
I:0e8c:0.4822,-0.0427,0.0851,0.1186,-0.4451,0.3920,0.4655,0.0361
F:0.9925@390
A:0.9925@390
T:0e8f:0.6296,-0.1987,0.0256,0.0829,-0.5315,-0.1564,0.2838,-0.3331
C:0e8f:0.0000,0.0000,0.0000,0.0000,0.0000,0.0000,0.0000,0.0000
M:0e8f:0.3294,0.3085,-0.1894,-0.6620,-0.1879,-0.1792,0.2936,0.5773
I:0e8f:0.4822,-0.0427,0.0851,0.1186,-0.4451,0.3920,0.4655,0.0361
F:0.9925@390
A:0.9925@390
T:0e91:0.6296,-0.1987,0.0256,0.0829,-0.5315,-0.1564,0.2838,-0.3331
C:0e91:0.0000,0.0000,0.0000,0.0000,0.0000,0.0000,0.0000,0.0000
M:0e91:0.3286,0.3078,-0.1895,-0.6623,-0.1862,-0.1804,0.2941,0.5779
I:0e92:0.4822,-0.0427,0.0851,0.1186,-0.4451,0.3920,0.4655,0.0361
F:0.9922@390
A:0.9922@390
T:0e93:0.6296,-0.1987,0.0256,0.0829,-0.5315,-0.1564,0.2838,-0.3331
C:0e93:0.0000,0.0000,0.0000,0.0000,0.0000,0.0000,0.0000,0.0000
M:0e93:0.3283,0.3073,-0.1889,-0.6627,-0.1845,-0.1808,0.2943,0.5786
I:0e94:0.4822,-0.0427,0.0851,0.1186,-0.4451,0.3920,0.4655,0.0361
F:0.9922@390
A:0.9922@390
T:0e95:0.6296,-0.1987,0.0256,0.0829,-0.5315,-0.1564,0.2838,-0.3331
C:0e95:0.0000,0.0000,0.0000,0.0000,0.0000,0.0000,0.0000,0.0000
M:0e95:0.3277,0.3069,-0.1880,-0.6629,-0.1832,-0.1810,0.2943,0.5793
I:0e96:0.4822,-0.0427,0.0851,0.1186,-0.4451,0.3920,0.4655,0.0361
F:0.9922@390
A:0.9922@390
T:0e97:0.6296,-0.1987,0.0256,0.0829,-0.5315,-0.1564,0.2838,-0.3331
C:0e97:0.0000,0.0000,0.0000,0.0000,0.0000,0.0000,0.0000,0.0000
M:0e97:0.3270,0.3066,-0.1870,-0.6631,-0.1822,-0.1812,0.2943,0.5798
I:0e97:0.4822,-0.0427,0.0851,0.1186,-0.4451,0.3920,0.4655,0.0361
F:0.9922@390
A:0.9922@390
T:0e99:0.6296,-0.1987,0.0256,0.0829,-0.5315,-0.1564,0.2838,-0.3331
C:0e99:0.0000,0.0000,0.0000,0.0000,0.0000,0.0000,0.0000,0.0000
M:0e99:0.3262,0.3062,-0.1861,-0.6632,-0.1814,-0.1815,0.2944,0.5802
I:0e9a:0.4822,-0.0427,0.0851,0.1186,-0.4451,0.3920,0.4655,0.0361
F:0.9919@390
A:0.9919@390
T:0e9c:0.6296,-0.1987,0.0256,0.0829,-0.5315,-0.1564,0.2838,-0.3331
C:0e9c:0.0000,0.0000,0.0000,0.0000,0.0000,0.0000,0.0000,0.0000
M:0e9c:0.3256,0.3058,-0.1852,-0.6634,-0.1808,-0.1820,0.2945,0.5806
I:0e9d:0.4822,-0.0427,0.0851,0.1186,-0.4451,0.3920,0.4655,0.0361
F:0.9919@390
A:0.9919@390
T:0e9e:0.6296,-0.1987,0.0256,0.0829,-0.5315,-0.1564,0.2838,-0.3331
C:0e9e:0.0000,0.0000,0.0000,0.0000,0.0000,0.0000,0.0000,0.0000
M:0e9e:0.3249,0.3053,-0.1849,-0.6636,-0.1798,-0.1830,0.2947,0.5810
I:0e9e:0.4822,-0.0427,0.0851,0.1186,-0.4451,0.3920,0.4655,0.0361
F:0.9914@390
A:0.9914@390
T:0ea0:0.6296,-0.1987,0.0256,0.0829,-0.5315,-0.1564,0.2838,-0.3331
C:0ea0:0.0000,0.0000,0.0000,0.0000,0.0000,0.0000,0.0000,0.0000
M:0ea0:0.3247,0.3052,-0.1840,-0.6638,-0.1791,-0.1831,0.2947,0.5815
I:0ea0:0.4822,-0.0427,0.0851,0.1186,-0.4451,0.3920,0.4655,0.0361
F:0.9914@390
A:0.9914@390
T:0ea3:0.6296,-0.1987,0.0256,0.0829,-0.5315,-0.1564,0.2838,-0.3331
C:0ea3:0.0000,0.0000,0.0000,0.0000,0.0000,0.0000,0.0000,0.0000
M:0ea3:0.3240,0.3048,-0.1837,-0.6641,-0.1782,-0.1840,0.2949,0.5820
I:0ea3:0.4822,-0.0427,0.0851,0.1186,-0.4451,0.3920,0.4655,0.0361
F:0.9914@390
A:0.9914@390
T:0ea5:0.6296,-0.1987,0.0256,0.0829,-0.5315,-0.1564,0.2838,-0.3331
C:0ea5:0.0000,0.0000,0.0000,0.0000,0.0000,0.0000,0.0000,0.0000
M:0ea5:0.3235,0.3043,-0.1835,-0.6644,-0.1769,-0.1850,0.2952,0.5826
I:0ea6:0.4822,-0.0427,0.0851,0.1186,-0.4451,0.3920,0.4655,0.0361
F:0.9914@390
A:0.9914@390
T:0ea7:0.6296,-0.1987,0.0256,0.0829,-0.5315,-0.1564,0.2838,-0.3331
C:0ea7:0.0000,0.0000,0.0000,0.0000,0.0000,0.0000,0.0000,0.0000
M:0ea7:0.3231,0.3040,-0.1828,-0.6647,-0.1755,-0.1854,0.2953,0.5832
I:0ea8:0.4822,-0.0427,0.0851,0.1186,-0.4451,0.3920,0.4655,0.0361
F:0.9914@390
A:0.9914@390
T:0ea9:0.6296,-0.1987,0.0256,0.0829,-0.5315,-0.1564,0.2838,-0.3331
C:0ea9:0.0000,0.0000,0.0000,0.0000,0.0000,0.0000,0.0000,0.0000
M:0ea9:0.3225,0.3037,-0.1820,-0.6649,-0.1744,-0.1856,0.2953,0.5837
I:0ea9:0.4822,-0.0427,0.0851,0.1186,-0.4451,0.3920,0.4655,0.0361
F:0.9914@390
A:0.9914@390
T:0eab:0.6296,-0.1987,0.0256,0.0829,-0.5315,-0.1564,0.2838,-0.3331
C:0eab:0.0000,0.0000,0.0000,0.0000,0.0000,0.0000,0.0000,0.0000
M:0eab:0.3218,0.3033,-0.1811,-0.6651,-0.1734,-0.1859,0.2953,0.5842
I:0eac:0.4822,-0.0427,0.0851,0.1186,-0.4451,0.3920,0.4655,0.0361
F:0.9914@390
A:0.9914@390
T:0ead:0.6296,-0.1987,0.0256,0.0829,-0.5315,-0.1564,0.2838,-0.3331
C:0eae:0.0000,0.0000,0.0000,0.0000,0.0000,0.0000,0.0000,0.0000
M:0eae:0.3211,0.3030,-0.1803,-0.6653,-0.1727,-0.1863,0.2954,0.5846
I:0eae:0.4822,-0.0427,0.0851,0.1186,-0.4451,0.3920,0.4655,0.0361
F:0.9914@390
A:0.9914@390
T:0eb1:0.6296,-0.1987,0.0256,0.0829,-0.5315,-0.1564,0.2838,-0.3331
C:0eb1:0.0000,0.0000,0.0000,0.0000,0.0000,0.0000,0.0000,0.0000
M:0eb1:0.3205,0.3027,-0.1795,-0.6655,-0.1720,-0.1868,0.2955,0.5850
I:0eb1:0.4822,-0.0427,0.0851,0.1186,-0.4451,0.3920,0.4655,0.0361
F:0.9912@390
A:0.9912@390
T:0eb2:0.6296,-0.1987,0.0256,0.0829,-0.5315,-0.1564,0.2838,-0.3331
C:0eb2:0.0000,0.0000,0.0000,0.0000,0.0000,0.0000,0.0000,0.0000
M:0eb2:0.3199,0.3022,-0.1792,-0.6657,-0.1710,-0.1877,0.2958,0.5854
I:0eb2:0.4822,-0.0427,0.0851,0.1186,-0.4451,0.3920,0.4655,0.0361
F:0.9909@390
A:0.9909@390
T:0eb4:0.6296,-0.1987,0.0256,0.0829,-0.5315,-0.1564,0.2838,-0.3331
C:0eb4:0.0000,0.0000,0.0000,0.0000,0.0000,0.0000,0.0000,0.0000
M:0eb4:0.3196,0.3020,-0.1783,-0.6659,-0.1702,-0.1879,0.2958,0.5859
I:0eb4:0.4822,-0.0427,0.0851,0.1186,-0.4451,0.3920,0.4655,0.0361
F:0.9909@390
A:0.9909@390
T:0eb5:0.6296,-0.1987,0.0256,0.0829,-0.5315,-0.1564,0.2838,-0.3331
C:0eb5:0.0000,0.0000,0.0000,0.0000,0.0000,0.0000,0.0000,0.0000
M:0eb6:0.3190,0.3018,-0.1776,-0.6661,-0.1695,-0.1883,0.2958,0.5863
I:0eb6:0.4822,-0.0427,0.0851,0.1186,-0.4451,0.3920,0.4655,0.0361
F:0.9905@390
A:0.9905@390
T:0eb7:0.6296,-0.1987,0.0256,0.0829,-0.5315,-0.1564,0.2838,-0.3331
C:0eb7:0.0000,0.0000,0.0000,0.0000,0.0000,0.0000,0.0000,0.0000
M:0eb7:0.3185,0.3015,-0.1770,-0.6663,-0.1688,-0.1888,0.2959,0.5866
I:0eb7:0.4822,-0.0427,0.0851,0.1186,-0.4451,0.3920,0.4655,0.0361
F:0.9905@390
A:0.9905@390
T:0eb9:0.6296,-0.1987,0.0256,0.0829,-0.5315,-0.1564,0.2838,-0.3331
C:0eb9:0.0000,0.0000,0.0000,0.0000,0.0000,0.0000,0.0000,0.0000
M:0eb9:0.3180,0.3012,-0.1765,-0.6665,-0.1681,-0.1893,0.2960,0.5870
I:0eb9:0.4822,-0.0427,0.0851,0.1186,-0.4451,0.3920,0.4655,0.0361
F:0.9905@390
A:0.9905@390
T:0ebb:0.6296,-0.1987,0.0256,0.0829,-0.5315,-0.1564,0.2838,-0.3331
C:0ebb:0.0000,0.0000,0.0000,0.0000,0.0000,0.0000,0.0000,0.0000
M:0ebb:0.3175,0.3009,-0.1760,-0.6667,-0.1672,-0.1899,0.2961,0.5874
I:0ebb:0.4822,-0.0427,0.0851,0.1186,-0.4451,0.3920,0.4655,0.0361
F:0.9905@390
A:0.9905@390
T:0ebc:0.6296,-0.1987,0.0256,0.0829,-0.5315,-0.1564,0.2838,-0.3331
C:0ebc:0.0000,0.0000,0.0000,0.0000,0.0000,0.0000,0.0000,0.0000
M:0ebd:0.3171,0.3008,-0.1751,-0.6669,-0.1666,-0.1899,0.2961,0.5878
I:0ebe:0.4822,-0.0427,0.0851,0.1186,-0.4451,0.3920,0.4655,0.0361
F:0.9905@390
A:0.9905@390
T:0ebf:0.6296,-0.1987,0.0256,0.0829,-0.5315,-0.1564,0.2838,-0.3331
C:0ebf:0.0000,0.0000,0.0000,0.0000,0.0000,0.0000,0.0000,0.0000
M:0ebf:0.3164,0.3003,-0.1749,-0.6671,-0.1657,-0.1908,0.2963,0.5882
I:0ebf:0.4822,-0.0427,0.0851,0.1186,-0.4451,0.3920,0.4655,0.0361
F:0.9901@390
A:0.9901@390
T:0ec1:0.6296,-0.1987,0.0256,0.0829,-0.5315,-0.1564,0.2838,-0.3331
C:0ec1:0.0000,0.0000,0.0000,0.0000,0.0000,0.0000,0.0000,0.0000
M:0ec1:0.3161,0.3002,-0.1741,-0.6673,-0.1649,-0.1910,0.2963,0.5886
I:0ec1:0.4822,-0.0427,0.0851,0.1186,-0.4451,0.3920,0.4655,0.0361
F:0.9901@390
A:0.9901@390
T:0ec2:0.6296,-0.1987,0.0256,0.0829,-0.5315,-0.1564,0.2838,-0.3331
C:0ec2:0.0000,0.0000,0.0000,0.0000,0.0000,0.0000,0.0000,0.0000
M:0ec2:0.3156,0.2999,-0.1736,-0.6675,-0.1642,-0.1914,0.2964,0.5890
I:0ec2:0.4822,-0.0427,0.0851,0.1186,-0.4451,0.3920,0.4655,0.0361
F:0.9900@390
A:0.9900@390
T:0ec4:0.6296,-0.1987,0.0256,0.0829,-0.5315,-0.1564,0.2838,-0.3331
C:0ec4:0.0000,0.0000,0.0000,0.0000,0.0000,0.0000,0.0000,0.0000
M:0ec5:0.3151,0.2996,-0.1731,-0.6677,-0.1633,-0.1920,0.2965,0.5893
I:0ec5:0.4822,-0.0427,0.0851,0.1186,-0.4451,0.3920,0.4655,0.0361
F:0.9900@390
A:0.9900@390
T:0ec6:0.6296,-0.1987,0.0256,0.0829,-0.5315,-0.1564,0.2838,-0.3331
C:0ec6:0.0000,0.0000,0.0000,0.0000,0.0000,0.0000,0.0000,0.0000
M:0ec6:0.3146,0.2992,-0.1727,-0.6679,-0.1624,-0.1925,0.2966,0.5897
I:0ec6:0.4822,-0.0427,0.0851,0.1186,-0.4451,0.3920,0.4655,0.0361
F:0.9900@390
A:0.9900@390
T:0ec8:0.6296,-0.1987,0.0256,0.0829,-0.5315,-0.1564,0.2838,-0.3331
C:0ec8:0.0000,0.0000,0.0000,0.0000,0.0000,0.0000,0.0000,0.0000
M:0ec8:0.3141,0.2989,-0.1721,-0.6681,-0.1614,-0.1930,0.2968,0.5902
I:0ec8:0.4822,-0.0427,0.0851,0.1186,-0.4451,0.3920,0.4655,0.0361
F:0.9896@390
A:0.9896@390
T:0eca:0.6296,-0.1987,0.0256,0.0829,-0.5315,-0.1564,0.2838,-0.3331
C:0eca:0.0000,0.0000,0.0000,0.0000,0.0000,0.0000,0.0000,0.0000
M:0eca:0.3136,0.2985,-0.1716,-0.6683,-0.1603,-0.1934,0.2969,0.5906
I:0ecb:0.4822,-0.0427,0.0851,0.1186,-0.4451,0.3920,0.4655,0.0361
F:0.9896@390
A:0.9896@390
T:0ecc:0.6296,-0.1987,0.0256,0.0829,-0.5315,-0.1564,0.2838,-0.3331
C:0ecc:0.0000,0.0000,0.0000,0.0000,0.0000,0.0000,0.0000,0.0000
M:0ecc:0.3130,0.2981,-0.1710,-0.6685,-0.1593,-0.1938,0.2970,0.5910
I:0ecc:0.4822,-0.0427,0.0851,0.1186,-0.4451,0.3920,0.4655,0.0361
F:0.9891@390
A:0.9891@390
T:0ece:0.6296,-0.1987,0.0256,0.0829,-0.5315,-0.1564,0.2838,-0.3331
C:0ecf:0.0000,0.0000,0.0000,0.0000,0.0000,0.0000,0.0000,0.0000
M:0ecf:0.3125,0.2978,-0.1703,-0.6687,-0.1583,-0.1942,0.2970,0.5914
I:0ecf:0.4822,-0.0427,0.0851,0.1186,-0.4451,0.3920,0.4655,0.0361
F:0.9891@390
A:0.9891@390
T:0ed1:0.6296,-0.1987,0.0256,0.0829,-0.5315,-0.1564,0.2838,-0.3331
C:0ed1:0.0000,0.0000,0.0000,0.0000,0.0000,0.0000,0.0000,0.0000
M:0ed1:0.3119,0.2974,-0.1697,-0.6688,-0.1573,-0.1947,0.2971,0.5918
I:0ed1:0.4822,-0.0427,0.0851,0.1186,-0.4451,0.3920,0.4655,0.0361
F:0.9888@390
A:0.9888@390
T:0ed2:0.6296,-0.1987,0.0256,0.0829,-0.5315,-0.1564,0.2838,-0.3331
C:0ed2:0.0000,0.0000,0.0000,0.0000,0.0000,0.0000,0.0000,0.0000
M:0ed2:0.3113,0.2970,-0.1690,-0.6690,-0.1564,-0.1951,0.2972,0.5922
I:0ed2:0.4822,-0.0427,0.0851,0.1186,-0.4451,0.3920,0.4655,0.0361
F:0.9888@390
A:0.9888@390
T:0ed4:0.6296,-0.1987,0.0256,0.0829,-0.5315,-0.1564,0.2838,-0.3331
C:0ed4:0.0000,0.0000,0.0000,0.0000,0.0000,0.0000,0.0000,0.0000
M:0ed4:0.3107,0.2967,-0.1683,-0.6692,-0.1555,-0.1955,0.2973,0.5926
I:0ed4:0.4822,-0.0427,0.0851,0.1186,-0.4451,0.3920,0.4655,0.0361
F:0.9888@390
A:0.9888@390
T:0ed6:0.6296,-0.1987,0.0256,0.0829,-0.5315,-0.1564,0.2838,-0.3331
C:0ed6:0.0000,0.0000,0.0000,0.0000,0.0000,0.0000,0.0000,0.0000
M:0ed6:0.3101,0.2963,-0.1676,-0.6694,-0.1546,-0.1960,0.2974,0.5930
I:0ed6:0.4822,-0.0427,0.0851,0.1186,-0.4451,0.3920,0.4655,0.0361
F:0.9888@390
A:0.9888@390
T:0ed9:0.6296,-0.1987,0.0256,0.0829,-0.5315,-0.1564,0.2838,-0.3331
C:0ed9:0.0000,0.0000,0.0000,0.0000,0.0000,0.0000,0.0000,0.0000
M:0ed9:0.3096,0.2959,-0.1670,-0.6696,-0.1537,-0.1965,0.2975,0.5934
I:0ed9:0.4822,-0.0427,0.0851,0.1186,-0.4451,0.3920,0.4655,0.0361
F:0.9885@390
A:0.9885@390
T:0edb:0.6296,-0.1987,0.0256,0.0829,-0.5315,-0.1564,0.2838,-0.3331
C:0edb:0.0000,0.0000,0.0000,0.0000,0.0000,0.0000,0.0000,0.0000
M:0edd:0.3089,0.2954,-0.1667,-0.6698,-0.1525,-0.1973,0.2977,0.5939
I:0edd:0.4822,-0.0427,0.0851,0.1186,-0.4451,0.3920,0.4655,0.0361
F:0.9885@390
A:0.9885@390
T:0edf:0.6296,-0.1987,0.0256,0.0829,-0.5315,-0.1564,0.2838,-0.3331
C:0ee0:0.0000,0.0000,0.0000,0.0000,0.0000,0.0000,0.0000,0.0000
M:0ee0:0.3081,0.2946,-0.1667,-0.6702,-0.1505,-0.1986,0.2982,0.5946
I:0ee0:0.4822,-0.0427,0.0851,0.1186,-0.4451,0.3920,0.4655,0.0361
F:0.9884@390
A:0.9884@390
T:0ee1:0.6296,-0.1987,0.0256,0.0829,-0.5315,-0.1564,0.2838,-0.3331
C:0ee1:0.0000,0.0000,0.0000,0.0000,0.0000,0.0000,0.0000,0.0000
M:0ee1:0.3077,0.2941,-0.1659,-0.6705,-0.1485,-0.1989,0.2983,0.5953
I:0ee2:0.4822,-0.0427,0.0851,0.1186,-0.4451,0.3920,0.4655,0.0361
F:0.9878@390
A:0.9878@390
T:0ee3:0.6296,-0.1987,0.0256,0.0829,-0.5315,-0.1564,0.2838,-0.3331
C:0ee3:0.0000,0.0000,0.0000,0.0000,0.0000,0.0000,0.0000,0.0000
M:0ee3:0.3070,0.2937,-0.1647,-0.6707,-0.1469,-0.1989,0.2982,0.5958
I:0ee4:0.4822,-0.0427,0.0851,0.1186,-0.4451,0.3920,0.4655,0.0361
F:0.9878@390
A:0.9878@390
T:0ee5:0.6296,-0.1987,0.0256,0.0829,-0.5315,-0.1564,0.2838,-0.3331
C:0ee5:0.0000,0.0000,0.0000,0.0000,0.0000,0.0000,0.0000,0.0000
M:0ee5:0.3060,0.2933,-0.1633,-0.6708,-0.1459,-0.1990,0.2981,0.5963
I:0ee5:0.4822,-0.0427,0.0851,0.1186,-0.4451,0.3920,0.4655,0.0361
F:0.9878@390
A:0.9878@390
T:0ee7:0.6296,-0.1987,0.0256,0.0829,-0.5315,-0.1564,0.2838,-0.3331
C:0ee7:0.0000,0.0000,0.0000,0.0000,0.0000,0.0000,0.0000,0.0000
M:0ee7:0.3050,0.2928,-0.1620,-0.6709,-0.1453,-0.1992,0.2981,0.5966
I:0ee8:0.4822,-0.0427,0.0851,0.1186,-0.4451,0.3920,0.4655,0.0361
F:0.9878@390
A:0.9878@390
T:0eea:0.6296,-0.1987,0.0256,0.0829,-0.5315,-0.1564,0.2838,-0.3331
C:0eea:0.0000,0.0000,0.0000,0.0000,0.0000,0.0000,0.0000,0.0000
M:0eea:0.3042,0.2925,-0.1608,-0.6710,-0.1448,-0.1997,0.2982,0.5969
I:0eeb:0.4822,-0.0427,0.0851,0.1186,-0.4451,0.3920,0.4655,0.0361
F:0.9878@390
A:0.9878@390
T:0eec:0.6296,-0.1987,0.0256,0.0829,-0.5315,-0.1564,0.2838,-0.3331
C:0eec:0.0000,0.0000,0.0000,0.0000,0.0000,0.0000,0.0000,0.0000
M:0eec:0.3035,0.2920,-0.1603,-0.6712,-0.1441,-0.2008,0.2984,0.5972
I:0eec:0.4822,-0.0427,0.0851,0.1186,-0.4451,0.3920,0.4655,0.0361
F:0.9874@390
A:0.9874@390
T:0eed:0.6296,-0.1987,0.0256,0.0829,-0.5315,-0.1564,0.2838,-0.3331
C:0eed:0.0000,0.0000,0.0000,0.0000,0.0000,0.0000,0.0000,0.0000
M:0eed:0.3032,0.2918,-0.1592,-0.6714,-0.1436,-0.2010,0.2984,0.5976
I:0eee:0.4822,-0.0427,0.0851,0.1186,-0.4451,0.3920,0.4655,0.0361
F:0.9871@390
A:0.9871@390
T:0eef:0.6296,-0.1987,0.0256,0.0829,-0.5315,-0.1564,0.2838,-0.3331
C:0eef:0.0000,0.0000,0.0000,0.0000,0.0000,0.0000,0.0000,0.0000
M:0eef:0.3027,0.2916,-0.1585,-0.6716,-0.1431,-0.2015,0.2984,0.5980
I:0ef0:0.4822,-0.0427,0.0851,0.1186,-0.4451,0.3920,0.4655,0.0361
F:0.9871@390
A:0.9871@390
T:0ef1:0.6296,-0.1987,0.0256,0.0829,-0.5315,-0.1564,0.2838,-0.3331
C:0ef1:0.0000,0.0000,0.0000,0.0000,0.0000,0.0000,0.0000,0.0000
M:0ef1:0.3022,0.2914,-0.1580,-0.6718,-0.1425,-0.2021,0.2984,0.5983
I:0ef1:0.4822,-0.0427,0.0851,0.1186,-0.4451,0.3920,0.4655,0.0361
F:0.9871@390
A:0.9871@390
T:0ef2:0.6296,-0.1987,0.0256,0.0829,-0.5315,-0.1564,0.2838,-0.3331
C:0ef2:0.0000,0.0000,0.0000,0.0000,0.0000,0.0000,0.0000,0.0000
M:0ef2:0.3018,0.2914,-0.1571,-0.6719,-0.1421,-0.2023,0.2984,0.5986
I:0ef3:0.4822,-0.0427,0.0851,0.1186,-0.4451,0.3920,0.4655,0.0361
F:0.9871@390
A:0.9871@390
T:0ef4:0.6296,-0.1987,0.0256,0.0829,-0.5315,-0.1564,0.2838,-0.3331
C:0ef4:0.0000,0.0000,0.0000,0.0000,0.0000,0.0000,0.0000,0.0000
M:0ef4:0.3012,0.2912,-0.1566,-0.6721,-0.1416,-0.2028,0.2984,0.5989
I:0ef4:0.4822,-0.0427,0.0851,0.1186,-0.4451,0.3920,0.4655,0.0361
F:0.9871@390
A:0.9871@390
T:0ef5:0.6296,-0.1987,0.0256,0.0829,-0.5315,-0.1564,0.2838,-0.3331
C:0ef5:0.0000,0.0000,0.0000,0.0000,0.0000,0.0000,0.0000,0.0000
M:0ef6:0.3009,0.2911,-0.1559,-0.6722,-0.1412,-0.2030,0.2984,0.5991
I:0ef6:0.4822,-0.0427,0.0851,0.1186,-0.4451,0.3920,0.4655,0.0361
F:0.9871@390
A:0.9871@390
T:0ef7:0.6296,-0.1987,0.0256,0.0829,-0.5315,-0.1564,0.2838,-0.3331
C:0ef7:0.0000,0.0000,0.0000,0.0000,0.0000,0.0000,0.0000,0.0000
M:0ef7:0.3004,0.2908,-0.1555,-0.6724,-0.1406,-0.2036,0.2985,0.5994
I:0ef8:0.4822,-0.0427,0.0851,0.1186,-0.4451,0.3920,0.4655,0.0361
F:0.9871@390
A:0.9871@390
T:0ef9:0.6296,-0.1987,0.0256,0.0829,-0.5315,-0.1564,0.2838,-0.3331
C:0ef9:0.0000,0.0000,0.0000,0.0000,0.0000,0.0000,0.0000,0.0000
M:0ef9:0.2999,0.2905,-0.1552,-0.6726,-0.1398,-0.2043,0.2987,0.5997
I:0ef9:0.4822,-0.0427,0.0851,0.1186,-0.4451,0.3920,0.4655,0.0361
F:0.9862@390
A:0.9862@390
T:0efc:0.6296,-0.1987,0.0256,0.0829,-0.5315,-0.1564,0.2838,-0.3331
C:0efc:0.0000,0.0000,0.0000,0.0000,0.0000,0.0000,0.0000,0.0000
M:0efc:0.2995,0.2902,-0.1549,-0.6728,-0.1387,-0.2048,0.2989,0.6001
I:0efc:0.4822,-0.0427,0.0851,0.1186,-0.4451,0.3920,0.4655,0.0361
F:0.9859@390
A:0.9859@390
T:0efd:0.6296,-0.1987,0.0256,0.0829,-0.5315,-0.1564,0.2838,-0.3331
C:0efe:0.0000,0.0000,0.0000,0.0000,0.0000,0.0000,0.0000,0.0000
M:0efe:0.2991,0.2898,-0.1545,-0.6730,-0.1375,-0.2053,0.2990,0.6006
I:0efe:0.4822,-0.0427,0.0851,0.1186,-0.4451,0.3920,0.4655,0.0361
F:0.9857@390
A:0.9857@390
T:0eff:0.6296,-0.1987,0.0256,0.0829,-0.5315,-0.1564,0.2838,-0.3331
C:0eff:0.0000,0.0000,0.0000,0.0000,0.0000,0.0000,0.0000,0.0000
M:0eff:0.2985,0.2894,-0.1540,-0.6732,-0.1362,-0.2056,0.2991,0.6010
I:0f00:0.4822,-0.0427,0.0851,0.1186,-0.4451,0.3920,0.4655,0.0361
F:0.9857@390
A:0.9857@390
T:0f01:0.6296,-0.1987,0.0256,0.0829,-0.5315,-0.1564,0.2838,-0.3331
C:0f01:0.0000,0.0000,0.0000,0.0000,0.0000,0.0000,0.0000,0.0000
M:0f01:0.2978,0.2890,-0.1533,-0.6734,-0.1350,-0.2059,0.2992,0.6014
I:0f01:0.4822,-0.0427,0.0851,0.1186,-0.4451,0.3920,0.4655,0.0361
F:0.9857@390
A:0.9857@390
T:0f03:0.6296,-0.1987,0.0256,0.0829,-0.5315,-0.1564,0.2838,-0.3331
C:0f03:0.0000,0.0000,0.0000,0.0000,0.0000,0.0000,0.0000,0.0000
M:0f03:0.2971,0.2885,-0.1524,-0.6735,-0.1338,-0.2063,0.2992,0.6018
I:0f03:0.4822,-0.0427,0.0851,0.1186,-0.4451,0.3920,0.4655,0.0361
F:0.9857@390
A:0.9857@390
T:0f05:0.6296,-0.1987,0.0256,0.0829,-0.5315,-0.1564,0.2838,-0.3331
C:0f05:0.0000,0.0000,0.0000,0.0000,0.0000,0.0000,0.0000,0.0000
M:0f05:0.2964,0.2881,-0.1515,-0.6737,-0.1328,-0.2066,0.2993,0.6021
I:0f05:0.4822,-0.0427,0.0851,0.1186,-0.4451,0.3920,0.4655,0.0361
F:0.9857@390
A:0.9857@390
T:0f07:0.6296,-0.1987,0.0256,0.0829,-0.5315,-0.1564,0.2838,-0.3331
C:0f07:0.0000,0.0000,0.0000,0.0000,0.0000,0.0000,0.0000,0.0000
M:0f07:0.2957,0.2876,-0.1507,-0.6738,-0.1319,-0.2070,0.2993,0.6025
I:0f07:0.4822,-0.0427,0.0851,0.1186,-0.4451,0.3920,0.4655,0.0361
F:0.9857@390
A:0.9857@390
T:0f09:0.6296,-0.1987,0.0256,0.0829,-0.5315,-0.1564,0.2838,-0.3331
C:0f0a:0.0000,0.0000,0.0000,0.0000,0.0000,0.0000,0.0000,0.0000
M:0f0a:0.2950,0.2872,-0.1498,-0.6740,-0.1310,-0.2074,0.2994,0.6028
I:0f0a:0.4822,-0.0427,0.0851,0.1186,-0.4451,0.3920,0.4655,0.0361
F:0.9853@390
A:0.9853@390
T:0f0b:0.6296,-0.1987,0.0256,0.0829,-0.5315,-0.1564,0.2838,-0.3331
C:0f0c:0.0000,0.0000,0.0000,0.0000,0.0000,0.0000,0.0000,0.0000
M:0f0c:0.2944,0.2868,-0.1490,-0.6741,-0.1302,-0.2079,0.2995,0.6032
I:0f0c:0.4822,-0.0427,0.0851,0.1186,-0.4451,0.3920,0.4655,0.0361
F:0.9853@390
A:0.9853@390
T:0f0e:0.6296,-0.1987,0.0256,0.0829,-0.5315,-0.1564,0.2838,-0.3331
C:0f0e:0.0000,0.0000,0.0000,0.0000,0.0000,0.0000,0.0000,0.0000
M:0f0e:0.2937,0.2863,-0.1486,-0.6744,-0.1290,-0.2088,0.2997,0.6036
I:0f0e:0.4822,-0.0427,0.0851,0.1186,-0.4451,0.3920,0.4655,0.0361
F:0.9847@390
A:0.9847@390
T:0f10:0.6296,-0.1987,0.0256,0.0829,-0.5315,-0.1564,0.2838,-0.3331
C:0f10:0.0000,0.0000,0.0000,0.0000,0.0000,0.0000,0.0000,0.0000
M:0f10:0.2932,0.2859,-0.1479,-0.6746,-0.1277,-0.2093,0.2998,0.6041
I:0f11:0.4822,-0.0427,0.0851,0.1186,-0.4451,0.3920,0.4655,0.0361
F:0.9847@390
A:0.9847@390
T:0f12:0.6296,-0.1987,0.0256,0.0829,-0.5315,-0.1564,0.2838,-0.3331
C:0f12:0.0000,0.0000,0.0000,0.0000,0.0000,0.0000,0.0000,0.0000
M:0f12:0.2925,0.2855,-0.1470,-0.6748,-0.1265,-0.2096,0.2998,0.6045
I:0f13:0.4822,-0.0427,0.0851,0.1186,-0.4451,0.3920,0.4655,0.0361
F:0.9847@390
A:0.9847@390
T:0f14:0.6296,-0.1987,0.0256,0.0829,-0.5315,-0.1564,0.2838,-0.3331
C:0f14:0.0000,0.0000,0.0000,0.0000,0.0000,0.0000,0.0000,0.0000
M:0f14:0.2918,0.2851,-0.1460,-0.6749,-0.1255,-0.2099,0.2998,0.6049
I:0f14:0.4822,-0.0427,0.0851,0.1186,-0.4451,0.3920,0.4655,0.0361
F:0.9847@390
A:0.9847@390
T:0f16:0.6296,-0.1987,0.0256,0.0829,-0.5315,-0.1564,0.2838,-0.3331
C:0f16:0.0000,0.0000,0.0000,0.0000,0.0000,0.0000,0.0000,0.0000
M:0f16:0.2910,0.2847,-0.1450,-0.6751,-0.1247,-0.2103,0.2998,0.6052
I:0f16:0.4822,-0.0427,0.0851,0.1186,-0.4451,0.3920,0.4655,0.0361
F:0.9843@390
A:0.9843@390
T:0f18:0.6296,-0.1987,0.0256,0.0829,-0.5315,-0.1564,0.2838,-0.3331
C:0f18:0.0000,0.0000,0.0000,0.0000,0.0000,0.0000,0.0000,0.0000
M:0f18:0.2903,0.2844,-0.1440,-0.6752,-0.1239,-0.2107,0.2999,0.6056
I:0f19:0.4822,-0.0427,0.0851,0.1186,-0.4451,0.3920,0.4655,0.0361
F:0.9843@390
A:0.9843@390
T:0f1a:0.6296,-0.1987,0.0256,0.0829,-0.5315,-0.1564,0.2838,-0.3331
C:0f1b:0.0000,0.0000,0.0000,0.0000,0.0000,0.0000,0.0000,0.0000
M:0f1b:0.2896,0.2840,-0.1431,-0.6754,-0.1232,-0.2112,0.3000,0.6059
I:0f1b:0.4822,-0.0427,0.0851,0.1186,-0.4451,0.3920,0.4655,0.0361
F:0.9839@390
A:0.9839@390
T:0f1c:0.6296,-0.1987,0.0256,0.0829,-0.5315,-0.1564,0.2838,-0.3331
C:0f1c:0.0000,0.0000,0.0000,0.0000,0.0000,0.0000,0.0000,0.0000
M:0f1c:0.2890,0.2837,-0.1423,-0.6755,-0.1225,-0.2117,0.3000,0.6062
I:0f1c:0.4822,-0.0427,0.0851,0.1186,-0.4451,0.3920,0.4655,0.0361
F:0.9838@390
A:0.9838@390
T:0f1e:0.6296,-0.1987,0.0256,0.0829,-0.5315,-0.1564,0.2838,-0.3331
C:0f1e:0.0000,0.0000,0.0000,0.0000,0.0000,0.0000,0.0000,0.0000
M:0f1e:0.2884,0.2834,-0.1416,-0.6757,-0.1218,-0.2122,0.3001,0.6066
I:0f1e:0.4822,-0.0427,0.0851,0.1186,-0.4451,0.3920,0.4655,0.0361
F:0.9838@390
A:0.9838@390
T:0f20:0.6296,-0.1987,0.0256,0.0829,-0.5315,-0.1564,0.2838,-0.3331
C:0f20:0.0000,0.0000,0.0000,0.0000,0.0000,0.0000,0.0000,0.0000
M:0f20:0.2879,0.2830,-0.1409,-0.6759,-0.1209,-0.2128,0.3002,0.6069
I:0f20:0.4822,-0.0427,0.0851,0.1186,-0.4451,0.3920,0.4655,0.0361
F:0.9838@390
A:0.9838@390
T:0f22:0.6296,-0.1987,0.0256,0.0829,-0.5315,-0.1564,0.2838,-0.3331
C:0f22:0.0000,0.0000,0.0000,0.0000,0.0000,0.0000,0.0000,0.0000
M:0f22:0.2873,0.2827,-0.1402,-0.6761,-0.1200,-0.2132,0.3002,0.6073
I:0f22:0.4822,-0.0427,0.0851,0.1186,-0.4451,0.3920,0.4655,0.0361
F:0.9838@390
A:0.9838@390
T:0f24:0.6296,-0.1987,0.0256,0.0829,-0.5315,-0.1564,0.2838,-0.3331
C:0f24:0.0000,0.0000,0.0000,0.0000,0.0000,0.0000,0.0000,0.0000
M:0f24:0.2867,0.2824,-0.1395,-0.6763,-0.1191,-0.2137,0.3003,0.6076
I:0f24:0.4822,-0.0427,0.0851,0.1186,-0.4451,0.3920,0.4655,0.0361
F:0.9828@390
A:0.9828@390
T:0f27:0.6296,-0.1987,0.0256,0.0829,-0.5315,-0.1564,0.2838,-0.3331
C:0f27:0.0000,0.0000,0.0000,0.0000,0.0000,0.0000,0.0000,0.0000
M:0f28:0.2861,0.2820,-0.1387,-0.6764,-0.1181,-0.2141,0.3003,0.6080
I:0f28:0.4822,-0.0427,0.0851,0.1186,-0.4451,0.3920,0.4655,0.0361
F:0.9828@390
A:0.9828@390
T:0f29:0.6296,-0.1987,0.0256,0.0829,-0.5315,-0.1564,0.2838,-0.3331
C:0f29:0.0000,0.0000,0.0000,0.0000,0.0000,0.0000,0.0000,0.0000
M:0f29:0.2853,0.2815,-0.1384,-0.6767,-0.1168,-0.2150,0.3006,0.6084
I:0f2a:0.4822,-0.0427,0.0851,0.1186,-0.4451,0.3920,0.4655,0.0361
F:0.9828@390
A:0.9828@390
T:0f2b:0.6296,-0.1987,0.0256,0.0829,-0.5315,-0.1564,0.2838,-0.3331
C:0f2b:0.0000,0.0000,0.0000,0.0000,0.0000,0.0000,0.0000,0.0000
M:0f2b:0.2847,0.2810,-0.1375,-0.6769,-0.1154,-0.2154,0.3007,0.6089
I:0f2b:0.4822,-0.0427,0.0851,0.1186,-0.4451,0.3920,0.4655,0.0361
F:0.9828@390
A:0.9828@390
T:0f2d:0.6296,-0.1987,0.0256,0.0829,-0.5315,-0.1564,0.2838,-0.3331
C:0f2d:0.0000,0.0000,0.0000,0.0000,0.0000,0.0000,0.0000,0.0000
M:0f2d:0.2840,0.2806,-0.1365,-0.6770,-0.1141,-0.2156,0.3007,0.6093
I:0f2e:0.4822,-0.0427,0.0851,0.1186,-0.4451,0.3920,0.4655,0.0361
F:0.9828@390
A:0.9828@390
T:0f2f:0.6296,-0.1987,0.0256,0.0829,-0.5315,-0.1564,0.2838,-0.3331
C:0f2f:0.0000,0.0000,0.0000,0.0000,0.0000,0.0000,0.0000,0.0000
M:0f2f:0.2831,0.2802,-0.1354,-0.6772,-0.1131,-0.2159,0.3006,0.6096
I:0f30:0.4822,-0.0427,0.0851,0.1186,-0.4451,0.3920,0.4655,0.0361
F:0.9828@390
A:0.9828@390
T:0f31:0.6296,-0.1987,0.0256,0.0829,-0.5315,-0.1564,0.2838,-0.3331
C:0f31:0.0000,0.0000,0.0000,0.0000,0.0000,0.0000,0.0000,0.0000
M:0f31:0.2823,0.2798,-0.1342,-0.6773,-0.1123,-0.2163,0.3007,0.6100
I:0f32:0.4822,-0.0427,0.0851,0.1186,-0.4451,0.3920,0.4655,0.0361
F:0.9826@390
A:0.9826@390
T:0f33:0.6296,-0.1987,0.0256,0.0829,-0.5315,-0.1564,0.2838,-0.3331
C:0f33:0.0000,0.0000,0.0000,0.0000,0.0000,0.0000,0.0000,0.0000
M:0f33:0.2815,0.2794,-0.1331,-0.6774,-0.1117,-0.2167,0.3007,0.6103
I:0f34:0.4822,-0.0427,0.0851,0.1186,-0.4451,0.3920,0.4655,0.0361
F:0.9822@390
A:0.9822@390
T:0f36:0.6296,-0.1987,0.0256,0.0829,-0.5315,-0.1564,0.2838,-0.3331
C:0f36:0.0000,0.0000,0.0000,0.0000,0.0000,0.0000,0.0000,0.0000
M:0f36:0.2808,0.2790,-0.1322,-0.6776,-0.1111,-0.2172,0.3007,0.6106
I:0f36:0.4822,-0.0427,0.0851,0.1186,-0.4451,0.3920,0.4655,0.0361
F:0.9822@390
A:0.9822@390
T:0f37:0.6296,-0.1987,0.0256,0.0829,-0.5315,-0.1564,0.2838,-0.3331
C:0f37:0.0000,0.0000,0.0000,0.0000,0.0000,0.0000,0.0000,0.0000
M:0f37:0.2802,0.2787,-0.1314,-0.6777,-0.1104,-0.2178,0.3008,0.6109
I:0f37:0.4822,-0.0427,0.0851,0.1186,-0.4451,0.3920,0.4655,0.0361
F:0.9822@390
A:0.9822@390
T:0f39:0.6296,-0.1987,0.0256,0.0829,-0.5315,-0.1564,0.2838,-0.3331
C:0f39:0.0000,0.0000,0.0000,0.0000,0.0000,0.0000,0.0000,0.0000
M:0f39:0.2797,0.2784,-0.1306,-0.6779,-0.1097,-0.2183,0.3009,0.6112
I:0f39:0.4822,-0.0427,0.0851,0.1186,-0.4451,0.3920,0.4655,0.0361
F:0.9811@390
A:0.9811@390
T:0f3a:0.6296,-0.1987,0.0256,0.0829,-0.5315,-0.1564,0.2838,-0.3331
C:0f3b:0.0000,0.0000,0.0000,0.0000,0.0000,0.0000,0.0000,0.0000
M:0f3b:0.2792,0.2783,-0.1295,-0.6780,-0.1093,-0.2185,0.3008,0.6115
I:0f3b:0.4822,-0.0427,0.0851,0.1186,-0.4451,0.3920,0.4655,0.0361
F:0.9807@390
A:0.9807@390
T:0f3d:0.6296,-0.1987,0.0256,0.0829,-0.5315,-0.1564,0.2838,-0.3331
C:0f3d:0.0000,0.0000,0.0000,0.0000,0.0000,0.0000,0.0000,0.0000
M:0f3d:0.2784,0.2779,-0.1292,-0.6782,-0.1085,-0.2194,0.3009,0.6118
I:0f3e:0.4822,-0.0427,0.0851,0.1186,-0.4451,0.3920,0.4655,0.0361
F:0.9807@390
A:0.9807@390
T:0f3f:0.6296,-0.1987,0.0256,0.0829,-0.5315,-0.1564,0.2838,-0.3331
C:0f3f:0.0000,0.0000,0.0000,0.0000,0.0000,0.0000,0.0000,0.0000
M:0f3f:0.2780,0.2775,-0.1287,-0.6785,-0.1074,-0.2200,0.3011,0.6122
I:0f40:0.4822,-0.0427,0.0851,0.1186,-0.4451,0.3920,0.4655,0.0361
F:0.9807@390
A:0.9807@390
T:0f41:0.6296,-0.1987,0.0256,0.0829,-0.5315,-0.1564,0.2838,-0.3331
C:0f41:0.0000,0.0000,0.0000,0.0000,0.0000,0.0000,0.0000,0.0000
M:0f41:0.2774,0.2772,-0.1280,-0.6787,-0.1062,-0.2204,0.3012,0.6126
I:0f41:0.4822,-0.0427,0.0851,0.1186,-0.4451,0.3920,0.4655,0.0361
F:0.9802@390
A:0.9802@390
T:0f43:0.6296,-0.1987,0.0256,0.0829,-0.5315,-0.1564,0.2838,-0.3331
C:0f43:0.0000,0.0000,0.0000,0.0000,0.0000,0.0000,0.0000,0.0000
M:0f43:0.2767,0.2768,-0.1272,-0.6788,-0.1050,-0.2207,0.3012,0.6129
I:0f43:0.4822,-0.0427,0.0851,0.1186,-0.4451,0.3920,0.4655,0.0361
F:0.9802@390
A:0.9802@390
T:0f45:0.6296,-0.1987,0.0256,0.0829,-0.5315,-0.1564,0.2838,-0.3331
C:0f45:0.0000,0.0000,0.0000,0.0000,0.0000,0.0000,0.0000,0.0000
M:0f45:0.2761,0.2766,-0.1258,-0.6789,-0.1043,-0.2207,0.3011,0.6132
I:0f45:0.4822,-0.0427,0.0851,0.1186,-0.4451,0.3920,0.4655,0.0361
F:0.9802@390
A:0.9802@390
T:0f47:0.6296,-0.1987,0.0256,0.0829,-0.5315,-0.1564,0.2838,-0.3331
C:0f47:0.0000,0.0000,0.0000,0.0000,0.0000,0.0000,0.0000,0.0000
M:0f47:0.2751,0.2761,-0.1252,-0.6791,-0.1034,-0.2214,0.3012,0.6135
I:0f47:0.4822,-0.0427,0.0851,0.1186,-0.4451,0.3920,0.4655,0.0361
F:0.9802@390
A:0.9802@390
T:0f49:0.6296,-0.1987,0.0256,0.0829,-0.5315,-0.1564,0.2838,-0.3331
C:0f49:0.0000,0.0000,0.0000,0.0000,0.0000,0.0000,0.0000,0.0000
M:0f49:0.2744,0.2756,-0.1244,-0.6793,-0.1024,-0.2219,0.3014,0.6139
I:0f49:0.4822,-0.0427,0.0851,0.1186,-0.4451,0.3920,0.4655,0.0361
F:0.9802@390
A:0.9802@390
T:0f4b:0.6296,-0.1987,0.0256,0.0829,-0.5315,-0.1564,0.2838,-0.3331
C:0f4b:0.0000,0.0000,0.0000,0.0000,0.0000,0.0000,0.0000,0.0000
M:0f4b:0.2738,0.2752,-0.1235,-0.6794,-0.1014,-0.2224,0.3014,0.6142
I:0f4c:0.4822,-0.0427,0.0851,0.1186,-0.4451,0.3920,0.4655,0.0361
F:0.9802@390
A:0.9802@390
T:0f4d:0.6296,-0.1987,0.0256,0.0829,-0.5315,-0.1564,0.2838,-0.3331
C:0f4d:0.0000,0.0000,0.0000,0.0000,0.0000,0.0000,0.0000,0.0000
M:0f4d:0.2731,0.2748,-0.1226,-0.6796,-0.1005,-0.2228,0.3014,0.6146
I:0f4e:0.4822,-0.0427,0.0851,0.1186,-0.4451,0.3920,0.4655,0.0361
F:0.9802@390
A:0.9802@390
T:0f4f:0.6296,-0.1987,0.0256,0.0829,-0.5315,-0.1564,0.2838,-0.3331
C:0f4f:0.0000,0.0000,0.0000,0.0000,0.0000,0.0000,0.0000,0.0000
M:0f4f:0.2724,0.2744,-0.1216,-0.6797,-0.0996,-0.2232,0.3015,0.6149
I:0f4f:0.4822,-0.0427,0.0851,0.1186,-0.4451,0.3920,0.4655,0.0361
F:0.9795@390
A:0.9795@390
T:0f51:0.6296,-0.1987,0.0256,0.0829,-0.5315,-0.1564,0.2838,-0.3331
C:0f51:0.0000,0.0000,0.0000,0.0000,0.0000,0.0000,0.0000,0.0000
M:0f51:0.2717,0.2741,-0.1207,-0.6799,-0.0988,-0.2237,0.3015,0.6152
I:0f51:0.4822,-0.0427,0.0851,0.1186,-0.4451,0.3920,0.4655,0.0361
F:0.9795@390
A:0.9795@390
T:0f53:0.6296,-0.1987,0.0256,0.0829,-0.5315,-0.1564,0.2838,-0.3331
C:0f53:0.0000,0.0000,0.0000,0.0000,0.0000,0.0000,0.0000,0.0000
M:0f53:0.2710,0.2737,-0.1198,-0.6800,-0.0980,-0.2241,0.3015,0.6155
I:0f54:0.4822,-0.0427,0.0851,0.1186,-0.4451,0.3920,0.4655,0.0361
F:0.9789@390
A:0.9789@390
T:0f56:0.6296,-0.1987,0.0256,0.0829,-0.5315,-0.1564,0.2838,-0.3331
C:0f56:0.0000,0.0000,0.0000,0.0000,0.0000,0.0000,0.0000,0.0000
M:0f57:0.2702,0.2732,-0.1193,-0.6802,-0.0968,-0.2250,0.3017,0.6159
I:0f57:0.4822,-0.0427,0.0851,0.1186,-0.4451,0.3920,0.4655,0.0361
F:0.9789@390
A:0.9789@390
T:0f58:0.6296,-0.1987,0.0256,0.0829,-0.5315,-0.1564,0.2838,-0.3331
C:0f58:0.0000,0.0000,0.0000,0.0000,0.0000,0.0000,0.0000,0.0000
M:0f58:0.2696,0.2727,-0.1184,-0.6804,-0.0955,-0.2254,0.3018,0.6163
I:0f58:0.4822,-0.0427,0.0851,0.1186,-0.4451,0.3920,0.4655,0.0361
F:0.9784@390
A:0.9784@390
T:0f59:0.6296,-0.1987,0.0256,0.0829,-0.5315,-0.1564,0.2838,-0.3331
C:0f59:0.0000,0.0000,0.0000,0.0000,0.0000,0.0000,0.0000,0.0000
M:0f59:0.2690,0.2725,-0.1169,-0.6805,-0.0947,-0.2254,0.3017,0.6166
I:0f5a:0.4822,-0.0427,0.0851,0.1186,-0.4451,0.3920,0.4655,0.0361
F:0.9784@390
A:0.9784@390
T:0f5b:0.6296,-0.1987,0.0256,0.0829,-0.5315,-0.1564,0.2838,-0.3331
C:0f5b:0.0000,0.0000,0.0000,0.0000,0.0000,0.0000,0.0000,0.0000
M:0f5b:0.2681,0.2722,-0.1157,-0.6806,-0.0942,-0.2257,0.3016,0.6169
I:0f5c:0.4822,-0.0427,0.0851,0.1186,-0.4451,0.3920,0.4655,0.0361
F:0.9784@390
A:0.9784@390
T:0f5d:0.6296,-0.1987,0.0256,0.0829,-0.5315,-0.1564,0.2838,-0.3331
C:0f5d:0.0000,0.0000,0.0000,0.0000,0.0000,0.0000,0.0000,0.0000
M:0f5d:0.2673,0.2719,-0.1147,-0.6807,-0.0938,-0.2262,0.3016,0.6171
I:0f5d:0.4822,-0.0427,0.0851,0.1186,-0.4451,0.3920,0.4655,0.0361
F:0.9784@390
A:0.9784@390
T:0f5f:0.6296,-0.1987,0.0256,0.0829,-0.5315,-0.1564,0.2838,-0.3331
C:0f5f:0.0000,0.0000,0.0000,0.0000,0.0000,0.0000,0.0000,0.0000
M:0f5f:0.2666,0.2716,-0.1139,-0.6809,-0.0933,-0.2268,0.3017,0.6174
I:0f60:0.4822,-0.0427,0.0851,0.1186,-0.4451,0.3920,0.4655,0.0361
F:0.9784@390
A:0.9784@390
T:0f61:0.6296,-0.1987,0.0256,0.0829,-0.5315,-0.1564,0.2838,-0.3331
C:0f61:0.0000,0.0000,0.0000,0.0000,0.0000,0.0000,0.0000,0.0000
M:0f62:0.2661,0.2713,-0.1132,-0.6811,-0.0927,-0.2274,0.3018,0.6177
I:0f62:0.4822,-0.0427,0.0851,0.1186,-0.4451,0.3920,0.4655,0.0361
F:0.9784@390
A:0.9784@390
T:0f63:0.6296,-0.1987,0.0256,0.0829,-0.5315,-0.1564,0.2838,-0.3331
C:0f63:0.0000,0.0000,0.0000,0.0000,0.0000,0.0000,0.0000,0.0000
M:0f63:0.2656,0.2710,-0.1126,-0.6813,-0.0918,-0.2280,0.3019,0.6180
I:0f63:0.4822,-0.0427,0.0851,0.1186,-0.4451,0.3920,0.4655,0.0361
F:0.9784@390
A:0.9784@390
T:0f64:0.6296,-0.1987,0.0256,0.0829,-0.5315,-0.1564,0.2838,-0.3331
C:0f64:0.0000,0.0000,0.0000,0.0000,0.0000,0.0000,0.0000,0.0000
M:0f65:0.2652,0.2709,-0.1115,-0.6814,-0.0912,-0.2281,0.3018,0.6183
I:0f65:0.4822,-0.0427,0.0851,0.1186,-0.4451,0.3920,0.4655,0.0361
F:0.9784@390
A:0.9784@390
T:0f67:0.6296,-0.1987,0.0256,0.0829,-0.5315,-0.1564,0.2838,-0.3331
C:0f67:0.0000,0.0000,0.0000,0.0000,0.0000,0.0000,0.0000,0.0000
M:0f67:0.2645,0.2706,-0.1108,-0.6815,-0.0907,-0.2286,0.3018,0.6185
I:0f67:0.4822,-0.0427,0.0851,0.1186,-0.4451,0.3920,0.4655,0.0361
F:0.9784@390
A:0.9784@390
T:0f69:0.6296,-0.1987,0.0256,0.0829,-0.5315,-0.1564,0.2838,-0.3331
C:0f69:0.0000,0.0000,0.0000,0.0000,0.0000,0.0000,0.0000,0.0000
M:0f69:0.2637,0.2701,-0.1106,-0.6817,-0.0895,-0.2295,0.3020,0.6188
I:0f6a:0.4822,-0.0427,0.0851,0.1186,-0.4451,0.3920,0.4655,0.0361
F:0.9777@390
A:0.9777@390
T:0f6b:0.6296,-0.1987,0.0256,0.0829,-0.5315,-0.1564,0.2838,-0.3331
C:0f6b:0.0000,0.0000,0.0000,0.0000,0.0000,0.0000,0.0000,0.0000
M:0f6c:0.2632,0.2696,-0.1100,-0.6820,-0.0881,-0.2300,0.3022,0.6192
I:0f6c:0.4822,-0.0427,0.0851,0.1186,-0.4451,0.3920,0.4655,0.0361
F:0.9764@390
A:0.9764@390
T:0f6d:0.6296,-0.1987,0.0256,0.0829,-0.5315,-0.1564,0.2838,-0.3331
C:0f6d:0.0000,0.0000,0.0000,0.0000,0.0000,0.0000,0.0000,0.0000
M:0f6e:0.2625,0.2692,-0.1091,-0.6821,-0.0867,-0.2303,0.3022,0.6196
I:0f6e:0.4822,-0.0427,0.0851,0.1186,-0.4451,0.3920,0.4655,0.0361
F:0.9764@390
A:0.9764@390
T:0f6f:0.6296,-0.1987,0.0256,0.0829,-0.5315,-0.1564,0.2838,-0.3331
C:0f6f:0.0000,0.0000,0.0000,0.0000,0.0000,0.0000,0.0000,0.0000
M:0f6f:0.2617,0.2687,-0.1080,-0.6823,-0.0854,-0.2306,0.3022,0.6200
I:0f6f:0.4822,-0.0427,0.0851,0.1186,-0.4451,0.3920,0.4655,0.0361
F:0.9760@390
A:0.9760@390
T:0f71:0.6296,-0.1987,0.0256,0.0829,-0.5315,-0.1564,0.2838,-0.3331
C:0f71:0.0000,0.0000,0.0000,0.0000,0.0000,0.0000,0.0000,0.0000
M:0f72:0.2607,0.2683,-0.1067,-0.6824,-0.0844,-0.2308,0.3022,0.6203
I:0f73:0.4822,-0.0427,0.0851,0.1186,-0.4451,0.3920,0.4655,0.0361
F:0.9760@390
A:0.9760@390
T:0f74:0.6296,-0.1987,0.0256,0.0829,-0.5315,-0.1564,0.2838,-0.3331
C:0f74:0.0000,0.0000,0.0000,0.0000,0.0000,0.0000,0.0000,0.0000
M:0f74:0.2597,0.2676,-0.1058,-0.6825,-0.0832,-0.2315,0.3023,0.6207
I:0f74:0.4822,-0.0427,0.0851,0.1186,-0.4451,0.3920,0.4655,0.0361
F:0.9755@390
A:0.9755@390
T:0f76:0.6296,-0.1987,0.0256,0.0829,-0.5315,-0.1564,0.2838,-0.3331
C:0f76:0.0000,0.0000,0.0000,0.0000,0.0000,0.0000,0.0000,0.0000
M:0f76:0.2589,0.2671,-0.1045,-0.6827,-0.0821,-0.2319,0.3024,0.6210
I:0f77:0.4822,-0.0427,0.0851,0.1186,-0.4451,0.3920,0.4655,0.0361
F:0.9755@390
A:0.9755@390
T:0f78:0.6296,-0.1987,0.0256,0.0829,-0.5315,-0.1564,0.2838,-0.3331
C:0f78:0.0000,0.0000,0.0000,0.0000,0.0000,0.0000,0.0000,0.0000
M:0f78:0.2581,0.2667,-0.1032,-0.6828,-0.0812,-0.2323,0.3024,0.6213
I:0f78:0.4822,-0.0427,0.0851,0.1186,-0.4451,0.3920,0.4655,0.0361
F:0.9755@390
A:0.9755@390
T:0f79:0.6296,-0.1987,0.0256,0.0829,-0.5315,-0.1564,0.2838,-0.3331
C:0f79:0.0000,0.0000,0.0000,0.0000,0.0000,0.0000,0.0000,0.0000
M:0f7a:0.2574,0.2665,-0.1014,-0.6829,-0.0810,-0.2323,0.3022,0.6216
I:0f7a:0.4822,-0.0427,0.0851,0.1186,-0.4451,0.3920,0.4655,0.0361
F:0.9755@390
A:0.9755@390
T:0f7b:0.6296,-0.1987,0.0256,0.0829,-0.5315,-0.1564,0.2838,-0.3331
C:0f7b:0.0000,0.0000,0.0000,0.0000,0.0000,0.0000,0.0000,0.0000
M:0f7b:0.2565,0.2663,-0.1002,-0.6830,-0.0811,-0.2328,0.3021,0.6217
I:0f7c:0.4822,-0.0427,0.0851,0.1186,-0.4451,0.3920,0.4655,0.0361
F:0.9755@390
A:0.9755@390
T:0f7d:0.6296,-0.1987,0.0256,0.0829,-0.5315,-0.1564,0.2838,-0.3331
C:0f7d:0.0000,0.0000,0.0000,0.0000,0.0000,0.0000,0.0000,0.0000
M:0f7d:0.2558,0.2661,-0.0994,-0.6831,-0.0810,-0.2335,0.3022,0.6219
I:0f7d:0.4822,-0.0427,0.0851,0.1186,-0.4451,0.3920,0.4655,0.0361
F:0.9750@390
A:0.9750@390
T:0f7f:0.6296,-0.1987,0.0256,0.0829,-0.5315,-0.1564,0.2838,-0.3331
C:0f7f:0.0000,0.0000,0.0000,0.0000,0.0000,0.0000,0.0000,0.0000
M:0f7f:0.2554,0.2659,-0.0989,-0.6833,-0.0807,-0.2343,0.3023,0.6222
I:0f80:0.4822,-0.0427,0.0851,0.1186,-0.4451,0.3920,0.4655,0.0361
F:0.9750@390
A:0.9750@390
T:0f81:0.6296,-0.1987,0.0256,0.0829,-0.5315,-0.1564,0.2838,-0.3331
C:0f81:0.0000,0.0000,0.0000,0.0000,0.0000,0.0000,0.0000,0.0000
M:0f81:0.2550,0.2657,-0.0985,-0.6835,-0.0800,-0.2350,0.3024,0.6225
I:0f81:0.4822,-0.0427,0.0851,0.1186,-0.4451,0.3920,0.4655,0.0361
F:0.9742@390
A:0.9742@390
T:0f83:0.6296,-0.1987,0.0256,0.0829,-0.5315,-0.1564,0.2838,-0.3331
C:0f83:0.0000,0.0000,0.0000,0.0000,0.0000,0.0000,0.0000,0.0000
M:0f84:0.2546,0.2654,-0.0981,-0.6837,-0.0790,-0.2356,0.3025,0.6228
I:0f84:0.4822,-0.0427,0.0851,0.1186,-0.4451,0.3920,0.4655,0.0361
F:0.9742@390
A:0.9742@390
T:0f87:0.6296,-0.1987,0.0256,0.0829,-0.5315,-0.1564,0.2838,-0.3331
C:0f87:0.0000,0.0000,0.0000,0.0000,0.0000,0.0000,0.0000,0.0000
M:0f87:0.2539,0.2649,-0.0980,-0.6840,-0.0773,-0.2364,0.3027,0.6233
I:0f87:0.4822,-0.0427,0.0851,0.1186,-0.4451,0.3920,0.4655,0.0361
F:0.9742@390
A:0.9742@390
T:0f88:0.6296,-0.1987,0.0256,0.0829,-0.5315,-0.1564,0.2838,-0.3331
C:0f88:0.0000,0.0000,0.0000,0.0000,0.0000,0.0000,0.0000,0.0000
M:0f88:0.2533,0.2644,-0.0972,-0.6842,-0.0754,-0.2367,0.3028,0.6237
I:0f88:0.4822,-0.0427,0.0851,0.1186,-0.4451,0.3920,0.4655,0.0361
F:0.9742@390
A:0.9742@390
T:0f8a:0.6296,-0.1987,0.0256,0.0829,-0.5315,-0.1564,0.2838,-0.3331
C:0f8a:0.0000,0.0000,0.0000,0.0000,0.0000,0.0000,0.0000,0.0000
M:0f8a:0.2524,0.2639,-0.0960,-0.6843,-0.0737,-0.2368,0.3028,0.6241
I:0f8b:0.4822,-0.0427,0.0851,0.1186,-0.4451,0.3920,0.4655,0.0361
F:0.9742@390
A:0.9742@390
T:0f8c:0.6296,-0.1987,0.0256,0.0829,-0.5315,-0.1564,0.2838,-0.3331
C:0f8c:0.0000,0.0000,0.0000,0.0000,0.0000,0.0000,0.0000,0.0000
M:0f8c:0.2512,0.2634,-0.0944,-0.6844,-0.0724,-0.2369,0.3027,0.6244
I:0f8c:0.4822,-0.0427,0.0851,0.1186,-0.4451,0.3920,0.4655,0.0361
F:0.9742@390
A:0.9742@390
T:0f8e:0.6296,-0.1987,0.0256,0.0829,-0.5315,-0.1564,0.2838,-0.3331
C:0f8e:0.0000,0.0000,0.0000,0.0000,0.0000,0.0000,0.0000,0.0000
M:0f8e:0.2500,0.2629,-0.0926,-0.6845,-0.0716,-0.2371,0.3026,0.6247
I:0f8e:0.4822,-0.0427,0.0851,0.1186,-0.4451,0.3920,0.4655,0.0361
F:0.9742@390
A:0.9742@390
T:0f90:0.6296,-0.1987,0.0256,0.0829,-0.5315,-0.1564,0.2838,-0.3331
C:0f90:0.0000,0.0000,0.0000,0.0000,0.0000,0.0000,0.0000,0.0000
M:0f90:0.2489,0.2624,-0.0909,-0.6845,-0.0712,-0.2374,0.3026,0.6249
I:0f90:0.4822,-0.0427,0.0851,0.1186,-0.4451,0.3920,0.4655,0.0361
F:0.9737@390
A:0.9737@390
T:0f92:0.6296,-0.1987,0.0256,0.0829,-0.5315,-0.1564,0.2838,-0.3331
C:0f92:0.0000,0.0000,0.0000,0.0000,0.0000,0.0000,0.0000,0.0000
M:0f93:0.2481,0.2620,-0.0895,-0.6846,-0.0712,-0.2380,0.3026,0.6251
I:0f93:0.4822,-0.0427,0.0851,0.1186,-0.4451,0.3920,0.4655,0.0361
F:0.9731@390
A:0.9731@390
T:0f94:0.6296,-0.1987,0.0256,0.0829,-0.5315,-0.1564,0.2838,-0.3331
C:0f94:0.0000,0.0000,0.0000,0.0000,0.0000,0.0000,0.0000,0.0000
M:0f94:0.2474,0.2618,-0.0884,-0.6848,-0.0711,-0.2387,0.3026,0.6253
I:0f95:0.4822,-0.0427,0.0851,0.1186,-0.4451,0.3920,0.4655,0.0361
F:0.9731@390
A:0.9731@390
T:0f96:0.6296,-0.1987,0.0256,0.0829,-0.5315,-0.1564,0.2838,-0.3331
C:0f96:0.0000,0.0000,0.0000,0.0000,0.0000,0.0000,0.0000,0.0000
M:0f96:0.2470,0.2616,-0.0876,-0.6850,-0.0709,-0.2395,0.3027,0.6256
I:0f96:0.4822,-0.0427,0.0851,0.1186,-0.4451,0.3920,0.4655,0.0361
F:0.9731@390
A:0.9731@390
T:0f97:0.6296,-0.1987,0.0256,0.0829,-0.5315,-0.1564,0.2838,-0.3331
C:0f97:0.0000,0.0000,0.0000,0.0000,0.0000,0.0000,0.0000,0.0000
M:0f97:0.2467,0.2616,-0.0867,-0.6851,-0.0709,-0.2398,0.3026,0.6258
I:0f97:0.4822,-0.0427,0.0851,0.1186,-0.4451,0.3920,0.4655,0.0361
F:0.9731@390
A:0.9731@390
T:0f99:0.6296,-0.1987,0.0256,0.0829,-0.5315,-0.1564,0.2838,-0.3331
C:0f99:0.0000,0.0000,0.0000,0.0000,0.0000,0.0000,0.0000,0.0000
M:0f9a:0.2462,0.2616,-0.0862,-0.6853,-0.0706,-0.2404,0.3026,0.6260
I:0f9b:0.4822,-0.0427,0.0851,0.1186,-0.4451,0.3920,0.4655,0.0361
F:0.9726@390
A:0.9726@390
T:0f9d:0.6296,-0.1987,0.0256,0.0829,-0.5315,-0.1564,0.2838,-0.3331
C:0f9d:0.0000,0.0000,0.0000,0.0000,0.0000,0.0000,0.0000,0.0000
M:0f9d:0.2456,0.2612,-0.0864,-0.6855,-0.0695,-0.2415,0.3029,0.6264
I:0f9d:0.4822,-0.0427,0.0851,0.1186,-0.4451,0.3920,0.4655,0.0361
F:0.9718@390
A:0.9718@390
T:0f9e:0.6296,-0.1987,0.0256,0.0829,-0.5315,-0.1564,0.2838,-0.3331
C:0f9e:0.0000,0.0000,0.0000,0.0000,0.0000,0.0000,0.0000,0.0000
M:0f9e:0.2452,0.2608,-0.0860,-0.6858,-0.0678,-0.2420,0.3031,0.6268
I:0f9e:0.4822,-0.0427,0.0851,0.1186,-0.4451,0.3920,0.4655,0.0361
F:0.9718@390
A:0.9718@390
{
  "exo_version": "0.12",
  "last_tick": 4000,
  "attractor": {
    "events": 1,
    "sim_mean": 0.9718
  },
  "memory": {
    "unique_patterns": 3,
    "familiarity_mean": 0.9503
  },
  "path_dependency_index": 1.9150,
  "sedimentation": true
}

T:0fa1:0.6296,-0.1987,0.0256,0.0829,-0.5315,-0.1564,0.2838,-0.3331
C:0fa1:0.0000,0.0000,0.0000,0.0000,0.0000,0.0000,0.0000,0.0000
M:0fa1:0.3523,0.3950,0.2027,-0.5971,-0.2868,0.1248,0.0807,0.5431
I:0fa2:0.4822,-0.0427,0.0851,0.1186,-0.4451,0.3920,0.4655,0.0361
F:0.9503@390
A:0.9503@390
T:0fa3:0.6296,-0.1987,0.0256,0.0829,-0.5315,-0.1564,0.2838,-0.3331
C:0fa3:0.0000,0.0000,0.0000,0.0000,0.0000,0.0000,0.0000,0.0000
M:0fa3:0.2386,0.4463,0.2730,-0.5112,-0.4337,0.2193,0.0162,0.2463
I:0fa3:0.4822,-0.0427,0.0851,0.1186,-0.4451,0.3920,0.4655,0.0361
F:0.9031@390
A:0.9031@390
T:0fa5:0.6296,-0.1987,0.0256,0.0829,-0.5315,-0.1564,0.2838,-0.3331
C:0fa5:0.0000,0.0000,0.0000,0.0000,0.0000,0.0000,0.0000,0.0000
M:0fa5:0.1194,0.4196,0.2051,-0.4131,-0.4978,0.1394,0.0534,-0.0596
I:0fa6:0.4822,-0.0427,0.0851,0.1186,-0.4451,0.3920,0.4655,0.0361
F:0.9309@1010
A:0.9309@1010
T:0fa7:0.6296,-0.1987,0.0256,0.0829,-0.5315,-0.1564,0.2838,-0.3331
C:0fa7:0.0000,0.0000,0.0000,0.0000,0.0000,0.0000,0.0000,0.0000
M:0fa7:0.1331,0.3228,0.0328,-0.3066,-0.4897,-0.0141,0.0893,-0.2318
I:0fa8:0.4823,-0.0426,0.0851,0.1187,-0.4452,0.3919,0.4655,0.0361
F:0.9828@1010
A:0.9828@1010
T:0fa9:0.6296,-0.1987,0.0256,0.0829,-0.5315,-0.1564,0.2838,-0.3331
C:0fa9:0.0000,0.0000,0.0000,0.0000,0.0000,0.0000,0.0000,0.0000
M:0fa9:0.2152,0.1986,-0.1440,-0.2520,-0.3954,-0.1236,0.0957,-0.2680
I:0fa9:0.4823,-0.0426,0.0852,0.1187,-0.4452,0.3920,0.4655,0.0360
F:1.0000@1010
A:1.0000@1010
T:0fab:0.6296,-0.1987,0.0256,0.0829,-0.5315,-0.1564,0.2838,-0.3331
C:0fab:0.0000,0.0000,0.0000,0.0000,0.0000,0.0000,0.0000,0.0000
M:0fab:0.2891,0.1035,-0.2644,-0.2506,-0.1938,-0.1546,0.0886,-0.1908
I:0fac:0.4824,-0.0426,0.0853,0.1188,-0.4452,0.3920,0.4655,0.0360
F:0.9827@1010
A:0.9827@1010
T:0fad:0.6296,-0.1987,0.0256,0.0829,-0.5315,-0.1564,0.2838,-0.3331
C:0fad:0.0000,0.0000,0.0000,0.0000,0.0000,0.0000,0.0000,0.0000
M:0fae:0.3166,0.0592,-0.3007,-0.2583,0.0156,-0.0711,0.0636,-0.0367
I:0fae:0.4824,-0.0426,0.0853,0.1188,-0.4453,0.3920,0.4655,0.0360
F:0.9346@1010
A:0.9346@1010
T:0faf:0.6296,-0.1987,0.0256,0.0829,-0.5315,-0.1564,0.2838,-0.3331
C:0faf:0.0000,0.0000,0.0000,0.0000,0.0000,0.0000,0.0000,0.0000
M:0faf:0.2794,0.0371,-0.2603,-0.2525,0.1353,0.0561,0.0513,0.0763
I:0fb0:0.4824,-0.0426,0.0853,0.1189,-0.4453,0.3920,0.4655,0.0359
F:0.9376@20
A:0.9376@20
T:0fb1:0.6296,-0.1987,0.0256,0.0829,-0.5315,-0.1564,0.2838,-0.3331
C:0fb1:0.0000,0.0000,0.0000,0.0000,0.0000,0.0000,0.0000,0.0000
M:0fb1:0.2015,-0.0032,-0.1856,-0.2187,0.1617,0.1356,0.0668,0.1155
I:0fb1:0.4811,-0.0396,0.0872,0.1179,-0.4453,0.3944,0.4646,0.0360
F:0.9362@20
A:0.9362@20
T:0fb3:0.6296,-0.1987,0.0256,0.0829,-0.5315,-0.1564,0.2838,-0.3331
C:0fb3:0.0000,0.0000,0.0000,0.0000,0.0000,0.0000,0.0000,0.0000
M:0fb3:0.1520,-0.0626,-0.1249,-0.1597,0.1210,0.1505,0.0908,0.1121
I:0fb4:0.4800,-0.0381,0.0880,0.1179,-0.4449,0.3964,0.4635,0.0360
F:0.9346@20
A:0.9346@20
T:0fb5:0.6296,-0.1987,0.0256,0.0829,-0.5315,-0.1564,0.2838,-0.3331
C:0fb6:0.0000,0.0000,0.0000,0.0000,0.0000,0.0000,0.0000,0.0000
M:0fb6:0.1607,-0.1202,-0.1234,-0.1058,0.0614,0.1011,0.1054,0.1131
I:0fb6:0.4792,-0.0378,0.0879,0.1184,-0.4444,0.3976,0.4624,0.0359
F:0.9380@20
A:0.9380@20
T:0fb7:0.6296,-0.1987,0.0256,0.0829,-0.5315,-0.1564,0.2838,-0.3331
C:0fb7:0.0000,0.0000,0.0000,0.0000,0.0000,0.0000,0.0000,0.0000
M:0fb8:0.2113,-0.1497,-0.1633,-0.1060,0.0383,0.0310,0.1063,0.1538
I:0fb8:0.4786,-0.0382,0.0874,0.1190,-0.4439,0.3980,0.4616,0.0357
F:0.9442@20
A:0.9442@20
T:0fb9:0.6296,-0.1987,0.0256,0.0829,-0.5315,-0.1564,0.2838,-0.3331
C:0fb9:0.0000,0.0000,0.0000,0.0000,0.0000,0.0000,0.0000,0.0000
M:0fb9:0.2651,-0.1266,-0.1891,-0.1601,0.0477,0.0190,0.0968,0.2206
I:0fba:0.4783,-0.0390,0.0866,0.1194,-0.4434,0.3979,0.4610,0.0355
F:0.9488@20
A:0.9488@20
T:0fbb:0.6296,-0.1987,0.0256,0.0829,-0.5315,-0.1564,0.2838,-0.3331
C:0fbb:0.0000,0.0000,0.0000,0.0000,0.0000,0.0000,0.0000,0.0000
M:0fbc:0.2889,-0.0554,-0.1782,-0.2221,0.0382,0.0625,0.0913,0.2690
I:0fbc:0.4782,-0.0398,0.0858,0.1196,-0.4431,0.3975,0.4607,0.0353
F:0.9514@20
A:0.9514@20
T:0fbd:0.6296,-0.1987,0.0256,0.0829,-0.5315,-0.1564,0.2838,-0.3331
C:0fbd:0.0000,0.0000,0.0000,0.0000,0.0000,0.0000,0.0000,0.0000
M:0fbd:0.2794,0.0163,-0.1503,-0.2640,-0.0225,0.1022,0.0975,0.2765
I:0fbe:0.4783,-0.0404,0.0851,0.1196,-0.4429,0.3971,0.4607,0.0353
F:0.9499@20
A:0.9499@20
T:0fbf:0.6296,-0.1987,0.0256,0.0829,-0.5315,-0.1564,0.2838,-0.3331
C:0fbf:0.0000,0.0000,0.0000,0.0000,0.0000,0.0000,0.0000,0.0000
M:0fc0:0.2673,0.0651,-0.1401,-0.2903,-0.1067,0.1039,0.1173,0.2502
I:0fc0:0.4785,-0.0407,0.0847,0.1194,-0.4428,0.3966,0.4608,0.0352
F:0.9484@20
A:0.9484@20
T:0fc1:0.6296,-0.1987,0.0256,0.0829,-0.5315,-0.1564,0.2838,-0.3331
C:0fc1:0.0000,0.0000,0.0000,0.0000,0.0000,0.0000,0.0000,0.0000
M:0fc1:0.2772,0.0943,-0.1605,-0.3120,-0.1763,0.0696,0.1406,0.2178
I:0fc1:0.4788,-0.0408,0.0846,0.1191,-0.4428,0.3963,0.4610,0.0353
F:0.9541@390
A:0.9541@390
T:0fc3:0.6296,-0.1987,0.0256,0.0829,-0.5315,-0.1564,0.2838,-0.3331
C:0fc3:0.0000,0.0000,0.0000,0.0000,0.0000,0.0000,0.0000,0.0000
M:0fc3:0.3054,0.1185,-0.1967,-0.3362,-0.2145,0.0290,0.1561,0.2057
I:0fc3:0.4801,-0.0438,0.0827,0.1199,-0.4428,0.3937,0.4621,0.0352
F:0.9619@390
A:0.9619@390
T:0fc4:0.6296,-0.1987,0.0256,0.0829,-0.5315,-0.1564,0.2838,-0.3331
C:0fc4:0.0000,0.0000,0.0000,0.0000,0.0000,0.0000,0.0000,0.0000
M:0fc4:0.3348,0.1468,-0.2289,-0.3637,-0.2265,0.0102,0.1622,0.2156
I:0fc4:0.4812,-0.0452,0.0820,0.1197,-0.4432,0.3917,0.4634,0.0353
F:0.9695@390
A:0.9695@390
T:0fc5:0.6296,-0.1987,0.0256,0.0829,-0.5315,-0.1564,0.2838,-0.3331
C:0fc5:0.0000,0.0000,0.0000,0.0000,0.0000,0.0000,0.0000,0.0000
M:0fc5:0.3533,0.1767,-0.2477,-0.3889,-0.2287,0.0161,0.1646,0.2309
I:0fc5:0.4822,-0.0453,0.0823,0.1190,-0.4438,0.3906,0.4645,0.0355
F:0.9749@390
A:0.9749@390
T:0fc6:0.6296,-0.1987,0.0256,0.0829,-0.5315,-0.1564,0.2838,-0.3331
C:0fc6:0.0000,0.0000,0.0000,0.0000,0.0000,0.0000,0.0000,0.0000
M:0fc6:0.3595,0.2004,-0.2563,-0.4074,-0.2331,0.0295,0.1691,0.2388
I:0fc6:0.4828,-0.0447,0.0830,0.1183,-0.4443,0.3902,0.4654,0.0358
F:0.9776@390
A:0.9776@390
T:0fc7:0.6296,-0.1987,0.0256,0.0829,-0.5315,-0.1564,0.2838,-0.3331
C:0fc7:0.0000,0.0000,0.0000,0.0000,0.0000,0.0000,0.0000,0.0000
M:0fc8:0.3599,0.2145,-0.2615,-0.4187,-0.2414,0.0369,0.1765,0.2381
I:0fc8:0.4830,-0.0437,0.0839,0.1178,-0.4448,0.3905,0.4659,0.0360
F:0.9785@390
A:0.9785@390
T:0fc9:0.6296,-0.1987,0.0256,0.0829,-0.5315,-0.1564,0.2838,-0.3331
C:0fc9:0.0000,0.0000,0.0000,0.0000,0.0000,0.0000,0.0000,0.0000
M:0fc9:0.3607,0.2207,-0.2678,-0.4254,-0.2496,0.0351,0.1844,0.2350
I:0fca:0.4830,-0.0427,0.0849,0.1176,-0.4451,0.3910,0.4662,0.0361
F:0.9798@390
A:0.9798@390
T:0fcb:0.6296,-0.1987,0.0256,0.0829,-0.5315,-0.1564,0.2838,-0.3331
C:0fcb:0.0000,0.0000,0.0000,0.0000,0.0000,0.0000,0.0000,0.0000
M:0fcb:0.3644,0.2233,-0.2749,-0.4303,-0.2545,0.0295,0.1904,0.2350
I:0fcc:0.4829,-0.0421,0.0855,0.1177,-0.4453,0.3916,0.4662,0.0362
F:0.9810@390
A:0.9810@390
T:0fcd:0.6296,-0.1987,0.0256,0.0829,-0.5315,-0.1564,0.2838,-0.3331
C:0fcd:0.0000,0.0000,0.0000,0.0000,0.0000,0.0000,0.0000,0.0000
M:0fcd:0.3695,0.2258,-0.2811,-0.4349,-0.2561,0.0254,0.1938,0.2392
I:0fcd:0.4826,-0.0417,0.0859,0.1179,-0.4454,0.3921,0.4660,0.0362
F:0.9808@390
A:0.9808@390
T:0fcf:0.6296,-0.1987,0.0256,0.0829,-0.5315,-0.1564,0.2838,-0.3331
C:0fcf:0.0000,0.0000,0.0000,0.0000,0.0000,0.0000,0.0000,0.0000
M:0fd0:0.3737,0.2293,-0.2850,-0.4396,-0.2563,0.0248,0.1956,0.2456
I:0fd0:0.4824,-0.0417,0.0860,0.1183,-0.4454,0.3924,0.4658,0.0362
F:0.9816@390
A:0.9816@390
T:0fd1:0.6296,-0.1987,0.0256,0.0829,-0.5315,-0.1564,0.2838,-0.3331
C:0fd1:0.0000,0.0000,0.0000,0.0000,0.0000,0.0000,0.0000,0.0000
M:0fd1:0.3762,0.2332,-0.2869,-0.4440,-0.2571,0.0262,0.1971,0.2514
I:0fd2:0.4821,-0.0419,0.0858,0.1186,-0.4453,0.3925,0.4656,0.0361
F:0.9833@390
A:0.9833@390
T:0fd3:0.6296,-0.1987,0.0256,0.0829,-0.5315,-0.1564,0.2838,-0.3331
C:0fd3:0.0000,0.0000,0.0000,0.0000,0.0000,0.0000,0.0000,0.0000
M:0fd3:0.3774,0.2367,-0.2876,-0.4476,-0.2591,0.0275,0.1988,0.2556
I:0fd4:0.4820,-0.0423,0.0855,0.1188,-0.4452,0.3925,0.4654,0.0361
F:0.9833@390
A:0.9833@390
T:0fd5:0.6296,-0.1987,0.0256,0.0829,-0.5315,-0.1564,0.2838,-0.3331
C:0fd6:0.0000,0.0000,0.0000,0.0000,0.0000,0.0000,0.0000,0.0000
M:0fd7:0.3781,0.2395,-0.2881,-0.4507,-0.2619,0.0275,0.2007,0.2585
I:0fd7:0.4820,-0.0426,0.0852,0.1190,-0.4451,0.3923,0.4653,0.0360
F:0.9840@390
A:0.9840@390
T:0fd8:0.6296,-0.1987,0.0256,0.0829,-0.5315,-0.1564,0.2838,-0.3331
C:0fd8:0.0000,0.0000,0.0000,0.0000,0.0000,0.0000,0.0000,0.0000
M:0fd8:0.3790,0.2417,-0.2890,-0.4536,-0.2646,0.0259,0.2026,0.2611
I:0fd9:0.4820,-0.0429,0.0850,0.1190,-0.4451,0.3921,0.4653,0.0360
F:0.9851@390
A:0.9851@390
T:0fda:0.6296,-0.1987,0.0256,0.0829,-0.5315,-0.1564,0.2838,-0.3331
C:0fda:0.0000,0.0000,0.0000,0.0000,0.0000,0.0000,0.0000,0.0000
M:0fda:0.3803,0.2441,-0.2895,-0.4564,-0.2670,0.0247,0.2040,0.2640
I:0fdb:0.4820,-0.0430,0.0849,0.1189,-0.4450,0.3920,0.4653,0.0360
F:0.9851@390
A:0.9851@390
T:0fdc:0.6296,-0.1987,0.0256,0.0829,-0.5315,-0.1564,0.2838,-0.3331
C:0fdc:0.0000,0.0000,0.0000,0.0000,0.0000,0.0000,0.0000,0.0000
M:0fdc:0.3816,0.2466,-0.2899,-0.4591,-0.2693,0.0238,0.2051,0.2669
I:0fdc:0.4821,-0.0431,0.0848,0.1188,-0.4450,0.3918,0.4654,0.0361
F:0.9851@390
A:0.9851@390
T:0fde:0.6296,-0.1987,0.0256,0.0829,-0.5315,-0.1564,0.2838,-0.3331
C:0fde:0.0000,0.0000,0.0000,0.0000,0.0000,0.0000,0.0000,0.0000
M:0fdf:0.3825,0.2491,-0.2901,-0.4617,-0.2714,0.0231,0.2060,0.2694
I:0fe0:0.4822,-0.0430,0.0848,0.1187,-0.4451,0.3918,0.4655,0.0361
F:0.9853@390
A:0.9853@390
T:0fe1:0.6296,-0.1987,0.0256,0.0829,-0.5315,-0.1564,0.2838,-0.3331
C:0fe1:0.0000,0.0000,0.0000,0.0000,0.0000,0.0000,0.0000,0.0000
M:0fe1:0.3832,0.2513,-0.2905,-0.4642,-0.2733,0.0218,0.2071,0.2718
I:0fe2:0.4822,-0.0429,0.0849,0.1186,-0.4451,0.3918,0.4655,0.0361
F:0.9863@390
A:0.9863@390
T:0fe3:0.6296,-0.1987,0.0256,0.0829,-0.5315,-0.1564,0.2838,-0.3331
C:0fe3:0.0000,0.0000,0.0000,0.0000,0.0000,0.0000,0.0000,0.0000
M:0fe4:0.3840,0.2536,-0.2905,-0.4666,-0.2750,0.0211,0.2080,0.2741
I:0fe4:0.4822,-0.0428,0.0850,0.1185,-0.4451,0.3918,0.4655,0.0361
F:0.9863@390
A:0.9863@390
T:0fe5:0.6296,-0.1987,0.0256,0.0829,-0.5315,-0.1564,0.2838,-0.3331
C:0fe5:0.0000,0.0000,0.0000,0.0000,0.0000,0.0000,0.0000,0.0000
M:0fe5:0.3845,0.2557,-0.2904,-0.4688,-0.2768,0.0206,0.2088,0.2762
I:0fe6:0.4822,-0.0427,0.0851,0.1185,-0.4451,0.3919,0.4656,0.0361
F:0.9863@390
A:0.9863@390
T:0fe7:0.6296,-0.1987,0.0256,0.0829,-0.5315,-0.1564,0.2838,-0.3331
C:0fe7:0.0000,0.0000,0.0000,0.0000,0.0000,0.0000,0.0000,0.0000
M:0fe8:0.3850,0.2576,-0.2904,-0.4708,-0.2785,0.0198,0.2095,0.2780
I:0fe8:0.4822,-0.0426,0.0851,0.1185,-0.4451,0.3919,0.4656,0.0361
F:0.9871@390
A:0.9871@390
T:0fe9:0.6296,-0.1987,0.0256,0.0829,-0.5315,-0.1564,0.2838,-0.3331
C:0fe9:0.0000,0.0000,0.0000,0.0000,0.0000,0.0000,0.0000,0.0000
M:0fe9:0.3854,0.2594,-0.2903,-0.4727,-0.2801,0.0190,0.2103,0.2796
I:0fe9:0.4822,-0.0426,0.0852,0.1185,-0.4452,0.3920,0.4655,0.0361
F:0.9873@390
A:0.9873@390
T:0feb:0.6296,-0.1987,0.0256,0.0829,-0.5315,-0.1564,0.2838,-0.3331
C:0feb:0.0000,0.0000,0.0000,0.0000,0.0000,0.0000,0.0000,0.0000
M:0feb:0.3859,0.2610,-0.2903,-0.4745,-0.2814,0.0181,0.2110,0.2813
I:0feb:0.4822,-0.0426,0.0852,0.1186,-0.4451,0.3920,0.4655,0.0361
F:0.9882@390
A:0.9882@390
T:0fed:0.6296,-0.1987,0.0256,0.0829,-0.5315,-0.1564,0.2838,-0.3331
C:0fed:0.0000,0.0000,0.0000,0.0000,0.0000,0.0000,0.0000,0.0000
M:0fed:0.3863,0.2625,-0.2903,-0.4762,-0.2826,0.0173,0.2116,0.2829
I:0fee:0.4822,-0.0426,0.0851,0.1186,-0.4451,0.3920,0.4655,0.0361
F:0.9882@390
A:0.9882@390
T:0ff0:0.6296,-0.1987,0.0256,0.0829,-0.5315,-0.1564,0.2838,-0.3331
C:0ff0:0.0000,0.0000,0.0000,0.0000,0.0000,0.0000,0.0000,0.0000
M:0ff0:0.3866,0.2639,-0.2902,-0.4778,-0.2837,0.0165,0.2122,0.2846
I:0ff0:0.4822,-0.0427,0.0851,0.1186,-0.4451,0.3920,0.4655,0.0361
F:0.9882@390
A:0.9882@390
T:0ff2:0.6296,-0.1987,0.0256,0.0829,-0.5315,-0.1564,0.2838,-0.3331
C:0ff2:0.0000,0.0000,0.0000,0.0000,0.0000,0.0000,0.0000,0.0000
M:0ff2:0.3869,0.2652,-0.2901,-0.4794,-0.2847,0.0158,0.2128,0.2862
I:0ff2:0.4822,-0.0427,0.0851,0.1186,-0.4451,0.3920,0.4655,0.0361
F:0.9882@390
A:0.9882@390
T:0ff3:0.6296,-0.1987,0.0256,0.0829,-0.5315,-0.1564,0.2838,-0.3331
C:0ff4:0.0000,0.0000,0.0000,0.0000,0.0000,0.0000,0.0000,0.0000
M:0ff4:0.3872,0.2665,-0.2899,-0.4810,-0.2856,0.0151,0.2134,0.2878
I:0ff4:0.4822,-0.0427,0.0851,0.1186,-0.4451,0.3920,0.4655,0.0361
F:0.9888@390
A:0.9888@390
T:0ff5:0.6296,-0.1987,0.0256,0.0829,-0.5315,-0.1564,0.2838,-0.3331
C:0ff5:0.0000,0.0000,0.0000,0.0000,0.0000,0.0000,0.0000,0.0000
M:0ff6:0.3874,0.2677,-0.2898,-0.4824,-0.2865,0.0144,0.2140,0.2894
I:0ff6:0.4822,-0.0427,0.0850,0.1186,-0.4451,0.3920,0.4655,0.0361
F:0.9888@390
A:0.9888@390
T:0ff7:0.6296,-0.1987,0.0256,0.0829,-0.5315,-0.1564,0.2838,-0.3331
C:0ff7:0.0000,0.0000,0.0000,0.0000,0.0000,0.0000,0.0000,0.0000
M:0ff8:0.3876,0.2688,-0.2896,-0.4839,-0.2873,0.0137,0.2145,0.2910
I:0ff8:0.4822,-0.0427,0.0850,0.1186,-0.4451,0.3919,0.4655,0.0361
F:0.9895@390
A:0.9895@390
T:0ff9:0.6296,-0.1987,0.0256,0.0829,-0.5315,-0.1564,0.2838,-0.3331
C:0ff9:0.0000,0.0000,0.0000,0.0000,0.0000,0.0000,0.0000,0.0000
M:0ff9:0.3878,0.2699,-0.2894,-0.4853,-0.2881,0.0130,0.2151,0.2926
I:0ffa:0.4822,-0.0427,0.0850,0.1186,-0.4451,0.3919,0.4655,0.0361
F:0.9895@390
A:0.9895@390
T:0ffb:0.6296,-0.1987,0.0256,0.0829,-0.5315,-0.1564,0.2838,-0.3331
C:0ffb:0.0000,0.0000,0.0000,0.0000,0.0000,0.0000,0.0000,0.0000
M:0ffb:0.3880,0.2709,-0.2892,-0.4867,-0.2889,0.0123,0.2156,0.2942
I:0ffb:0.4822,-0.0427,0.0851,0.1186,-0.4451,0.3919,0.4655,0.0361
F:0.9897@390
A:0.9897@390
T:0ffd:0.6296,-0.1987,0.0256,0.0829,-0.5315,-0.1564,0.2838,-0.3331
C:0ffd:0.0000,0.0000,0.0000,0.0000,0.0000,0.0000,0.0000,0.0000
M:0ffd:0.3882,0.2720,-0.2889,-0.4880,-0.2897,0.0116,0.2161,0.2958
I:0ffd:0.4822,-0.0427,0.0851,0.1186,-0.4451,0.3919,0.4655,0.0361
F:0.9897@390
A:0.9897@390
T:1000:0.6296,-0.1987,0.0256,0.0829,-0.5315,-0.1564,0.2838,-0.3331
C:1000:0.0000,0.0000,0.0000,0.0000,0.0000,0.0000,0.0000,0.0000
M:1000:0.3885,0.2732,-0.2884,-0.4892,-0.2906,0.0116,0.2164,0.2971
I:1000:0.4822,-0.0427,0.0851,0.1186,-0.4451,0.3919,0.4655,0.0361
F:0.9897@390
A:0.9897@390
T:1002:0.6296,-0.1987,0.0256,0.0829,-0.5315,-0.1564,0.2838,-0.3331
C:1002:0.0000,0.0000,0.0000,0.0000,0.0000,0.0000,0.0000,0.0000
M:1002:0.3883,0.2737,-0.2888,-0.4907,-0.2911,0.0094,0.2173,0.2987
I:1002:0.4822,-0.0427,0.0851,0.1186,-0.4451,0.3920,0.4655,0.0361
F:0.9903@390
A:0.9903@390
T:1003:0.6296,-0.1987,0.0256,0.0829,-0.5315,-0.1564,0.2838,-0.3331
C:1003:0.0000,0.0000,0.0000,0.0000,0.0000,0.0000,0.0000,0.0000
M:1004:0.3888,0.2749,-0.2883,-0.4921,-0.2916,0.0094,0.2176,0.3006
I:1004:0.4822,-0.0427,0.0851,0.1186,-0.4451,0.3920,0.4655,0.0361
F:0.9910@390
A:0.9910@390
T:1005:0.6296,-0.1987,0.0256,0.0829,-0.5315,-0.1564,0.2838,-0.3331
C:1005:0.0000,0.0000,0.0000,0.0000,0.0000,0.0000,0.0000,0.0000
M:1005:0.3889,0.2760,-0.2879,-0.4934,-0.2923,0.0090,0.2180,0.3022
I:1005:0.4822,-0.0427,0.0851,0.1186,-0.4451,0.3920,0.4655,0.0361
F:0.9910@390
A:0.9910@390
T:1006:0.6296,-0.1987,0.0256,0.0829,-0.5315,-0.1564,0.2838,-0.3331
C:1006:0.0000,0.0000,0.0000,0.0000,0.0000,0.0000,0.0000,0.0000
M:1007:0.3890,0.2771,-0.2873,-0.4945,-0.2934,0.0090,0.2183,0.3034
I:1007:0.4822,-0.0427,0.0851,0.1186,-0.4451,0.3920,0.4655,0.0361
F:0.9910@390
A:0.9910@390
T:1008:0.6296,-0.1987,0.0256,0.0829,-0.5315,-0.1564,0.2838,-0.3331
C:1008:0.0000,0.0000,0.0000,0.0000,0.0000,0.0000,0.0000,0.0000
M:1008:0.3890,0.2780,-0.2872,-0.4955,-0.2943,0.0080,0.2188,0.3044
I:1008:0.4822,-0.0427,0.0851,0.1186,-0.4451,0.3920,0.4655,0.0361
F:0.9910@390
A:0.9910@390
T:1009:0.6296,-0.1987,0.0256,0.0829,-0.5315,-0.1564,0.2838,-0.3331
C:1009:0.0000,0.0000,0.0000,0.0000,0.0000,0.0000,0.0000,0.0000
M:1009:0.3893,0.2790,-0.2868,-0.4966,-0.2952,0.0076,0.2192,0.3055
I:100a:0.4822,-0.0427,0.0851,0.1186,-0.4451,0.3920,0.4655,0.0361
F:0.9910@390
A:0.9910@390
T:100b:0.6296,-0.1987,0.0256,0.0829,-0.5315,-0.1564,0.2838,-0.3331
C:100b:0.0000,0.0000,0.0000,0.0000,0.0000,0.0000,0.0000,0.0000
M:100c:0.3894,0.2797,-0.2868,-0.4976,-0.2958,0.0066,0.2196,0.3066
I:100c:0.4822,-0.0427,0.0851,0.1186,-0.4451,0.3920,0.4655,0.0361
F:0.9910@390
A:0.9910@390
T:100d:0.6296,-0.1987,0.0256,0.0829,-0.5315,-0.1564,0.2838,-0.3331
C:100d:0.0000,0.0000,0.0000,0.0000,0.0000,0.0000,0.0000,0.0000
M:100e:0.3896,0.2805,-0.2868,-0.4988,-0.2962,0.0057,0.2201,0.3079
I:100e:0.4822,-0.0427,0.0851,0.1186,-0.4451,0.3920,0.4655,0.0361
F:0.9913@390
A:0.9913@390
T:100f:0.6296,-0.1987,0.0256,0.0829,-0.5315,-0.1564,0.2838,-0.3331
C:1010:0.0000,0.0000,0.0000,0.0000,0.0000,0.0000,0.0000,0.0000
M:1010:0.3897,0.2812,-0.2867,-0.4999,-0.2965,0.0050,0.2205,0.3095
I:1010:0.4822,-0.0427,0.0851,0.1186,-0.4451,0.3920,0.4655,0.0361
F:0.9913@390
A:0.9913@390
T:1011:0.6296,-0.1987,0.0256,0.0829,-0.5315,-0.1564,0.2838,-0.3331
C:1011:0.0000,0.0000,0.0000,0.0000,0.0000,0.0000,0.0000,0.0000
M:1012:0.3898,0.2820,-0.2865,-0.5011,-0.2968,0.0044,0.2209,0.3110
I:1012:0.4822,-0.0427,0.0851,0.1186,-0.4451,0.3920,0.4655,0.0361
F:0.9921@390
A:0.9921@390
T:1013:0.6296,-0.1987,0.0256,0.0829,-0.5315,-0.1564,0.2838,-0.3331
C:1013:0.0000,0.0000,0.0000,0.0000,0.0000,0.0000,0.0000,0.0000
M:1013:0.3899,0.2827,-0.2862,-0.5022,-0.2972,0.0039,0.2213,0.3125
I:1013:0.4822,-0.0427,0.0851,0.1186,-0.4451,0.3920,0.4655,0.0361
F:0.9921@390
A:0.9921@390
T:1015:0.6296,-0.1987,0.0256,0.0829,-0.5315,-0.1564,0.2838,-0.3331
C:1015:0.0000,0.0000,0.0000,0.0000,0.0000,0.0000,0.0000,0.0000
M:1015:0.3899,0.2835,-0.2859,-0.5034,-0.2976,0.0033,0.2218,0.3140
I:1015:0.4822,-0.0427,0.0851,0.1186,-0.4451,0.3920,0.4655,0.0361
F:0.9921@390
A:0.9921@390
T:1017:0.6296,-0.1987,0.0256,0.0829,-0.5315,-0.1564,0.2838,-0.3331
C:1017:0.0000,0.0000,0.0000,0.0000,0.0000,0.0000,0.0000,0.0000
M:1017:0.3900,0.2842,-0.2855,-0.5045,-0.2981,0.0026,0.2222,0.3155
I:1018:0.4822,-0.0427,0.0851,0.1186,-0.4451,0.3920,0.4655,0.0361
F:0.9921@390
A:0.9921@390
T:1019:0.6296,-0.1987,0.0256,0.0829,-0.5315,-0.1564,0.2838,-0.3331
C:1019:0.0000,0.0000,0.0000,0.0000,0.0000,0.0000,0.0000,0.0000
M:1019:0.3901,0.2850,-0.2852,-0.5056,-0.2986,0.0019,0.2227,0.3170
I:101a:0.4822,-0.0427,0.0851,0.1186,-0.4451,0.3920,0.4655,0.0361
F:0.9921@390
A:0.9921@390
T:101c:0.6296,-0.1987,0.0256,0.0829,-0.5315,-0.1564,0.2838,-0.3331
C:101c:0.0000,0.0000,0.0000,0.0000,0.0000,0.0000,0.0000,0.0000
M:101c:0.3902,0.2857,-0.2849,-0.5067,-0.2991,0.0012,0.2231,0.3185
I:101d:0.4822,-0.0427,0.0851,0.1186,-0.4451,0.3920,0.4655,0.0361
F:0.9921@390
A:0.9921@390
T:101f:0.6296,-0.1987,0.0256,0.0829,-0.5315,-0.1564,0.2838,-0.3331
C:101f:0.0000,0.0000,0.0000,0.0000,0.0000,0.0000,0.0000,0.0000
M:101f:0.3901,0.2863,-0.2849,-0.5080,-0.2994,-0.0001,0.2237,0.3202
I:101f:0.4822,-0.0427,0.0851,0.1186,-0.4451,0.3920,0.4655,0.0361
F:0.9926@390
A:0.9926@390
T:1021:0.6296,-0.1987,0.0256,0.0829,-0.5315,-0.1564,0.2838,-0.3331
C:1021:0.0000,0.0000,0.0000,0.0000,0.0000,0.0000,0.0000,0.0000
M:1021:0.3904,0.2872,-0.2845,-0.5093,-0.2997,-0.0006,0.2241,0.3220
I:1021:0.4822,-0.0427,0.0851,0.1186,-0.4451,0.3920,0.4655,0.0361
F:0.9926@390
A:0.9926@390
T:1022:0.6296,-0.1987,0.0256,0.0829,-0.5315,-0.1564,0.2838,-0.3331
C:1022:0.0000,0.0000,0.0000,0.0000,0.0000,0.0000,0.0000,0.0000
M:1022:0.3904,0.2881,-0.2840,-0.5105,-0.3002,-0.0011,0.2245,0.3237
I:1023:0.4822,-0.0427,0.0851,0.1186,-0.4451,0.3920,0.4655,0.0361
F:0.9928@390
A:0.9928@390
T:1024:0.6296,-0.1987,0.0256,0.0829,-0.5315,-0.1564,0.2838,-0.3331
C:1024:0.0000,0.0000,0.0000,0.0000,0.0000,0.0000,0.0000,0.0000
M:1024:0.3904,0.2889,-0.2836,-0.5116,-0.3008,-0.0016,0.2249,0.3252
I:1025:0.4822,-0.0427,0.0851,0.1186,-0.4451,0.3920,0.4655,0.0361
F:0.9928@390
A:0.9928@390
T:1026:0.6296,-0.1987,0.0256,0.0829,-0.5315,-0.1564,0.2838,-0.3331
C:1026:0.0000,0.0000,0.0000,0.0000,0.0000,0.0000,0.0000,0.0000
M:1026:0.3905,0.2898,-0.2832,-0.5128,-0.3015,-0.0024,0.2254,0.3266
I:1027:0.4822,-0.0427,0.0851,0.1186,-0.4451,0.3920,0.4655,0.0361
F:0.9928@390
A:0.9928@390
T:1028:0.6296,-0.1987,0.0256,0.0829,-0.5315,-0.1564,0.2838,-0.3331
C:1028:0.0000,0.0000,0.0000,0.0000,0.0000,0.0000,0.0000,0.0000
M:1028:0.3906,0.2906,-0.2829,-0.5139,-0.3021,-0.0031,0.2258,0.3280
I:1029:0.4822,-0.0427,0.0851,0.1186,-0.4451,0.3920,0.4655,0.0361
F:0.9930@390
A:0.9930@390
T:102a:0.6296,-0.1987,0.0256,0.0829,-0.5315,-0.1564,0.2838,-0.3331
C:102b:0.0000,0.0000,0.0000,0.0000,0.0000,0.0000,0.0000,0.0000
M:102b:0.3907,0.2914,-0.2826,-0.5150,-0.3026,-0.0039,0.2262,0.3294
I:102b:0.4822,-0.0427,0.0851,0.1186,-0.4451,0.3920,0.4655,0.0361
F:0.9930@390
A:0.9930@390
T:102c:0.6296,-0.1987,0.0256,0.0829,-0.5315,-0.1564,0.2838,-0.3331
C:102c:0.0000,0.0000,0.0000,0.0000,0.0000,0.0000,0.0000,0.0000
M:102c:0.3908,0.2922,-0.2824,-0.5161,-0.3031,-0.0046,0.2266,0.3308
I:102d:0.4822,-0.0427,0.0851,0.1186,-0.4451,0.3920,0.4655,0.0361
F:0.9935@390
A:0.9935@390
T:102e:0.6296,-0.1987,0.0256,0.0829,-0.5315,-0.1564,0.2838,-0.3331
C:102e:0.0000,0.0000,0.0000,0.0000,0.0000,0.0000,0.0000,0.0000
M:102f:0.3909,0.2929,-0.2821,-0.5172,-0.3036,-0.0053,0.2270,0.3322
I:1030:0.4822,-0.0427,0.0851,0.1186,-0.4451,0.3920,0.4655,0.0361
F:0.9935@390
A:0.9935@390
T:1031:0.6296,-0.1987,0.0256,0.0829,-0.5315,-0.1564,0.2838,-0.3331
C:1031:0.0000,0.0000,0.0000,0.0000,0.0000,0.0000,0.0000,0.0000
M:1031:0.3908,0.2935,-0.2821,-0.5184,-0.3038,-0.0066,0.2276,0.3338
I:1032:0.4822,-0.0427,0.0851,0.1186,-0.4451,0.3920,0.4655,0.0361
F:0.9935@390
A:0.9935@390
T:1033:0.6296,-0.1987,0.0256,0.0829,-0.5315,-0.1564,0.2838,-0.3331
C:1033:0.0000,0.0000,0.0000,0.0000,0.0000,0.0000,0.0000,0.0000
M:1033:0.3910,0.2943,-0.2817,-0.5196,-0.3040,-0.0072,0.2280,0.3356
I:1033:0.4822,-0.0427,0.0851,0.1186,-0.4451,0.3920,0.4655,0.0361
F:0.9935@390
A:0.9935@390
T:1034:0.6296,-0.1987,0.0256,0.0829,-0.5315,-0.1564,0.2838,-0.3331
C:1034:0.0000,0.0000,0.0000,0.0000,0.0000,0.0000,0.0000,0.0000
M:1035:0.3911,0.2953,-0.2809,-0.5206,-0.3046,-0.0070,0.2282,0.3370
I:1035:0.4822,-0.0427,0.0851,0.1186,-0.4451,0.3920,0.4655,0.0361
F:0.9937@390
A:0.9937@390
T:1036:0.6296,-0.1987,0.0256,0.0829,-0.5315,-0.1564,0.2838,-0.3331
C:1036:0.0000,0.0000,0.0000,0.0000,0.0000,0.0000,0.0000,0.0000
M:1036:0.3910,0.2960,-0.2806,-0.5215,-0.3053,-0.0077,0.2286,0.3380
I:1037:0.4822,-0.0427,0.0851,0.1186,-0.4451,0.3920,0.4655,0.0361
F:0.9937@390
A:0.9937@390
T:103a:0.6296,-0.1987,0.0256,0.0829,-0.5315,-0.1564,0.2838,-0.3331
C:103a:0.0000,0.0000,0.0000,0.0000,0.0000,0.0000,0.0000,0.0000
M:103a:0.3909,0.2964,-0.2807,-0.5226,-0.3056,-0.0093,0.2292,0.3393
I:103a:0.4822,-0.0427,0.0851,0.1186,-0.4451,0.3920,0.4655,0.0361
F:0.9937@390
A:0.9937@390
T:103c:0.6296,-0.1987,0.0256,0.0829,-0.5315,-0.1564,0.2838,-0.3331
C:103c:0.0000,0.0000,0.0000,0.0000,0.0000,0.0000,0.0000,0.0000
M:103c:0.3912,0.2971,-0.2804,-0.5238,-0.3058,-0.0101,0.2296,0.3410
I:103c:0.4822,-0.0427,0.0851,0.1186,-0.4451,0.3920,0.4655,0.0361
F:0.9945@390
A:0.9945@390
T:103d:0.6296,-0.1987,0.0256,0.0829,-0.5315,-0.1564,0.2838,-0.3331
C:103d:0.0000,0.0000,0.0000,0.0000,0.0000,0.0000,0.0000,0.0000
M:103d:0.3913,0.2979,-0.2800,-0.5248,-0.3061,-0.0105,0.2299,0.3426
I:103e:0.4822,-0.0427,0.0851,0.1186,-0.4451,0.3920,0.4655,0.0361
F:0.9945@390
A:0.9945@390
T:103f:0.6296,-0.1987,0.0256,0.0829,-0.5315,-0.1564,0.2838,-0.3331
C:103f:0.0000,0.0000,0.0000,0.0000,0.0000,0.0000,0.0000,0.0000
M:103f:0.3913,0.2986,-0.2796,-0.5259,-0.3064,-0.0110,0.2303,0.3440
I:1040:0.4822,-0.0427,0.0851,0.1186,-0.4451,0.3920,0.4655,0.0361
F:0.9947@390
A:0.9947@390
T:1041:0.6296,-0.1987,0.0256,0.0829,-0.5315,-0.1564,0.2838,-0.3331
C:1041:0.0000,0.0000,0.0000,0.0000,0.0000,0.0000,0.0000,0.0000
M:1041:0.3913,0.2993,-0.2793,-0.5269,-0.3069,-0.0117,0.2307,0.3454
I:1042:0.4822,-0.0427,0.0851,0.1186,-0.4451,0.3920,0.4655,0.0361
F:0.9947@390
A:0.9947@390
T:1043:0.6296,-0.1987,0.0256,0.0829,-0.5315,-0.1564,0.2838,-0.3331
C:1043:0.0000,0.0000,0.0000,0.0000,0.0000,0.0000,0.0000,0.0000
M:1043:0.3913,0.3000,-0.2790,-0.5279,-0.3073,-0.0124,0.2311,0.3467
I:1043:0.4822,-0.0427,0.0851,0.1186,-0.4451,0.3920,0.4655,0.0361
F:0.9947@390
A:0.9947@390
T:1045:0.6296,-0.1987,0.0256,0.0829,-0.5315,-0.1564,0.2838,-0.3331
C:1045:0.0000,0.0000,0.0000,0.0000,0.0000,0.0000,0.0000,0.0000
M:1045:0.3913,0.3006,-0.2787,-0.5289,-0.3077,-0.0132,0.2315,0.3480
I:1045:0.4822,-0.0427,0.0851,0.1186,-0.4451,0.3920,0.4655,0.0361
F:0.9948@390
A:0.9948@390
T:1047:0.6296,-0.1987,0.0256,0.0829,-0.5315,-0.1564,0.2838,-0.3331
C:1047:0.0000,0.0000,0.0000,0.0000,0.0000,0.0000,0.0000,0.0000
M:1047:0.3914,0.3012,-0.2784,-0.5298,-0.3080,-0.0139,0.2318,0.3494
I:1047:0.4822,-0.0427,0.0851,0.1186,-0.4451,0.3920,0.4655,0.0361
F:0.9948@390
A:0.9948@390
T:104a:0.6296,-0.1987,0.0256,0.0829,-0.5315,-0.1564,0.2838,-0.3331
C:104a:0.0000,0.0000,0.0000,0.0000,0.0000,0.0000,0.0000,0.0000
M:104a:0.3915,0.3021,-0.2778,-0.5307,-0.3086,-0.0139,0.2320,0.3505
I:104a:0.4822,-0.0427,0.0851,0.1186,-0.4451,0.3920,0.4655,0.0361
F:0.9955@390
A:0.9955@390
T:104c:0.6296,-0.1987,0.0256,0.0829,-0.5315,-0.1564,0.2838,-0.3331
C:104c:0.0000,0.0000,0.0000,0.0000,0.0000,0.0000,0.0000,0.0000
M:104c:0.3912,0.3023,-0.2782,-0.5318,-0.3086,-0.0160,0.2327,0.3519
I:104d:0.4822,-0.0427,0.0851,0.1186,-0.4451,0.3920,0.4655,0.0361
F:0.9955@390
A:0.9955@390
T:104e:0.6296,-0.1987,0.0256,0.0829,-0.5315,-0.1564,0.2838,-0.3331
C:104e:0.0000,0.0000,0.0000,0.0000,0.0000,0.0000,0.0000,0.0000
M:104e:0.3915,0.3028,-0.2779,-0.5329,-0.3085,-0.0167,0.2331,0.3537
I:104e:0.4822,-0.0427,0.0851,0.1186,-0.4451,0.3920,0.4655,0.0361
F:0.9955@390
A:0.9955@390
T:1050:0.6296,-0.1987,0.0256,0.0829,-0.5315,-0.1564,0.2838,-0.3331
C:1050:0.0000,0.0000,0.0000,0.0000,0.0000,0.0000,0.0000,0.0000
M:1050:0.3916,0.3036,-0.2774,-0.5340,-0.3086,-0.0170,0.2334,0.3553
I:1051:0.4822,-0.0427,0.0851,0.1186,-0.4451,0.3920,0.4655,0.0361
F:0.9955@390
A:0.9955@390
T:1052:0.6296,-0.1987,0.0256,0.0829,-0.5315,-0.1564,0.2838,-0.3331
C:1052:0.0000,0.0000,0.0000,0.0000,0.0000,0.0000,0.0000,0.0000
M:1052:0.3915,0.3042,-0.2769,-0.5349,-0.3089,-0.0174,0.2337,0.3568
I:1052:0.4822,-0.0427,0.0851,0.1186,-0.4451,0.3920,0.4655,0.0361
F:0.9955@390
A:0.9955@390
T:1054:0.6296,-0.1987,0.0256,0.0829,-0.5315,-0.1564,0.2838,-0.3331
C:1054:0.0000,0.0000,0.0000,0.0000,0.0000,0.0000,0.0000,0.0000
M:1054:0.3914,0.3049,-0.2765,-0.5359,-0.3094,-0.0180,0.2341,0.3580
I:1055:0.4822,-0.0427,0.0851,0.1186,-0.4451,0.3920,0.4655,0.0361
F:0.9955@390
A:0.9955@390
T:1056:0.6296,-0.1987,0.0256,0.0829,-0.5315,-0.1564,0.2838,-0.3331
C:1056:0.0000,0.0000,0.0000,0.0000,0.0000,0.0000,0.0000,0.0000
M:1056:0.3914,0.3054,-0.2761,-0.5368,-0.3098,-0.0188,0.2345,0.3593
I:1056:0.4822,-0.0427,0.0851,0.1186,-0.4451,0.3920,0.4655,0.0361
F:0.9955@390
A:0.9955@390
T:1057:0.6296,-0.1987,0.0256,0.0829,-0.5315,-0.1564,0.2838,-0.3331
C:1057:0.0000,0.0000,0.0000,0.0000,0.0000,0.0000,0.0000,0.0000
M:1057:0.3915,0.3062,-0.2756,-0.5376,-0.3103,-0.0190,0.2347,0.3604
I:1058:0.4822,-0.0427,0.0851,0.1186,-0.4451,0.3920,0.4655,0.0361
F:0.9958@390
A:0.9958@390
T:1059:0.6296,-0.1987,0.0256,0.0829,-0.5315,-0.1564,0.2838,-0.3331
C:1059:0.0000,0.0000,0.0000,0.0000,0.0000,0.0000,0.0000,0.0000
M:1059:0.3915,0.3068,-0.2754,-0.5384,-0.3108,-0.0198,0.2351,0.3614
I:1059:0.4822,-0.0427,0.0851,0.1186,-0.4451,0.3920,0.4655,0.0361
F:0.9958@390
A:0.9958@390
T:105a:0.6296,-0.1987,0.0256,0.0829,-0.5315,-0.1564,0.2838,-0.3331
C:105a:0.0000,0.0000,0.0000,0.0000,0.0000,0.0000,0.0000,0.0000
M:105a:0.3916,0.3074,-0.2750,-0.5391,-0.3113,-0.0201,0.2353,0.3623
I:105b:0.4822,-0.0427,0.0851,0.1186,-0.4451,0.3920,0.4655,0.0361
F:0.9960@390
A:0.9960@390
T:105c:0.6296,-0.1987,0.0256,0.0829,-0.5315,-0.1564,0.2838,-0.3331
C:105c:0.0000,0.0000,0.0000,0.0000,0.0000,0.0000,0.0000,0.0000
M:105c:0.3915,0.3079,-0.2749,-0.5399,-0.3116,-0.0210,0.2356,0.3632
I:105c:0.4822,-0.0427,0.0851,0.1186,-0.4451,0.3920,0.4655,0.0361
F:0.9960@390
A:0.9960@390
T:105e:0.6296,-0.1987,0.0256,0.0829,-0.5315,-0.1564,0.2838,-0.3331
C:105e:0.0000,0.0000,0.0000,0.0000,0.0000,0.0000,0.0000,0.0000
M:105e:0.3916,0.3083,-0.2749,-0.5407,-0.3117,-0.0219,0.2359,0.3643
I:105e:0.4822,-0.0427,0.0851,0.1186,-0.4451,0.3920,0.4655,0.0361
F:0.9962@390
A:0.9962@390
T:1060:0.6296,-0.1987,0.0256,0.0829,-0.5315,-0.1564,0.2838,-0.3331
C:1060:0.0000,0.0000,0.0000,0.0000,0.0000,0.0000,0.0000,0.0000
M:1060:0.3916,0.3087,-0.2748,-0.5415,-0.3117,-0.0227,0.2363,0.3656
I:1061:0.4822,-0.0427,0.0851,0.1186,-0.4451,0.3920,0.4655,0.0361
F:0.9962@390
A:0.9962@390
T:1062:0.6296,-0.1987,0.0256,0.0829,-0.5315,-0.1564,0.2838,-0.3331
C:1062:0.0000,0.0000,0.0000,0.0000,0.0000,0.0000,0.0000,0.0000
M:1062:0.3916,0.3092,-0.2745,-0.5424,-0.3117,-0.0233,0.2366,0.3669
I:1062:0.4822,-0.0427,0.0851,0.1186,-0.4451,0.3920,0.4655,0.0361
F:0.9962@390
A:0.9962@390
T:1064:0.6296,-0.1987,0.0256,0.0829,-0.5315,-0.1564,0.2838,-0.3331
C:1064:0.0000,0.0000,0.0000,0.0000,0.0000,0.0000,0.0000,0.0000
M:1064:0.3917,0.3098,-0.2740,-0.5431,-0.3119,-0.0232,0.2368,0.3680
I:1064:0.4822,-0.0427,0.0851,0.1186,-0.4451,0.3920,0.4655,0.0361
F:0.9962@390
A:0.9962@390
T:1066:0.6296,-0.1987,0.0256,0.0829,-0.5315,-0.1564,0.2838,-0.3331
C:1066:0.0000,0.0000,0.0000,0.0000,0.0000,0.0000,0.0000,0.0000
M:1066:0.3914,0.3100,-0.2740,-0.5439,-0.3120,-0.0245,0.2373,0.3691
I:1067:0.4822,-0.0427,0.0851,0.1186,-0.4451,0.3920,0.4655,0.0361
F:0.9963@390
A:0.9963@390
{
  "exo_version": "0.12",
  "last_tick": 4200,
  "attractor": {
    "events": 1,
    "sim_mean": 0.9963
  },
  "memory": {
    "unique_patterns": 3,
    "familiarity_mean": 0.9966
  },
  "path_dependency_index": 1.9150,
  "sedimentation": true
}

T:1068:0.6296,-0.1987,0.0256,0.0829,-0.5315,-0.1564,0.2838,-0.3331
C:1068:0.0000,0.0000,0.0000,0.0000,0.0000,0.0000,0.0000,0.0000
M:1068:0.3915,0.3104,-0.2738,-0.5448,-0.3119,-0.0253,0.2377,0.3705
I:1068:0.4822,-0.0427,0.0851,0.1186,-0.4451,0.3920,0.4655,0.0361
F:0.9966@390
A:0.9966@390
T:106a:0.6296,-0.1987,0.0256,0.0829,-0.5315,-0.1564,0.2838,-0.3331
C:106a:0.0000,0.0000,0.0000,0.0000,0.0000,0.0000,0.0000,0.0000
M:106a:0.3915,0.3108,-0.2735,-0.5457,-0.3119,-0.0259,0.2380,0.3719
I:106a:0.4822,-0.0427,0.0851,0.1186,-0.4451,0.3920,0.4655,0.0361
F:0.9966@390
A:0.9966@390
T:106b:0.6296,-0.1987,0.0256,0.0829,-0.5315,-0.1564,0.2838,-0.3331
C:106b:0.0000,0.0000,0.0000,0.0000,0.0000,0.0000,0.0000,0.0000
M:106c:0.3916,0.3115,-0.2729,-0.5464,-0.3122,-0.0258,0.2381,0.3731
I:106c:0.4822,-0.0427,0.0851,0.1186,-0.4451,0.3920,0.4655,0.0361
F:0.9966@390
A:0.9966@390
T:106d:0.6296,-0.1987,0.0256,0.0829,-0.5315,-0.1564,0.2838,-0.3331
C:106d:0.0000,0.0000,0.0000,0.0000,0.0000,0.0000,0.0000,0.0000
M:106d:0.3914,0.3119,-0.2726,-0.5471,-0.3125,-0.0265,0.2384,0.3740
I:106d:0.4822,-0.0427,0.0851,0.1186,-0.4451,0.3920,0.4655,0.0361
F:0.9966@390
A:0.9966@390
T:106f:0.6296,-0.1987,0.0256,0.0829,-0.5315,-0.1564,0.2838,-0.3331
C:106f:0.0000,0.0000,0.0000,0.0000,0.0000,0.0000,0.0000,0.0000
M:106f:0.3914,0.3123,-0.2724,-0.5479,-0.3127,-0.0274,0.2388,0.3751
I:106f:0.4822,-0.0427,0.0851,0.1186,-0.4451,0.3920,0.4655,0.0361
F:0.9966@390
A:0.9966@390
T:1071:0.6296,-0.1987,0.0256,0.0829,-0.5315,-0.1564,0.2838,-0.3331
C:1071:0.0000,0.0000,0.0000,0.0000,0.0000,0.0000,0.0000,0.0000
M:1071:0.3914,0.3126,-0.2723,-0.5487,-0.3128,-0.0282,0.2392,0.3762
I:1072:0.4822,-0.0427,0.0851,0.1186,-0.4451,0.3920,0.4655,0.0361
F:0.9966@390
A:0.9966@390
T:1073:0.6296,-0.1987,0.0256,0.0829,-0.5315,-0.1564,0.2838,-0.3331
C:1073:0.0000,0.0000,0.0000,0.0000,0.0000,0.0000,0.0000,0.0000
M:1073:0.3914,0.3131,-0.2720,-0.5495,-0.3128,-0.0289,0.2395,0.3775
I:1074:0.4822,-0.0427,0.0851,0.1186,-0.4451,0.3920,0.4655,0.0361
F:0.9966@390
A:0.9966@390
T:1075:0.6296,-0.1987,0.0256,0.0829,-0.5315,-0.1564,0.2838,-0.3331
C:1075:0.0000,0.0000,0.0000,0.0000,0.0000,0.0000,0.0000,0.0000
M:1075:0.3914,0.3135,-0.2718,-0.5503,-0.3128,-0.0295,0.2398,0.3788
I:1076:0.4822,-0.0427,0.0851,0.1186,-0.4451,0.3920,0.4655,0.0361
F:0.9968@390
A:0.9968@390
T:1077:0.6296,-0.1987,0.0256,0.0829,-0.5315,-0.1564,0.2838,-0.3331
C:1077:0.0000,0.0000,0.0000,0.0000,0.0000,0.0000,0.0000,0.0000
M:1077:0.3914,0.3139,-0.2715,-0.5511,-0.3128,-0.0301,0.2401,0.3800
I:1077:0.4822,-0.0427,0.0851,0.1186,-0.4451,0.3920,0.4655,0.0361
F:0.9971@390
A:0.9971@390
T:1079:0.6296,-0.1987,0.0256,0.0829,-0.5315,-0.1564,0.2838,-0.3331
C:1079:0.0000,0.0000,0.0000,0.0000,0.0000,0.0000,0.0000,0.0000
M:1079:0.3913,0.3143,-0.2712,-0.5519,-0.3129,-0.0308,0.2404,0.3812
I:1079:0.4822,-0.0427,0.0851,0.1186,-0.4451,0.3920,0.4655,0.0361
F:0.9974@390
A:0.9974@390
T:107b:0.6296,-0.1987,0.0256,0.0829,-0.5315,-0.1564,0.2838,-0.3331
C:107b:0.0000,0.0000,0.0000,0.0000,0.0000,0.0000,0.0000,0.0000
M:107b:0.3913,0.3147,-0.2709,-0.5527,-0.3130,-0.0314,0.2408,0.3824
I:107c:0.4822,-0.0427,0.0851,0.1186,-0.4451,0.3920,0.4655,0.0361
F:0.9974@390
A:0.9974@390
T:107e:0.6296,-0.1987,0.0256,0.0829,-0.5315,-0.1564,0.2838,-0.3331
C:107e:0.0000,0.0000,0.0000,0.0000,0.0000,0.0000,0.0000,0.0000
M:107e:0.3911,0.3149,-0.2709,-0.5536,-0.3128,-0.0327,0.2413,0.3838
I:107e:0.4822,-0.0427,0.0851,0.1186,-0.4451,0.3920,0.4655,0.0361
F:0.9974@390
A:0.9974@390
T:1080:0.6296,-0.1987,0.0256,0.0829,-0.5315,-0.1564,0.2838,-0.3331
C:1080:0.0000,0.0000,0.0000,0.0000,0.0000,0.0000,0.0000,0.0000
M:1081:0.3912,0.3154,-0.2705,-0.5545,-0.3127,-0.0333,0.2416,0.3853
I:1081:0.4822,-0.0427,0.0851,0.1186,-0.4451,0.3920,0.4655,0.0361
F:0.9974@390
A:0.9974@390
T:1083:0.6296,-0.1987,0.0256,0.0829,-0.5315,-0.1564,0.2838,-0.3331
C:1083:0.0000,0.0000,0.0000,0.0000,0.0000,0.0000,0.0000,0.0000
M:1083:0.3912,0.3158,-0.2701,-0.5553,-0.3127,-0.0337,0.2419,0.3867
I:1084:0.4822,-0.0427,0.0851,0.1186,-0.4451,0.3920,0.4655,0.0361
F:0.9974@390
A:0.9974@390
T:1085:0.6296,-0.1987,0.0256,0.0829,-0.5315,-0.1564,0.2838,-0.3331
C:1086:0.0000,0.0000,0.0000,0.0000,0.0000,0.0000,0.0000,0.0000
M:1086:0.3910,0.3161,-0.2700,-0.5562,-0.3126,-0.0349,0.2423,0.3881
I:1086:0.4822,-0.0427,0.0851,0.1186,-0.4451,0.3920,0.4655,0.0361
F:0.9975@390
A:0.9975@390
T:1087:0.6296,-0.1987,0.0256,0.0829,-0.5315,-0.1564,0.2838,-0.3331
C:1087:0.0000,0.0000,0.0000,0.0000,0.0000,0.0000,0.0000,0.0000
M:1087:0.3910,0.3166,-0.2695,-0.5571,-0.3126,-0.0355,0.2427,0.3895
I:1088:0.4822,-0.0427,0.0851,0.1186,-0.4451,0.3920,0.4655,0.0361
F:0.9975@390
A:0.9975@390
T:1089:0.6296,-0.1987,0.0256,0.0829,-0.5315,-0.1564,0.2838,-0.3331
C:1089:0.0000,0.0000,0.0000,0.0000,0.0000,0.0000,0.0000,0.0000
M:1089:0.3910,0.3171,-0.2691,-0.5580,-0.3127,-0.0360,0.2430,0.3908
I:1089:0.4822,-0.0427,0.0851,0.1186,-0.4451,0.3920,0.4655,0.0361
F:0.9978@390
A:0.9978@390
T:108b:0.6296,-0.1987,0.0256,0.0829,-0.5315,-0.1564,0.2838,-0.3331
C:108b:0.0000,0.0000,0.0000,0.0000,0.0000,0.0000,0.0000,0.0000
M:108b:0.3909,0.3175,-0.2686,-0.5588,-0.3129,-0.0366,0.2433,0.3920
I:108b:0.4822,-0.0427,0.0851,0.1186,-0.4451,0.3920,0.4655,0.0361
F:0.9978@390
A:0.9978@390
T:108d:0.6296,-0.1987,0.0256,0.0829,-0.5315,-0.1564,0.2838,-0.3331
C:108d:0.0000,0.0000,0.0000,0.0000,0.0000,0.0000,0.0000,0.0000
M:108d:0.3908,0.3180,-0.2683,-0.5595,-0.3131,-0.0373,0.2436,0.3932
I:108e:0.4822,-0.0427,0.0851,0.1186,-0.4451,0.3920,0.4655,0.0361
F:0.9978@390
A:0.9978@390
T:108f:0.6296,-0.1987,0.0256,0.0829,-0.5315,-0.1564,0.2838,-0.3331
C:108f:0.0000,0.0000,0.0000,0.0000,0.0000,0.0000,0.0000,0.0000
M:108f:0.3908,0.3184,-0.2680,-0.5603,-0.3133,-0.0380,0.2439,0.3943
I:1090:0.4822,-0.0427,0.0851,0.1186,-0.4451,0.3920,0.4655,0.0361
F:0.9979@390
A:0.9979@390
T:1091:0.6296,-0.1987,0.0256,0.0829,-0.5315,-0.1564,0.2838,-0.3331
C:1091:0.0000,0.0000,0.0000,0.0000,0.0000,0.0000,0.0000,0.0000
M:1092:0.3907,0.3188,-0.2677,-0.5611,-0.3134,-0.0387,0.2442,0.3955
I:1092:0.4822,-0.0427,0.0851,0.1186,-0.4451,0.3920,0.4655,0.0361
F:0.9979@390
A:0.9979@390
T:1093:0.6296,-0.1987,0.0256,0.0829,-0.5315,-0.1564,0.2838,-0.3331
C:1093:0.0000,0.0000,0.0000,0.0000,0.0000,0.0000,0.0000,0.0000
M:1094:0.3907,0.3192,-0.2675,-0.5618,-0.3134,-0.0394,0.2445,0.3966
I:1094:0.4822,-0.0427,0.0851,0.1186,-0.4451,0.3920,0.4655,0.0361
F:0.9979@390
A:0.9979@390
T:1095:0.6296,-0.1987,0.0256,0.0829,-0.5315,-0.1564,0.2838,-0.3331
C:1095:0.0000,0.0000,0.0000,0.0000,0.0000,0.0000,0.0000,0.0000
M:1095:0.3907,0.3196,-0.2672,-0.5626,-0.3135,-0.0401,0.2448,0.3978
I:1096:0.4822,-0.0427,0.0851,0.1186,-0.4451,0.3920,0.4655,0.0361
F:0.9981@390
A:0.9981@390
T:1097:0.6296,-0.1987,0.0256,0.0829,-0.5315,-0.1564,0.2838,-0.3331
C:1097:0.0000,0.0000,0.0000,0.0000,0.0000,0.0000,0.0000,0.0000
M:1097:0.3906,0.3200,-0.2669,-0.5633,-0.3135,-0.0408,0.2451,0.3989
I:1097:0.4822,-0.0427,0.0851,0.1186,-0.4451,0.3920,0.4655,0.0361
F:0.9981@390
A:0.9981@390
T:1099:0.6296,-0.1987,0.0256,0.0829,-0.5315,-0.1564,0.2838,-0.3331
C:1099:0.0000,0.0000,0.0000,0.0000,0.0000,0.0000,0.0000,0.0000
M:1099:0.3906,0.3204,-0.2667,-0.5641,-0.3135,-0.0414,0.2454,0.4000
I:1099:0.4822,-0.0427,0.0851,0.1186,-0.4451,0.3920,0.4655,0.0361
F:0.9984@390
A:0.9984@390
T:109b:0.6296,-0.1987,0.0256,0.0829,-0.5315,-0.1564,0.2838,-0.3331
C:109b:0.0000,0.0000,0.0000,0.0000,0.0000,0.0000,0.0000,0.0000
M:109b:0.3905,0.3207,-0.2664,-0.5648,-0.3135,-0.0421,0.2457,0.4011
I:109c:0.4822,-0.0427,0.0851,0.1186,-0.4451,0.3920,0.4655,0.0361
F:0.9984@390
A:0.9984@390
T:109d:0.6296,-0.1987,0.0256,0.0829,-0.5315,-0.1564,0.2838,-0.3331
C:109d:0.0000,0.0000,0.0000,0.0000,0.0000,0.0000,0.0000,0.0000
M:109d:0.3904,0.3211,-0.2661,-0.5655,-0.3134,-0.0428,0.2460,0.4023
I:109e:0.4822,-0.0427,0.0851,0.1186,-0.4451,0.3920,0.4655,0.0361
F:0.9984@390
A:0.9984@390
T:109f:0.6296,-0.1987,0.0256,0.0829,-0.5315,-0.1564,0.2838,-0.3331
C:109f:0.0000,0.0000,0.0000,0.0000,0.0000,0.0000,0.0000,0.0000
M:109f:0.3904,0.3214,-0.2658,-0.5662,-0.3134,-0.0434,0.2463,0.4034
I:109f:0.4822,-0.0427,0.0851,0.1186,-0.4451,0.3920,0.4655,0.0361
F:0.9984@390
A:0.9984@390
T:10a1:0.6296,-0.1987,0.0256,0.0829,-0.5315,-0.1564,0.2838,-0.3331
C:10a1:0.0000,0.0000,0.0000,0.0000,0.0000,0.0000,0.0000,0.0000
M:10a1:0.3904,0.3219,-0.2653,-0.5668,-0.3136,-0.0435,0.2464,0.4044
I:10a1:0.4822,-0.0427,0.0851,0.1186,-0.4451,0.3920,0.4655,0.0361
F:0.9984@390
A:0.9984@390
T:10a3:0.6296,-0.1987,0.0256,0.0829,-0.5315,-0.1564,0.2838,-0.3331
C:10a4:0.0000,0.0000,0.0000,0.0000,0.0000,0.0000,0.0000,0.0000
M:10a4:0.3901,0.3220,-0.2654,-0.5675,-0.3135,-0.0448,0.2469,0.4054
I:10a4:0.4822,-0.0427,0.0851,0.1186,-0.4451,0.3920,0.4655,0.0361
F:0.9984@390
A:0.9984@390
T:10a5:0.6296,-0.1987,0.0256,0.0829,-0.5315,-0.1564,0.2838,-0.3331
C:10a5:0.0000,0.0000,0.0000,0.0000,0.0000,0.0000,0.0000,0.0000
M:10a5:0.3902,0.3223,-0.2652,-0.5683,-0.3133,-0.0456,0.2472,0.4066
I:10a6:0.4822,-0.0427,0.0851,0.1186,-0.4451,0.3920,0.4655,0.0361
F:0.9984@390
A:0.9984@390
T:10a7:0.6296,-0.1987,0.0256,0.0829,-0.5315,-0.1564,0.2838,-0.3331
C:10a7:0.0000,0.0000,0.0000,0.0000,0.0000,0.0000,0.0000,0.0000
M:10a7:0.3902,0.3226,-0.2649,-0.5690,-0.3132,-0.0462,0.2475,0.4078
I:10a8:0.4822,-0.0427,0.0851,0.1186,-0.4451,0.3920,0.4655,0.0361
F:0.9984@390
A:0.9984@390
T:10a9:0.6296,-0.1987,0.0256,0.0829,-0.5315,-0.1564,0.2838,-0.3331
C:10a9:0.0000,0.0000,0.0000,0.0000,0.0000,0.0000,0.0000,0.0000
M:10a9:0.3901,0.3229,-0.2645,-0.5697,-0.3131,-0.0467,0.2478,0.4090
I:10aa:0.4822,-0.0427,0.0851,0.1186,-0.4451,0.3920,0.4655,0.0361
F:0.9984@390
A:0.9984@390
T:10ab:0.6296,-0.1987,0.0256,0.0829,-0.5315,-0.1564,0.2838,-0.3331
C:10ab:0.0000,0.0000,0.0000,0.0000,0.0000,0.0000,0.0000,0.0000
M:10ab:0.3900,0.3232,-0.2642,-0.5704,-0.3130,-0.0474,0.2481,0.4101
I:10ac:0.4822,-0.0427,0.0851,0.1186,-0.4451,0.3920,0.4655,0.0361
F:0.9987@390
A:0.9987@390
T:10ad:0.6296,-0.1987,0.0256,0.0829,-0.5315,-0.1564,0.2838,-0.3331
C:10ad:0.0000,0.0000,0.0000,0.0000,0.0000,0.0000,0.0000,0.0000
M:10ad:0.3899,0.3235,-0.2639,-0.5711,-0.3130,-0.0480,0.2484,0.4112
I:10ae:0.4822,-0.0427,0.0851,0.1186,-0.4451,0.3920,0.4655,0.0361
F:0.9987@390
A:0.9987@390
T:10b0:0.6296,-0.1987,0.0256,0.0829,-0.5315,-0.1564,0.2838,-0.3331
C:10b0:0.0000,0.0000,0.0000,0.0000,0.0000,0.0000,0.0000,0.0000
M:10b0:0.3898,0.3238,-0.2636,-0.5718,-0.3129,-0.0487,0.2487,0.4122
I:10b0:0.4822,-0.0427,0.0851,0.1186,-0.4451,0.3920,0.4655,0.0361
F:0.9987@390
A:0.9987@390
T:10b3:0.6296,-0.1987,0.0256,0.0829,-0.5315,-0.1564,0.2838,-0.3331
C:10b3:0.0000,0.0000,0.0000,0.0000,0.0000,0.0000,0.0000,0.0000
M:10b3:0.3896,0.3239,-0.2637,-0.5726,-0.3126,-0.0499,0.2491,0.4135
I:10b3:0.4822,-0.0427,0.0851,0.1186,-0.4451,0.3920,0.4655,0.0361
F:0.9987@390
A:0.9987@390
T:10b5:0.6296,-0.1987,0.0256,0.0829,-0.5315,-0.1564,0.2838,-0.3331
C:10b5:0.0000,0.0000,0.0000,0.0000,0.0000,0.0000,0.0000,0.0000
M:10b5:0.3895,0.3240,-0.2636,-0.5734,-0.3121,-0.0511,0.2496,0.4150
I:10b6:0.4822,-0.0427,0.0851,0.1186,-0.4451,0.3920,0.4655,0.0361
F:0.9989@390
A:0.9989@390
T:10b7:0.6296,-0.1987,0.0256,0.0829,-0.5315,-0.1564,0.2838,-0.3331
C:10b7:0.0000,0.0000,0.0000,0.0000,0.0000,0.0000,0.0000,0.0000
M:10b7:0.3896,0.3244,-0.2631,-0.5743,-0.3118,-0.0515,0.2498,0.4165
I:10b7:0.4822,-0.0427,0.0851,0.1186,-0.4451,0.3920,0.4655,0.0361
F:0.9989@390
A:0.9989@390
T:10b9:0.6296,-0.1987,0.0256,0.0829,-0.5315,-0.1564,0.2838,-0.3331
C:10b9:0.0000,0.0000,0.0000,0.0000,0.0000,0.0000,0.0000,0.0000
M:10b9:0.3894,0.3248,-0.2626,-0.5750,-0.3117,-0.0518,0.2501,0.4177
I:10ba:0.4822,-0.0427,0.0851,0.1186,-0.4451,0.3920,0.4655,0.0361
F:0.9989@390
A:0.9989@390
T:10bb:0.6296,-0.1987,0.0256,0.0829,-0.5315,-0.1564,0.2838,-0.3331
C:10bb:0.0000,0.0000,0.0000,0.0000,0.0000,0.0000,0.0000,0.0000
M:10bb:0.3892,0.3251,-0.2621,-0.5757,-0.3118,-0.0524,0.2503,0.4188
I:10bc:0.4822,-0.0427,0.0851,0.1186,-0.4451,0.3920,0.4655,0.0361
F:0.9989@390
A:0.9989@390
T:10be:0.6296,-0.1987,0.0256,0.0829,-0.5315,-0.1564,0.2838,-0.3331
C:10be:0.0000,0.0000,0.0000,0.0000,0.0000,0.0000,0.0000,0.0000
M:10be:0.3891,0.3254,-0.2617,-0.5763,-0.3118,-0.0531,0.2506,0.4198
I:10be:0.4822,-0.0427,0.0851,0.1186,-0.4451,0.3920,0.4655,0.0361
F:0.9989@390
A:0.9989@390
T:10bf:0.6296,-0.1987,0.0256,0.0829,-0.5315,-0.1564,0.2838,-0.3331
C:10bf:0.0000,0.0000,0.0000,0.0000,0.0000,0.0000,0.0000,0.0000
M:10c0:0.3890,0.3257,-0.2614,-0.5770,-0.3119,-0.0538,0.2509,0.4209
I:10c0:0.4822,-0.0427,0.0851,0.1186,-0.4451,0.3920,0.4655,0.0361
F:0.9991@390
A:0.9991@390
T:10c1:0.6296,-0.1987,0.0256,0.0829,-0.5315,-0.1564,0.2838,-0.3331
C:10c2:0.0000,0.0000,0.0000,0.0000,0.0000,0.0000,0.0000,0.0000
M:10c2:0.3890,0.3260,-0.2612,-0.5776,-0.3119,-0.0546,0.2512,0.4219
I:10c2:0.4822,-0.0427,0.0851,0.1186,-0.4451,0.3920,0.4655,0.0361
F:0.9991@390
A:0.9991@390
T:10c3:0.6296,-0.1987,0.0256,0.0829,-0.5315,-0.1564,0.2838,-0.3331
C:10c3:0.0000,0.0000,0.0000,0.0000,0.0000,0.0000,0.0000,0.0000
M:10c3:0.3889,0.3263,-0.2609,-0.5783,-0.3118,-0.0553,0.2515,0.4229
I:10c3:0.4822,-0.0427,0.0851,0.1186,-0.4451,0.3920,0.4655,0.0361
F:0.9991@390
A:0.9991@390
T:10c5:0.6296,-0.1987,0.0256,0.0829,-0.5315,-0.1564,0.2838,-0.3331
C:10c5:0.0000,0.0000,0.0000,0.0000,0.0000,0.0000,0.0000,0.0000
M:10c5:0.3888,0.3266,-0.2606,-0.5790,-0.3117,-0.0559,0.2517,0.4240
I:10c6:0.4822,-0.0427,0.0851,0.1186,-0.4451,0.3920,0.4655,0.0361
F:0.9991@390
A:0.9991@390
T:10c7:0.6296,-0.1987,0.0256,0.0829,-0.5315,-0.1564,0.2838,-0.3331
C:10c7:0.0000,0.0000,0.0000,0.0000,0.0000,0.0000,0.0000,0.0000
M:10c7:0.3887,0.3269,-0.2604,-0.5796,-0.3116,-0.0566,0.2520,0.4250
I:10c8:0.4822,-0.0427,0.0851,0.1186,-0.4451,0.3920,0.4655,0.0361
F:0.9991@390
A:0.9991@390
T:10c9:0.6296,-0.1987,0.0256,0.0829,-0.5315,-0.1564,0.2838,-0.3331
C:10c9:0.0000,0.0000,0.0000,0.0000,0.0000,0.0000,0.0000,0.0000
M:10c9:0.3886,0.3271,-0.2601,-0.5802,-0.3114,-0.0572,0.2523,0.4260
I:10ca:0.4822,-0.0427,0.0851,0.1186,-0.4451,0.3920,0.4655,0.0361
F:0.9992@390
A:0.9992@390
{
  "exo_version": "0.12",
  "last_tick": 4300,
  "attractor": {
    "events": 1,
    "sim_mean": 0.9992
  },
  "memory": {
    "unique_patterns": 3,
    "familiarity_mean": 0.9992
  },
  "path_dependency_index": 1.9150,
  "sedimentation": true
}

T:10cc:0.6296,-0.1987,0.0256,0.0829,-0.5315,-0.1564,0.2838,-0.3331
C:10cc:0.0000,0.0000,0.0000,0.0000,0.0000,0.0000,0.0000,0.0000
M:10cc:0.3884,0.3272,-0.2602,-0.5810,-0.3111,-0.0585,0.2527,0.4272
I:10cc:0.4822,-0.0427,0.0851,0.1186,-0.4451,0.3920,0.4655,0.0361
F:0.9992@390
A:0.9992@390
T:10ce:0.6296,-0.1987,0.0256,0.0829,-0.5315,-0.1564,0.2838,-0.3331
C:10ce:0.0000,0.0000,0.0000,0.0000,0.0000,0.0000,0.0000,0.0000
M:10ce:0.3885,0.3276,-0.2595,-0.5816,-0.3109,-0.0585,0.2528,0.4283
I:10ce:0.4822,-0.0427,0.0851,0.1186,-0.4451,0.3920,0.4655,0.0361
F:0.9992@390
A:0.9992@390
T:10cf:0.6296,-0.1987,0.0256,0.0829,-0.5315,-0.1564,0.2838,-0.3331
C:10cf:0.0000,0.0000,0.0000,0.0000,0.0000,0.0000,0.0000,0.0000
M:10cf:0.3883,0.3279,-0.2592,-0.5822,-0.3109,-0.0590,0.2531,0.4293
I:10d0:0.4822,-0.0427,0.0851,0.1186,-0.4451,0.3920,0.4655,0.0361
F:0.9992@390
A:0.9992@390
T:10d1:0.6296,-0.1987,0.0256,0.0829,-0.5315,-0.1564,0.2838,-0.3331
C:10d1:0.0000,0.0000,0.0000,0.0000,0.0000,0.0000,0.0000,0.0000
M:10d1:0.3882,0.3281,-0.2589,-0.5828,-0.3109,-0.0597,0.2534,0.4302
I:10d1:0.4822,-0.0427,0.0851,0.1186,-0.4451,0.3920,0.4655,0.0361
F:0.9994@390
A:0.9994@390
T:10d3:0.6296,-0.1987,0.0256,0.0829,-0.5315,-0.1564,0.2838,-0.3331
C:10d3:0.0000,0.0000,0.0000,0.0000,0.0000,0.0000,0.0000,0.0000
M:10d3:0.3881,0.3283,-0.2587,-0.5834,-0.3107,-0.0605,0.2536,0.4311
I:10d4:0.4822,-0.0427,0.0851,0.1186,-0.4451,0.3920,0.4655,0.0361
F:0.9995@390
A:0.9995@390
T:10d5:0.6296,-0.1987,0.0256,0.0829,-0.5315,-0.1564,0.2838,-0.3331
C:10d5:0.0000,0.0000,0.0000,0.0000,0.0000,0.0000,0.0000,0.0000
M:10d6:0.3880,0.3285,-0.2585,-0.5840,-0.3105,-0.0612,0.2539,0.4321
I:10d6:0.4822,-0.0427,0.0851,0.1186,-0.4451,0.3920,0.4655,0.0361
F:0.9995@390
A:0.9995@390
T:10d7:0.6296,-0.1987,0.0256,0.0829,-0.5315,-0.1564,0.2838,-0.3331
C:10d7:0.0000,0.0000,0.0000,0.0000,0.0000,0.0000,0.0000,0.0000
M:10d7:0.3879,0.3287,-0.2583,-0.5846,-0.3103,-0.0618,0.2542,0.4331
I:10d7:0.4822,-0.0427,0.0851,0.1186,-0.4451,0.3920,0.4655,0.0361
F:0.9995@390
A:0.9995@390
T:10d9:0.6296,-0.1987,0.0256,0.0829,-0.5315,-0.1564,0.2838,-0.3331
C:10d9:0.0000,0.0000,0.0000,0.0000,0.0000,0.0000,0.0000,0.0000
M:10d9:0.3878,0.3289,-0.2580,-0.5852,-0.3101,-0.0625,0.2544,0.4342
I:10d9:0.4822,-0.0427,0.0851,0.1186,-0.4451,0.3920,0.4655,0.0361
F:0.9995@390
A:0.9995@390
T:10db:0.6296,-0.1987,0.0256,0.0829,-0.5315,-0.1564,0.2838,-0.3331
C:10db:0.0000,0.0000,0.0000,0.0000,0.0000,0.0000,0.0000,0.0000
M:10db:0.3878,0.3292,-0.2575,-0.5857,-0.3101,-0.0625,0.2545,0.4350
I:10db:0.4822,-0.0427,0.0851,0.1186,-0.4451,0.3920,0.4655,0.0361
F:0.9995@390
A:0.9995@390
T:10dd:0.6296,-0.1987,0.0256,0.0829,-0.5315,-0.1564,0.2838,-0.3331
C:10dd:0.0000,0.0000,0.0000,0.0000,0.0000,0.0000,0.0000,0.0000
M:10dd:0.3874,0.3292,-0.2575,-0.5863,-0.3099,-0.0638,0.2549,0.4359
I:10dd:0.4822,-0.0427,0.0851,0.1186,-0.4451,0.3920,0.4655,0.0361
F:0.9995@390
A:0.9995@390
T:10de:0.6296,-0.1987,0.0256,0.0829,-0.5315,-0.1564,0.2838,-0.3331
C:10de:0.0000,0.0000,0.0000,0.0000,0.0000,0.0000,0.0000,0.0000
M:10df:0.3875,0.3295,-0.2571,-0.5868,-0.3098,-0.0640,0.2551,0.4369
I:10df:0.4822,-0.0427,0.0851,0.1186,-0.4451,0.3920,0.4655,0.0361
F:0.9995@390
A:0.9995@390
T:10e0:0.6296,-0.1987,0.0256,0.0829,-0.5315,-0.1564,0.2838,-0.3331
C:10e0:0.0000,0.0000,0.0000,0.0000,0.0000,0.0000,0.0000,0.0000
M:10e0:0.3874,0.3297,-0.2569,-0.5873,-0.3097,-0.0646,0.2553,0.4377
I:10e0:0.4822,-0.0427,0.0851,0.1186,-0.4451,0.3920,0.4655,0.0361
F:0.9995@390
A:0.9995@390
T:10e3:0.6296,-0.1987,0.0256,0.0829,-0.5315,-0.1564,0.2838,-0.3331
C:10e3:0.0000,0.0000,0.0000,0.0000,0.0000,0.0000,0.0000,0.0000
M:10e3:0.3872,0.3299,-0.2567,-0.5879,-0.3095,-0.0654,0.2556,0.4386
I:10e3:0.4822,-0.0427,0.0851,0.1186,-0.4451,0.3920,0.4655,0.0361
F:0.9995@390
A:0.9995@390
T:10e5:0.6296,-0.1987,0.0256,0.0829,-0.5315,-0.1564,0.2838,-0.3331
C:10e5:0.0000,0.0000,0.0000,0.0000,0.0000,0.0000,0.0000,0.0000
M:10e5:0.3870,0.3298,-0.2568,-0.5886,-0.3090,-0.0666,0.2560,0.4397
I:10e5:0.4822,-0.0427,0.0851,0.1186,-0.4451,0.3920,0.4655,0.0361
F:0.9995@390
A:0.9995@390
T:10e6:0.6296,-0.1987,0.0256,0.0829,-0.5315,-0.1564,0.2838,-0.3331
C:10e6:0.0000,0.0000,0.0000,0.0000,0.0000,0.0000,0.0000,0.0000
M:10e7:0.3871,0.3301,-0.2562,-0.5891,-0.3087,-0.0667,0.2562,0.4408
I:10e7:0.4822,-0.0427,0.0851,0.1186,-0.4451,0.3920,0.4655,0.0361
F:0.9996@390
A:0.9996@390
T:10e8:0.6296,-0.1987,0.0256,0.0829,-0.5315,-0.1564,0.2838,-0.3331
C:10e8:0.0000,0.0000,0.0000,0.0000,0.0000,0.0000,0.0000,0.0000
M:10e8:0.3869,0.3303,-0.2559,-0.5896,-0.3085,-0.0672,0.2564,0.4417
I:10e8:0.4822,-0.0427,0.0851,0.1186,-0.4451,0.3920,0.4655,0.0361
F:0.9996@390
A:0.9996@390
T:10e9:0.6296,-0.1987,0.0256,0.0829,-0.5315,-0.1564,0.2838,-0.3331
C:10e9:0.0000,0.0000,0.0000,0.0000,0.0000,0.0000,0.0000,0.0000
M:10e9:0.3868,0.3306,-0.2554,-0.5901,-0.3086,-0.0673,0.2565,0.4424
I:10e9:0.4822,-0.0427,0.0851,0.1186,-0.4451,0.3920,0.4655,0.0361
F:0.9997@390
A:0.9997@390
T:10ea:0.6296,-0.1987,0.0256,0.0829,-0.5315,-0.1564,0.2838,-0.3331
C:10ea:0.0000,0.0000,0.0000,0.0000,0.0000,0.0000,0.0000,0.0000
M:10ea:0.3867,0.3309,-0.2549,-0.5904,-0.3088,-0.0675,0.2566,0.4430
I:10eb:0.4822,-0.0427,0.0851,0.1186,-0.4451,0.3920,0.4655,0.0361
F:0.9997@390
A:0.9997@390
T:10ec:0.6296,-0.1987,0.0256,0.0829,-0.5315,-0.1564,0.2838,-0.3331
C:10ec:0.0000,0.0000,0.0000,0.0000,0.0000,0.0000,0.0000,0.0000
M:10ec:0.3865,0.3310,-0.2549,-0.5909,-0.3088,-0.0684,0.2569,0.4435
I:10ed:0.4822,-0.0427,0.0851,0.1186,-0.4451,0.3920,0.4655,0.0361
F:0.9997@390
A:0.9997@390
T:10ee:0.6296,-0.1987,0.0256,0.0829,-0.5315,-0.1564,0.2838,-0.3331
C:10ef:0.0000,0.0000,0.0000,0.0000,0.0000,0.0000,0.0000,0.0000
M:10ef:0.3864,0.3310,-0.2549,-0.5914,-0.3086,-0.0694,0.2572,0.4443
I:10ef:0.4822,-0.0427,0.0851,0.1186,-0.4451,0.3920,0.4655,0.0361
F:0.9997@390
A:0.9997@390
T:10f0:0.6296,-0.1987,0.0256,0.0829,-0.5315,-0.1564,0.2838,-0.3331
C:10f0:0.0000,0.0000,0.0000,0.0000,0.0000,0.0000,0.0000,0.0000
M:10f0:0.3864,0.3311,-0.2549,-0.5919,-0.3081,-0.0701,0.2574,0.4453
I:10f0:0.4822,-0.0427,0.0851,0.1186,-0.4451,0.3920,0.4655,0.0361
F:0.9997@390
A:0.9997@390
T:10f2:0.6296,-0.1987,0.0256,0.0829,-0.5315,-0.1564,0.2838,-0.3331
C:10f2:0.0000,0.0000,0.0000,0.0000,0.0000,0.0000,0.0000,0.0000
M:10f2:0.3863,0.3312,-0.2547,-0.5925,-0.3077,-0.0707,0.2577,0.4463
I:10f2:0.4822,-0.0427,0.0851,0.1186,-0.4451,0.3920,0.4655,0.0361
F:0.9997@390
A:0.9997@390
T:10f3:0.6296,-0.1987,0.0256,0.0829,-0.5315,-0.1564,0.2838,-0.3331
C:10f4:0.0000,0.0000,0.0000,0.0000,0.0000,0.0000,0.0000,0.0000
M:10f4:0.3863,0.3315,-0.2542,-0.5930,-0.3075,-0.0707,0.2577,0.4472
I:10f4:0.4822,-0.0427,0.0851,0.1186,-0.4451,0.3920,0.4655,0.0361
F:0.9997@390
A:0.9997@390
T:10f5:0.6296,-0.1987,0.0256,0.0829,-0.5315,-0.1564,0.2838,-0.3331
C:10f5:0.0000,0.0000,0.0000,0.0000,0.0000,0.0000,0.0000,0.0000
M:10f5:0.3860,0.3316,-0.2540,-0.5934,-0.3073,-0.0713,0.2580,0.4479
I:10f5:0.4822,-0.0427,0.0851,0.1186,-0.4451,0.3920,0.4655,0.0361
F:0.9997@390
A:0.9997@390
T:10f7:0.6296,-0.1987,0.0256,0.0829,-0.5315,-0.1564,0.2838,-0.3331
C:10f7:0.0000,0.0000,0.0000,0.0000,0.0000,0.0000,0.0000,0.0000
M:10f7:0.3859,0.3316,-0.2539,-0.5939,-0.3071,-0.0721,0.2583,0.4487
I:10f7:0.4822,-0.0427,0.0851,0.1186,-0.4451,0.3920,0.4655,0.0361
F:0.9997@390
A:0.9997@390
T:10f8:0.6296,-0.1987,0.0256,0.0829,-0.5315,-0.1564,0.2838,-0.3331
C:10f8:0.0000,0.0000,0.0000,0.0000,0.0000,0.0000,0.0000,0.0000
M:10f8:0.3859,0.3319,-0.2534,-0.5943,-0.3069,-0.0723,0.2584,0.4495
I:10f8:0.4822,-0.0427,0.0851,0.1186,-0.4451,0.3920,0.4655,0.0361
F:0.9997@390
A:0.9997@390
T:10f9:0.6296,-0.1987,0.0256,0.0829,-0.5315,-0.1564,0.2838,-0.3331
C:10f9:0.0000,0.0000,0.0000,0.0000,0.0000,0.0000,0.0000,0.0000
M:10f9:0.3858,0.3321,-0.2530,-0.5947,-0.3070,-0.0724,0.2585,0.4501
I:10fa:0.4822,-0.0427,0.0851,0.1186,-0.4451,0.3920,0.4655,0.0361
F:0.9998@390
A:0.9998@390
T:10fc:0.6296,-0.1987,0.0256,0.0829,-0.5315,-0.1564,0.2838,-0.3331
C:10fc:0.0000,0.0000,0.0000,0.0000,0.0000,0.0000,0.0000,0.0000
M:10fc:0.3854,0.3320,-0.2533,-0.5952,-0.3067,-0.0738,0.2589,0.4508
I:10fc:0.4822,-0.0427,0.0851,0.1186,-0.4451,0.3920,0.4655,0.0361
F:0.9998@390
A:0.9998@390
T:10ff:0.6296,-0.1987,0.0256,0.0829,-0.5315,-0.1564,0.2838,-0.3331
C:10ff:0.0000,0.0000,0.0000,0.0000,0.0000,0.0000,0.0000,0.0000
M:10ff:0.3853,0.3318,-0.2535,-0.5958,-0.3059,-0.0752,0.2594,0.4519
I:1100:0.4822,-0.0427,0.0851,0.1186,-0.4451,0.3920,0.4655,0.0361
F:0.9998@390
A:0.9998@390
T:1101:0.6296,-0.1987,0.0256,0.0829,-0.5315,-0.1564,0.2838,-0.3331
C:1101:0.0000,0.0000,0.0000,0.0000,0.0000,0.0000,0.0000,0.0000
M:1101:0.3854,0.3319,-0.2533,-0.5965,-0.3052,-0.0757,0.2597,0.4532
I:1102:0.4822,-0.0427,0.0851,0.1186,-0.4451,0.3920,0.4655,0.0361
F:0.9998@390
A:0.9998@390
T:1103:0.6296,-0.1987,0.0256,0.0829,-0.5315,-0.1564,0.2838,-0.3331
C:1103:0.0000,0.0000,0.0000,0.0000,0.0000,0.0000,0.0000,0.0000
M:1103:0.3853,0.3320,-0.2529,-0.5971,-0.3046,-0.0760,0.2598,0.4544
I:1104:0.4822,-0.0427,0.0851,0.1186,-0.4451,0.3920,0.4655,0.0361
F:0.9998@390
A:0.9998@390
T:1106:0.6296,-0.1987,0.0256,0.0829,-0.5315,-0.1564,0.2838,-0.3331
C:1106:0.0000,0.0000,0.0000,0.0000,0.0000,0.0000,0.0000,0.0000
M:1106:0.3849,0.3320,-0.2527,-0.5977,-0.3041,-0.0770,0.2602,0.4555
I:1107:0.4822,-0.0427,0.0851,0.1186,-0.4451,0.3920,0.4655,0.0361
F:0.9998@390
A:0.9998@390
T:1109:0.6296,-0.1987,0.0256,0.0829,-0.5315,-0.1564,0.2838,-0.3331
C:1109:0.0000,0.0000,0.0000,0.0000,0.0000,0.0000,0.0000,0.0000
M:110a:0.3847,0.3319,-0.2526,-0.5984,-0.3034,-0.0780,0.2607,0.4567
I:110a:0.4822,-0.0427,0.0851,0.1186,-0.4451,0.3920,0.4655,0.0361
F:0.9998@390
A:0.9998@390
T:110b:0.6296,-0.1987,0.0256,0.0829,-0.5315,-0.1564,0.2838,-0.3331
C:110b:0.0000,0.0000,0.0000,0.0000,0.0000,0.0000,0.0000,0.0000
M:110b:0.3846,0.3320,-0.2521,-0.5990,-0.3029,-0.0785,0.2609,0.4580
I:110c:0.4822,-0.0427,0.0851,0.1186,-0.4451,0.3920,0.4655,0.0361
F:0.9998@390
A:0.9998@390
T:110d:0.6296,-0.1987,0.0256,0.0829,-0.5315,-0.1564,0.2838,-0.3331
C:110d:0.0000,0.0000,0.0000,0.0000,0.0000,0.0000,0.0000,0.0000
M:110d:0.3844,0.3322,-0.2515,-0.5996,-0.3026,-0.0789,0.2611,0.4590
I:110d:0.4822,-0.0427,0.0851,0.1186,-0.4451,0.3920,0.4655,0.0361
F:0.9998@390
A:0.9998@390
T:110e:0.6296,-0.1987,0.0256,0.0829,-0.5315,-0.1564,0.2838,-0.3331
C:110e:0.0000,0.0000,0.0000,0.0000,0.0000,0.0000,0.0000,0.0000
M:110e:0.3842,0.3325,-0.2508,-0.6000,-0.3027,-0.0789,0.2612,0.4598
I:110e:0.4822,-0.0427,0.0851,0.1186,-0.4451,0.3920,0.4655,0.0361
F:0.9999@390
A:0.9999@390
T:1110:0.6296,-0.1987,0.0256,0.0829,-0.5315,-0.1564,0.2838,-0.3331
C:1110:0.0000,0.0000,0.0000,0.0000,0.0000,0.0000,0.0000,0.0000
M:1110:0.3839,0.3327,-0.2504,-0.6005,-0.3028,-0.0796,0.2614,0.4605
I:1111:0.4822,-0.0427,0.0851,0.1186,-0.4451,0.3920,0.4655,0.0361
F:0.9999@390
A:0.9999@390
T:1112:0.6296,-0.1987,0.0256,0.0829,-0.5315,-0.1564,0.2838,-0.3331
C:1113:0.0000,0.0000,0.0000,0.0000,0.0000,0.0000,0.0000,0.0000
M:1113:0.3837,0.3328,-0.2503,-0.6009,-0.3027,-0.0805,0.2617,0.4612
I:1113:0.4822,-0.0427,0.0851,0.1186,-0.4451,0.3920,0.4655,0.0361
F:0.9999@390
A:0.9999@390
T:1114:0.6296,-0.1987,0.0256,0.0829,-0.5315,-0.1564,0.2838,-0.3331
C:1114:0.0000,0.0000,0.0000,0.0000,0.0000,0.0000,0.0000,0.0000
M:1114:0.3837,0.3329,-0.2501,-0.6015,-0.3024,-0.0813,0.2619,0.4620
I:1114:0.4822,-0.0427,0.0851,0.1186,-0.4451,0.3920,0.4655,0.0361
F:0.9999@390
A:0.9999@390
T:1116:0.6296,-0.1987,0.0256,0.0829,-0.5315,-0.1564,0.2838,-0.3331
C:1116:0.0000,0.0000,0.0000,0.0000,0.0000,0.0000,0.0000,0.0000
M:1116:0.3836,0.3330,-0.2500,-0.6020,-0.3021,-0.0820,0.2622,0.4629
I:1116:0.4822,-0.0427,0.0851,0.1186,-0.4451,0.3920,0.4655,0.0361
F:0.9999@390
A:0.9999@390
T:1118:0.6296,-0.1987,0.0256,0.0829,-0.5315,-0.1564,0.2838,-0.3331
C:1118:0.0000,0.0000,0.0000,0.0000,0.0000,0.0000,0.0000,0.0000
M:1118:0.3835,0.3331,-0.2498,-0.6025,-0.3017,-0.0826,0.2624,0.4638
I:1119:0.4822,-0.0427,0.0851,0.1186,-0.4451,0.3920,0.4655,0.0361
F:0.9999@390
A:0.9999@390
T:111a:0.6296,-0.1987,0.0256,0.0829,-0.5315,-0.1564,0.2838,-0.3331
C:111a:0.0000,0.0000,0.0000,0.0000,0.0000,0.0000,0.0000,0.0000
M:111b:0.3833,0.3332,-0.2495,-0.6030,-0.3013,-0.0832,0.2626,0.4647
I:111b:0.4822,-0.0427,0.0851,0.1186,-0.4451,0.3920,0.4655,0.0361
F:0.9999@390
A:0.9999@390
T:111c:0.6296,-0.1987,0.0256,0.0829,-0.5315,-0.1564,0.2838,-0.3331
C:111c:0.0000,0.0000,0.0000,0.0000,0.0000,0.0000,0.0000,0.0000
M:111c:0.3832,0.3333,-0.2493,-0.6035,-0.3009,-0.0838,0.2628,0.4656
I:111d:0.4822,-0.0427,0.0851,0.1186,-0.4451,0.3920,0.4655,0.0361
F:0.9999@390
A:0.9999@390
T:111e:0.6296,-0.1987,0.0256,0.0829,-0.5315,-0.1564,0.2838,-0.3331
C:111e:0.0000,0.0000,0.0000,0.0000,0.0000,0.0000,0.0000,0.0000
M:111e:0.3830,0.3333,-0.2490,-0.6040,-0.3006,-0.0844,0.2631,0.4665
I:111e:0.4822,-0.0427,0.0851,0.1186,-0.4451,0.3920,0.4655,0.0361
F:0.9999@390
A:0.9999@390
T:1120:0.6296,-0.1987,0.0256,0.0829,-0.5315,-0.1564,0.2838,-0.3331
C:1120:0.0000,0.0000,0.0000,0.0000,0.0000,0.0000,0.0000,0.0000
M:1120:0.3828,0.3334,-0.2487,-0.6045,-0.3002,-0.0850,0.2633,0.4674
I:1121:0.4822,-0.0427,0.0851,0.1186,-0.4451,0.3920,0.4655,0.0361
F:0.9999@390
A:0.9999@390
T:1123:0.6296,-0.1987,0.0256,0.0829,-0.5315,-0.1564,0.2838,-0.3331
C:1123:0.0000,0.0000,0.0000,0.0000,0.0000,0.0000,0.0000,0.0000
M:1123:0.3825,0.3333,-0.2488,-0.6051,-0.2996,-0.0862,0.2637,0.4683
I:1124:0.4822,-0.0427,0.0851,0.1186,-0.4451,0.3920,0.4655,0.0361
F:1.0000@390
A:1.0000@390
T:1125:0.6296,-0.1987,0.0256,0.0829,-0.5315,-0.1564,0.2838,-0.3331
C:1125:0.0000,0.0000,0.0000,0.0000,0.0000,0.0000,0.0000,0.0000
M:1125:0.3825,0.3333,-0.2485,-0.6057,-0.2990,-0.0868,0.2640,0.4694
I:1126:0.4822,-0.0427,0.0851,0.1186,-0.4451,0.3920,0.4655,0.0361
F:1.0000@390
A:1.0000@390
T:1127:0.6296,-0.1987,0.0256,0.0829,-0.5315,-0.1564,0.2838,-0.3331
C:1127:0.0000,0.0000,0.0000,0.0000,0.0000,0.0000,0.0000,0.0000
M:1127:0.3823,0.3334,-0.2481,-0.6062,-0.2985,-0.0872,0.2642,0.4704
I:1128:0.4822,-0.0427,0.0851,0.1186,-0.4451,0.3920,0.4655,0.0361
F:1.0000@390
A:1.0000@390
T:1129:0.6296,-0.1987,0.0256,0.0829,-0.5315,-0.1564,0.2838,-0.3331
C:1129:0.0000,0.0000,0.0000,0.0000,0.0000,0.0000,0.0000,0.0000
M:1129:0.3821,0.3335,-0.2477,-0.6067,-0.2982,-0.0877,0.2644,0.4713
I:112a:0.4822,-0.0427,0.0851,0.1186,-0.4451,0.3920,0.4655,0.0361
F:1.0000@390
A:1.0000@390
T:112b:0.6296,-0.1987,0.0256,0.0829,-0.5315,-0.1564,0.2838,-0.3331
C:112b:0.0000,0.0000,0.0000,0.0000,0.0000,0.0000,0.0000,0.0000
M:112b:0.3818,0.3336,-0.2473,-0.6072,-0.2979,-0.0883,0.2646,0.4722
I:112c:0.4822,-0.0427,0.0851,0.1186,-0.4451,0.3920,0.4655,0.0361
F:1.0000@390
A:1.0000@390
T:112d:0.6296,-0.1987,0.0256,0.0829,-0.5315,-0.1564,0.2838,-0.3331
C:112d:0.0000,0.0000,0.0000,0.0000,0.0000,0.0000,0.0000,0.0000
M:112d:0.3816,0.3336,-0.2470,-0.6076,-0.2976,-0.0890,0.2649,0.4730
I:112d:0.4822,-0.0427,0.0851,0.1186,-0.4451,0.3920,0.4655,0.0361
F:1.0000@390
A:1.0000@390
T:112e:0.6296,-0.1987,0.0256,0.0829,-0.5315,-0.1564,0.2838,-0.3331
C:112e:0.0000,0.0000,0.0000,0.0000,0.0000,0.0000,0.0000,0.0000
M:112e:0.3816,0.3339,-0.2464,-0.6080,-0.2975,-0.0891,0.2649,0.4737
I:112e:0.4822,-0.0427,0.0851,0.1186,-0.4451,0.3920,0.4655,0.0361
F:1.0000@390
A:1.0000@390
{
  "exo_version": "0.12",
  "last_tick": 4400,
  "attractor": {
    "events": 1,
    "sim_mean": 1.0000
  },
  "memory": {
    "unique_patterns": 3,
    "familiarity_mean": 1.0000
  },
  "path_dependency_index": 1.9150,
  "sedimentation": true
}

T:1131:0.6296,-0.1987,0.0256,0.0829,-0.5315,-0.1564,0.2838,-0.3331
C:1132:0.0000,0.0000,0.0000,0.0000,0.0000,0.0000,0.0000,0.0000
M:1132:0.3813,0.3339,-0.2462,-0.6084,-0.2974,-0.0898,0.2651,0.4744
I:1132:0.4822,-0.0427,0.0851,0.1186,-0.4451,0.3920,0.4655,0.0361
F:1.0000@390
A:1.0000@390
T:1133:0.6296,-0.1987,0.0256,0.0829,-0.5315,-0.1564,0.2838,-0.3331
C:1134:0.0000,0.0000,0.0000,0.0000,0.0000,0.0000,0.0000,0.0000
M:1134:0.3810,0.3338,-0.2464,-0.6090,-0.2969,-0.0911,0.2656,0.4752
I:1134:0.4822,-0.0427,0.0851,0.1186,-0.4451,0.3920,0.4655,0.0361
F:1.0000@390
A:1.0000@390
T:1135:0.6296,-0.1987,0.0256,0.0829,-0.5315,-0.1564,0.2838,-0.3331
C:1135:0.0000,0.0000,0.0000,0.0000,0.0000,0.0000,0.0000,0.0000
M:1135:0.3810,0.3338,-0.2462,-0.6095,-0.2962,-0.0918,0.2658,0.4762
I:1135:0.4822,-0.0427,0.0851,0.1186,-0.4451,0.3920,0.4655,0.0361
F:1.0000@390
A:1.0000@390
T:1137:0.6296,-0.1987,0.0256,0.0829,-0.5315,-0.1564,0.2838,-0.3331
C:1137:0.0000,0.0000,0.0000,0.0000,0.0000,0.0000,0.0000,0.0000
M:1137:0.3809,0.3339,-0.2459,-0.6100,-0.2956,-0.0923,0.2660,0.4772
I:1137:0.4822,-0.0427,0.0851,0.1186,-0.4451,0.3920,0.4655,0.0361
F:1.0000@390
A:1.0000@390
T:1139:0.6296,-0.1987,0.0256,0.0829,-0.5315,-0.1564,0.2838,-0.3331
C:1139:0.0000,0.0000,0.0000,0.0000,0.0000,0.0000,0.0000,0.0000
M:1139:0.3807,0.3339,-0.2456,-0.6105,-0.2952,-0.0928,0.2662,0.4781
I:113a:0.4822,-0.0427,0.0851,0.1186,-0.4451,0.3920,0.4655,0.0361
F:1.0000@390
A:1.0000@390
T:113b:0.6296,-0.1987,0.0256,0.0829,-0.5315,-0.1564,0.2838,-0.3331
C:113c:0.0000,0.0000,0.0000,0.0000,0.0000,0.0000,0.0000,0.0000
M:113c:0.3804,0.3340,-0.2453,-0.6110,-0.2948,-0.0933,0.2664,0.4789
I:113c:0.4822,-0.0427,0.0851,0.1186,-0.4451,0.3920,0.4655,0.0361
F:1.0000@390
A:1.0000@390
T:113d:0.6296,-0.1987,0.0256,0.0829,-0.5315,-0.1564,0.2838,-0.3331
C:113d:0.0000,0.0000,0.0000,0.0000,0.0000,0.0000,0.0000,0.0000
M:113e:0.3802,0.3340,-0.2450,-0.6114,-0.2944,-0.0939,0.2667,0.4797
I:113e:0.4822,-0.0427,0.0851,0.1186,-0.4451,0.3920,0.4655,0.0361
F:1.0000@390
A:1.0000@390
T:1140:0.6296,-0.1987,0.0256,0.0829,-0.5315,-0.1564,0.2838,-0.3331
C:1140:0.0000,0.0000,0.0000,0.0000,0.0000,0.0000,0.0000,0.0000
M:1140:0.3800,0.3340,-0.2447,-0.6119,-0.2940,-0.0946,0.2669,0.4805
I:1141:0.4822,-0.0427,0.0851,0.1186,-0.4451,0.3920,0.4655,0.0361
F:0.9999@390
A:0.9999@390
T:1142:0.6296,-0.1987,0.0256,0.0829,-0.5315,-0.1564,0.2838,-0.3331
C:1142:0.0000,0.0000,0.0000,0.0000,0.0000,0.0000,0.0000,0.0000
M:1142:0.3797,0.3338,-0.2447,-0.6124,-0.2934,-0.0957,0.2673,0.4814
I:1142:0.4822,-0.0427,0.0851,0.1186,-0.4451,0.3920,0.4655,0.0361
F:0.9999@390
A:0.9999@390
T:1144:0.6296,-0.1987,0.0256,0.0829,-0.5315,-0.1564,0.2838,-0.3331
C:1144:0.0000,0.0000,0.0000,0.0000,0.0000,0.0000,0.0000,0.0000
M:1144:0.3796,0.3338,-0.2444,-0.6130,-0.2927,-0.0963,0.2676,0.4825
I:1145:0.4822,-0.0427,0.0851,0.1186,-0.4451,0.3920,0.4655,0.0361
F:0.9999@390
A:0.9999@390
T:1146:0.6296,-0.1987,0.0256,0.0829,-0.5315,-0.1564,0.2838,-0.3331
C:1146:0.0000,0.0000,0.0000,0.0000,0.0000,0.0000,0.0000,0.0000
M:1146:0.3794,0.3339,-0.2440,-0.6134,-0.2922,-0.0968,0.2677,0.4834
I:1146:0.4822,-0.0427,0.0851,0.1186,-0.4451,0.3920,0.4655,0.0361
F:0.9999@390
A:0.9999@390
T:1148:0.6296,-0.1987,0.0256,0.0829,-0.5315,-0.1564,0.2838,-0.3331
C:1148:0.0000,0.0000,0.0000,0.0000,0.0000,0.0000,0.0000,0.0000
M:1148:0.3792,0.3339,-0.2436,-0.6139,-0.2918,-0.0973,0.2679,0.4842
I:1149:0.4822,-0.0427,0.0851,0.1186,-0.4451,0.3920,0.4655,0.0361
F:0.9999@390
A:0.9999@390
T:114a:0.6296,-0.1987,0.0256,0.0829,-0.5315,-0.1564,0.2838,-0.3331
C:114a:0.0000,0.0000,0.0000,0.0000,0.0000,0.0000,0.0000,0.0000
M:114a:0.3789,0.3340,-0.2433,-0.6144,-0.2914,-0.0979,0.2681,0.4850
I:114a:0.4822,-0.0427,0.0851,0.1186,-0.4451,0.3920,0.4655,0.0361
F:0.9999@390
A:0.9999@390
T:114b:0.6296,-0.1987,0.0256,0.0829,-0.5315,-0.1564,0.2838,-0.3331
C:114c:0.0000,0.0000,0.0000,0.0000,0.0000,0.0000,0.0000,0.0000
M:114c:0.3788,0.3341,-0.2426,-0.6147,-0.2913,-0.0980,0.2682,0.4857
I:114d:0.4822,-0.0427,0.0851,0.1186,-0.4451,0.3920,0.4655,0.0361
F:0.9999@390
A:0.9999@390
T:114e:0.6296,-0.1987,0.0256,0.0829,-0.5315,-0.1564,0.2838,-0.3331
C:114e:0.0000,0.0000,0.0000,0.0000,0.0000,0.0000,0.0000,0.0000
M:114e:0.3784,0.3340,-0.2427,-0.6152,-0.2909,-0.0992,0.2686,0.4864
I:114f:0.4822,-0.0427,0.0851,0.1186,-0.4451,0.3920,0.4655,0.0361
F:0.9999@390
A:0.9999@390
T:1150:0.6296,-0.1987,0.0256,0.0829,-0.5315,-0.1564,0.2838,-0.3331
C:1150:0.0000,0.0000,0.0000,0.0000,0.0000,0.0000,0.0000,0.0000
M:1151:0.3783,0.3340,-0.2425,-0.6156,-0.2904,-0.0999,0.2689,0.4873
I:1151:0.4822,-0.0427,0.0851,0.1186,-0.4451,0.3920,0.4655,0.0361
F:0.9999@390
A:0.9999@390
T:1152:0.6296,-0.1987,0.0256,0.0829,-0.5315,-0.1564,0.2838,-0.3331
C:1152:0.0000,0.0000,0.0000,0.0000,0.0000,0.0000,0.0000,0.0000
M:1152:0.3782,0.3340,-0.2423,-0.6161,-0.2898,-0.1005,0.2691,0.4882
I:1152:0.4822,-0.0427,0.0851,0.1186,-0.4451,0.3920,0.4655,0.0361
F:0.9998@390
A:0.9998@390
T:1154:0.6296,-0.1987,0.0256,0.0829,-0.5315,-0.1564,0.2838,-0.3331
C:1154:0.0000,0.0000,0.0000,0.0000,0.0000,0.0000,0.0000,0.0000
M:1154:0.3780,0.3340,-0.2420,-0.6166,-0.2893,-0.1010,0.2692,0.4890
I:1154:0.4822,-0.0427,0.0851,0.1186,-0.4451,0.3920,0.4655,0.0361
F:0.9998@390
A:0.9998@390
T:1156:0.6296,-0.1987,0.0256,0.0829,-0.5315,-0.1564,0.2838,-0.3331
C:1156:0.0000,0.0000,0.0000,0.0000,0.0000,0.0000,0.0000,0.0000
M:1156:0.3777,0.3340,-0.2417,-0.6170,-0.2888,-0.1016,0.2694,0.4898
I:1156:0.4822,-0.0427,0.0851,0.1186,-0.4451,0.3920,0.4655,0.0361
F:0.9998@390
A:0.9998@390
T:1157:0.6296,-0.1987,0.0256,0.0829,-0.5315,-0.1564,0.2838,-0.3331
C:1157:0.0000,0.0000,0.0000,0.0000,0.0000,0.0000,0.0000,0.0000
M:1157:0.3776,0.3342,-0.2411,-0.6174,-0.2886,-0.1017,0.2695,0.4905
I:1157:0.4822,-0.0427,0.0851,0.1186,-0.4451,0.3920,0.4655,0.0361
F:0.9998@390
A:0.9998@390
T:1158:0.6296,-0.1987,0.0256,0.0829,-0.5315,-0.1564,0.2838,-0.3331
C:1158:0.0000,0.0000,0.0000,0.0000,0.0000,0.0000,0.0000,0.0000
M:1158:0.3774,0.3343,-0.2405,-0.6176,-0.2887,-0.1018,0.2695,0.4909
I:1159:0.4822,-0.0427,0.0851,0.1186,-0.4451,0.3920,0.4655,0.0361
F:0.9998@390
A:0.9998@390
T:115b:0.6296,-0.1987,0.0256,0.0829,-0.5315,-0.1564,0.2838,-0.3331
C:115b:0.0000,0.0000,0.0000,0.0000,0.0000,0.0000,0.0000,0.0000
M:115b:0.3770,0.3341,-0.2407,-0.6180,-0.2883,-0.1031,0.2699,0.4915
I:115b:0.4822,-0.0427,0.0851,0.1186,-0.4451,0.3920,0.4655,0.0361
F:0.9998@390
A:0.9998@390
T:115c:0.6296,-0.1987,0.0256,0.0829,-0.5315,-0.1564,0.2838,-0.3331
C:115d:0.0000,0.0000,0.0000,0.0000,0.0000,0.0000,0.0000,0.0000
M:115d:0.3770,0.3342,-0.2404,-0.6184,-0.2879,-0.1035,0.2701,0.4922
I:115d:0.4822,-0.0427,0.0851,0.1186,-0.4451,0.3920,0.4655,0.0361
F:0.9998@390
A:0.9998@390
T:115e:0.6296,-0.1987,0.0256,0.0829,-0.5315,-0.1564,0.2838,-0.3331
C:115e:0.0000,0.0000,0.0000,0.0000,0.0000,0.0000,0.0000,0.0000
M:115e:0.3768,0.3342,-0.2402,-0.6188,-0.2875,-0.1041,0.2703,0.4929
I:115e:0.4822,-0.0427,0.0851,0.1186,-0.4451,0.3920,0.4655,0.0361
F:0.9998@390
A:0.9998@390
T:1160:0.6296,-0.1987,0.0256,0.0829,-0.5315,-0.1564,0.2838,-0.3331
C:1160:0.0000,0.0000,0.0000,0.0000,0.0000,0.0000,0.0000,0.0000
M:1160:0.3768,0.3343,-0.2398,-0.6191,-0.2872,-0.1042,0.2703,0.4935
I:1160:0.4822,-0.0427,0.0851,0.1186,-0.4451,0.3920,0.4655,0.0361
F:0.9998@390
A:0.9998@390
T:1161:0.6296,-0.1987,0.0256,0.0829,-0.5315,-0.1564,0.2838,-0.3331
C:1161:0.0000,0.0000,0.0000,0.0000,0.0000,0.0000,0.0000,0.0000
M:1161:0.3765,0.3343,-0.2397,-0.6195,-0.2869,-0.1049,0.2705,0.4941
I:1161:0.4822,-0.0427,0.0851,0.1186,-0.4451,0.3920,0.4655,0.0361
F:0.9998@390
A:0.9998@390
T:1163:0.6296,-0.1987,0.0256,0.0829,-0.5315,-0.1564,0.2838,-0.3331
C:1163:0.0000,0.0000,0.0000,0.0000,0.0000,0.0000,0.0000,0.0000
M:1163:0.3763,0.3342,-0.2396,-0.6198,-0.2864,-0.1056,0.2708,0.4948
I:1164:0.4822,-0.0427,0.0851,0.1186,-0.4451,0.3920,0.4655,0.0361
F:0.9998@390
A:0.9998@390
T:1165:0.6296,-0.1987,0.0256,0.0829,-0.5315,-0.1564,0.2838,-0.3331
C:1165:0.0000,0.0000,0.0000,0.0000,0.0000,0.0000,0.0000,0.0000
M:1165:0.3761,0.3341,-0.2395,-0.6203,-0.2858,-0.1063,0.2710,0.4955
I:1165:0.4822,-0.0427,0.0851,0.1186,-0.4451,0.3920,0.4655,0.0361
F:0.9997@390
A:0.9997@390
T:1167:0.6296,-0.1987,0.0256,0.0829,-0.5315,-0.1564,0.2838,-0.3331
C:1167:0.0000,0.0000,0.0000,0.0000,0.0000,0.0000,0.0000,0.0000
M:1168:0.3759,0.3340,-0.2393,-0.6207,-0.2851,-0.1069,0.2713,0.4963
I:1168:0.4822,-0.0427,0.0851,0.1186,-0.4451,0.3920,0.4655,0.0361
F:0.9997@390
A:0.9997@390
T:1169:0.6296,-0.1987,0.0256,0.0829,-0.5315,-0.1564,0.2838,-0.3331
C:1169:0.0000,0.0000,0.0000,0.0000,0.0000,0.0000,0.0000,0.0000
M:1169:0.3757,0.3339,-0.2391,-0.6211,-0.2845,-0.1074,0.2715,0.4971
I:1169:0.4822,-0.0427,0.0851,0.1186,-0.4451,0.3920,0.4655,0.0361
F:0.9997@390
A:0.9997@390
T:116b:0.6296,-0.1987,0.0256,0.0829,-0.5315,-0.1564,0.2838,-0.3331
C:116b:0.0000,0.0000,0.0000,0.0000,0.0000,0.0000,0.0000,0.0000
M:116b:0.3755,0.3339,-0.2388,-0.6215,-0.2839,-0.1080,0.2717,0.4979
I:116c:0.4822,-0.0427,0.0851,0.1186,-0.4451,0.3920,0.4655,0.0361
F:0.9997@390
A:0.9997@390
T:116d:0.6296,-0.1987,0.0256,0.0829,-0.5315,-0.1564,0.2838,-0.3331
C:116d:0.0000,0.0000,0.0000,0.0000,0.0000,0.0000,0.0000,0.0000
M:116d:0.3752,0.3338,-0.2386,-0.6219,-0.2833,-0.1085,0.2719,0.4986
I:116e:0.4822,-0.0427,0.0851,0.1186,-0.4451,0.3920,0.4655,0.0361
F:0.9997@390
A:0.9997@390
T:116f:0.6296,-0.1987,0.0256,0.0829,-0.5315,-0.1564,0.2838,-0.3331
C:116f:0.0000,0.0000,0.0000,0.0000,0.0000,0.0000,0.0000,0.0000
M:116f:0.3750,0.3337,-0.2383,-0.6223,-0.2828,-0.1091,0.2721,0.4994
I:1170:0.4822,-0.0427,0.0851,0.1186,-0.4451,0.3920,0.4655,0.0361
F:0.9997@390
A:0.9997@390
T:1171:0.6296,-0.1987,0.0256,0.0829,-0.5315,-0.1564,0.2838,-0.3331
C:1171:0.0000,0.0000,0.0000,0.0000,0.0000,0.0000,0.0000,0.0000
M:1171:0.3748,0.3336,-0.2380,-0.6227,-0.2822,-0.1097,0.2723,0.5001
I:1172:0.4822,-0.0427,0.0851,0.1186,-0.4451,0.3920,0.4655,0.0361
F:0.9997@390
A:0.9997@390
T:1173:0.6296,-0.1987,0.0256,0.0829,-0.5315,-0.1564,0.2838,-0.3331
C:1173:0.0000,0.0000,0.0000,0.0000,0.0000,0.0000,0.0000,0.0000
M:1173:0.3745,0.3336,-0.2377,-0.6231,-0.2817,-0.1103,0.2725,0.5009
I:1174:0.4822,-0.0427,0.0851,0.1186,-0.4451,0.3920,0.4655,0.0361
F:0.9996@390
A:0.9996@390
T:1175:0.6296,-0.1987,0.0256,0.0829,-0.5315,-0.1564,0.2838,-0.3331
C:1176:0.0000,0.0000,0.0000,0.0000,0.0000,0.0000,0.0000,0.0000
M:1177:0.3743,0.3335,-0.2374,-0.6235,-0.2812,-0.1109,0.2728,0.5016
I:1177:0.4822,-0.0427,0.0851,0.1186,-0.4451,0.3920,0.4655,0.0361
F:0.9996@390
A:0.9996@390
T:1178:0.6296,-0.1987,0.0256,0.0829,-0.5315,-0.1564,0.2838,-0.3331
C:1178:0.0000,0.0000,0.0000,0.0000,0.0000,0.0000,0.0000,0.0000
M:1179:0.3739,0.3333,-0.2374,-0.6240,-0.2804,-0.1120,0.2731,0.5025
I:1179:0.4822,-0.0427,0.0851,0.1186,-0.4451,0.3920,0.4655,0.0361
F:0.9996@390
A:0.9996@390
T:117a:0.6296,-0.1987,0.0256,0.0829,-0.5315,-0.1564,0.2838,-0.3331
C:117a:0.0000,0.0000,0.0000,0.0000,0.0000,0.0000,0.0000,0.0000
M:117a:0.3738,0.3332,-0.2371,-0.6244,-0.2796,-0.1125,0.2734,0.5034
I:117a:0.4822,-0.0427,0.0851,0.1186,-0.4451,0.3920,0.4655,0.0361
F:0.9995@390
A:0.9995@390
T:117c:0.6296,-0.1987,0.0256,0.0829,-0.5315,-0.1564,0.2838,-0.3331
C:117c:0.0000,0.0000,0.0000,0.0000,0.0000,0.0000,0.0000,0.0000
M:117c:0.3736,0.3331,-0.2367,-0.6248,-0.2790,-0.1130,0.2735,0.5042
I:117c:0.4822,-0.0427,0.0851,0.1186,-0.4451,0.3920,0.4655,0.0361
F:0.9995@390
A:0.9995@390
T:117e:0.6296,-0.1987,0.0256,0.0829,-0.5315,-0.1564,0.2838,-0.3331
C:117e:0.0000,0.0000,0.0000,0.0000,0.0000,0.0000,0.0000,0.0000
M:117e:0.3733,0.3331,-0.2363,-0.6252,-0.2784,-0.1134,0.2737,0.5050
I:117f:0.4822,-0.0427,0.0851,0.1186,-0.4451,0.3920,0.4655,0.0361
F:0.9995@390
A:0.9995@390
T:1180:0.6296,-0.1987,0.0256,0.0829,-0.5315,-0.1564,0.2838,-0.3331
C:1180:0.0000,0.0000,0.0000,0.0000,0.0000,0.0000,0.0000,0.0000
M:1180:0.3730,0.3330,-0.2359,-0.6256,-0.2780,-0.1140,0.2739,0.5057
I:1180:0.4822,-0.0427,0.0851,0.1186,-0.4451,0.3920,0.4655,0.0361
F:0.9995@390
A:0.9995@390
T:1182:0.6296,-0.1987,0.0256,0.0829,-0.5315,-0.1564,0.2838,-0.3331
C:1182:0.0000,0.0000,0.0000,0.0000,0.0000,0.0000,0.0000,0.0000
M:1182:0.3727,0.3330,-0.2356,-0.6260,-0.2775,-0.1146,0.2741,0.5064
I:1182:0.4822,-0.0427,0.0851,0.1186,-0.4451,0.3920,0.4655,0.0361
F:0.9995@390
A:0.9995@390
T:1183:0.6296,-0.1987,0.0256,0.0829,-0.5315,-0.1564,0.2838,-0.3331
C:1183:0.0000,0.0000,0.0000,0.0000,0.0000,0.0000,0.0000,0.0000
M:1183:0.3725,0.3331,-0.2350,-0.6263,-0.2773,-0.1147,0.2741,0.5070
I:1184:0.4822,-0.0427,0.0851,0.1186,-0.4451,0.3920,0.4655,0.0361
F:0.9995@390
A:0.9995@390
T:1185:0.6296,-0.1987,0.0256,0.0829,-0.5315,-0.1564,0.2838,-0.3331
C:1185:0.0000,0.0000,0.0000,0.0000,0.0000,0.0000,0.0000,0.0000
M:1185:0.3722,0.3330,-0.2347,-0.6266,-0.2770,-0.1154,0.2743,0.5076
I:1186:0.4822,-0.0427,0.0851,0.1186,-0.4451,0.3920,0.4655,0.0361
F:0.9995@390
A:0.9995@390
T:1187:0.6296,-0.1987,0.0256,0.0829,-0.5315,-0.1564,0.2838,-0.3331
C:1188:0.0000,0.0000,0.0000,0.0000,0.0000,0.0000,0.0000,0.0000
M:1188:0.3720,0.3329,-0.2346,-0.6270,-0.2766,-0.1161,0.2745,0.5082
I:1188:0.4822,-0.0427,0.0851,0.1186,-0.4451,0.3920,0.4655,0.0361
F:0.9995@390
A:0.9995@390
T:1189:0.6296,-0.1987,0.0256,0.0829,-0.5315,-0.1564,0.2838,-0.3331
C:1189:0.0000,0.0000,0.0000,0.0000,0.0000,0.0000,0.0000,0.0000
M:1189:0.3718,0.3329,-0.2344,-0.6274,-0.2760,-0.1168,0.2748,0.5089
I:1189:0.4822,-0.0427,0.0851,0.1186,-0.4451,0.3920,0.4655,0.0361
F:0.9995@390
A:0.9995@390
T:118b:0.6296,-0.1987,0.0256,0.0829,-0.5315,-0.1564,0.2838,-0.3331
C:118b:0.0000,0.0000,0.0000,0.0000,0.0000,0.0000,0.0000,0.0000
M:118b:0.3716,0.3328,-0.2342,-0.6278,-0.2754,-0.1175,0.2750,0.5096
I:118b:0.4822,-0.0427,0.0851,0.1186,-0.4451,0.3920,0.4655,0.0361
F:0.9995@390
A:0.9995@390
T:118d:0.6296,-0.1987,0.0256,0.0829,-0.5315,-0.1564,0.2838,-0.3331
C:118d:0.0000,0.0000,0.0000,0.0000,0.0000,0.0000,0.0000,0.0000
M:118d:0.3714,0.3327,-0.2340,-0.6282,-0.2747,-0.1180,0.2752,0.5103
I:118e:0.4822,-0.0427,0.0851,0.1186,-0.4451,0.3920,0.4655,0.0361
F:0.9994@390
A:0.9994@390
T:118f:0.6296,-0.1987,0.0256,0.0829,-0.5315,-0.1564,0.2838,-0.3331
C:118f:0.0000,0.0000,0.0000,0.0000,0.0000,0.0000,0.0000,0.0000
M:118f:0.3712,0.3326,-0.2337,-0.6285,-0.2741,-0.1186,0.2754,0.5111
I:118f:0.4822,-0.0427,0.0851,0.1186,-0.4451,0.3920,0.4655,0.0361
F:0.9994@390
A:0.9994@390
T:1192:0.6296,-0.1987,0.0256,0.0829,-0.5315,-0.1564,0.2838,-0.3331
C:1192:0.0000,0.0000,0.0000,0.0000,0.0000,0.0000,0.0000,0.0000
M:1193:0.3709,0.3325,-0.2335,-0.6289,-0.2735,-0.1191,0.2756,0.5118
I:1193:0.4822,-0.0427,0.0851,0.1186,-0.4451,0.3920,0.4655,0.0361
F:0.9994@390
A:0.9994@390
{
  "exo_version": "0.12",
  "last_tick": 4500,
  "attractor": {
    "events": 1,
    "sim_mean": 0.9994
  },
  "memory": {
    "unique_patterns": 3,
    "familiarity_mean": 0.9993
  },
  "path_dependency_index": 1.9150,
  "sedimentation": true
}

T:1196:0.6296,-0.1987,0.0256,0.0829,-0.5315,-0.1564,0.2838,-0.3331
C:1196:0.0000,0.0000,0.0000,0.0000,0.0000,0.0000,0.0000,0.0000
M:1197:0.3705,0.3322,-0.2335,-0.6294,-0.2726,-0.1202,0.2759,0.5126
I:1197:0.4822,-0.0427,0.0851,0.1186,-0.4451,0.3920,0.4655,0.0361
F:0.9993@390
A:0.9993@390
T:1198:0.6296,-0.1987,0.0256,0.0829,-0.5315,-0.1564,0.2838,-0.3331
C:1198:0.0000,0.0000,0.0000,0.0000,0.0000,0.0000,0.0000,0.0000
M:1198:0.3701,0.3317,-0.2338,-0.6300,-0.2712,-0.1217,0.2765,0.5136
I:1199:0.4822,-0.0427,0.0851,0.1186,-0.4451,0.3920,0.4655,0.0361
F:0.9993@390
A:0.9993@390
T:119a:0.6296,-0.1987,0.0256,0.0829,-0.5315,-0.1564,0.2838,-0.3331
C:119b:0.0000,0.0000,0.0000,0.0000,0.0000,0.0000,0.0000,0.0000
M:119b:0.3700,0.3316,-0.2333,-0.6305,-0.2700,-0.1221,0.2767,0.5148
I:119b:0.4822,-0.0427,0.0851,0.1186,-0.4451,0.3920,0.4655,0.0361
F:0.9992@390
A:0.9992@390
T:119c:0.6296,-0.1987,0.0256,0.0829,-0.5315,-0.1564,0.2838,-0.3331
C:119c:0.0000,0.0000,0.0000,0.0000,0.0000,0.0000,0.0000,0.0000
M:119c:0.3697,0.3316,-0.2326,-0.6309,-0.2692,-0.1222,0.2768,0.5157
I:119c:0.4822,-0.0427,0.0851,0.1186,-0.4451,0.3920,0.4655,0.0361
F:0.9990@390
A:0.9990@390
T:119e:0.6296,-0.1987,0.0256,0.0829,-0.5315,-0.1564,0.2838,-0.3331
C:119e:0.0000,0.0000,0.0000,0.0000,0.0000,0.0000,0.0000,0.0000
M:119e:0.3692,0.3315,-0.2319,-0.6313,-0.2686,-0.1225,0.2769,0.5165
I:119f:0.4822,-0.0427,0.0851,0.1186,-0.4451,0.3920,0.4655,0.0361
F:0.9990@390
A:0.9990@390
T:11a0:0.6296,-0.1987,0.0256,0.0829,-0.5315,-0.1564,0.2838,-0.3331
C:11a0:0.0000,0.0000,0.0000,0.0000,0.0000,0.0000,0.0000,0.0000
M:11a0:0.3688,0.3314,-0.2313,-0.6316,-0.2682,-0.1230,0.2771,0.5171
I:11a1:0.4822,-0.0427,0.0851,0.1186,-0.4451,0.3920,0.4655,0.0361
F:0.9990@390
A:0.9990@390
T:11a2:0.6296,-0.1987,0.0256,0.0829,-0.5315,-0.1564,0.2838,-0.3331
C:11a2:0.0000,0.0000,0.0000,0.0000,0.0000,0.0000,0.0000,0.0000
M:11a2:0.3685,0.3313,-0.2309,-0.6319,-0.2679,-0.1237,0.2773,0.5178
I:11a2:0.4822,-0.0427,0.0851,0.1186,-0.4451,0.3920,0.4655,0.0361
F:0.9990@390
A:0.9990@390
T:11a4:0.6296,-0.1987,0.0256,0.0829,-0.5315,-0.1564,0.2838,-0.3331
C:11a4:0.0000,0.0000,0.0000,0.0000,0.0000,0.0000,0.0000,0.0000
M:11a5:0.3682,0.3312,-0.2305,-0.6323,-0.2675,-0.1243,0.2775,0.5184
I:11a5:0.4822,-0.0427,0.0851,0.1186,-0.4451,0.3920,0.4655,0.0361
F:0.9990@390
A:0.9990@390
T:11a6:0.6296,-0.1987,0.0256,0.0829,-0.5315,-0.1564,0.2838,-0.3331
C:11a6:0.0000,0.0000,0.0000,0.0000,0.0000,0.0000,0.0000,0.0000
M:11a6:0.3680,0.3311,-0.2302,-0.6327,-0.2670,-0.1250,0.2777,0.5191
I:11a7:0.4822,-0.0427,0.0851,0.1186,-0.4451,0.3920,0.4655,0.0361
F:0.9990@390
A:0.9990@390
T:11a8:0.6296,-0.1987,0.0256,0.0829,-0.5315,-0.1564,0.2838,-0.3331
C:11a8:0.0000,0.0000,0.0000,0.0000,0.0000,0.0000,0.0000,0.0000
M:11a8:0.3677,0.3311,-0.2300,-0.6330,-0.2665,-0.1256,0.2778,0.5197
I:11a9:0.4822,-0.0427,0.0851,0.1186,-0.4451,0.3920,0.4655,0.0361
F:0.9990@390
A:0.9990@390
T:11aa:0.6296,-0.1987,0.0256,0.0829,-0.5315,-0.1564,0.2838,-0.3331
C:11aa:0.0000,0.0000,0.0000,0.0000,0.0000,0.0000,0.0000,0.0000
M:11aa:0.3675,0.3310,-0.2297,-0.6334,-0.2659,-0.1262,0.2780,0.5204
I:11ab:0.4822,-0.0427,0.0851,0.1186,-0.4451,0.3920,0.4655,0.0361
F:0.9988@390
A:0.9988@390
T:11ac:0.6296,-0.1987,0.0256,0.0829,-0.5315,-0.1564,0.2838,-0.3331
C:11ac:0.0000,0.0000,0.0000,0.0000,0.0000,0.0000,0.0000,0.0000
M:11ac:0.3672,0.3309,-0.2294,-0.6338,-0.2653,-0.1268,0.2782,0.5211
I:11ac:0.4822,-0.0427,0.0851,0.1186,-0.4451,0.3920,0.4655,0.0361
F:0.9988@390
A:0.9988@390
T:11ae:0.6296,-0.1987,0.0256,0.0829,-0.5315,-0.1564,0.2838,-0.3331
C:11ae:0.0000,0.0000,0.0000,0.0000,0.0000,0.0000,0.0000,0.0000
M:11ae:0.3671,0.3310,-0.2288,-0.6341,-0.2649,-0.1269,0.2782,0.5216
I:11ae:0.4822,-0.0427,0.0851,0.1186,-0.4451,0.3920,0.4655,0.0361
F:0.9988@390
A:0.9988@390
T:11af:0.6296,-0.1987,0.0256,0.0829,-0.5315,-0.1564,0.2838,-0.3331
C:11af:0.0000,0.0000,0.0000,0.0000,0.0000,0.0000,0.0000,0.0000
M:11af:0.3667,0.3309,-0.2285,-0.6343,-0.2645,-0.1275,0.2784,0.5221
I:11b0:0.4822,-0.0427,0.0851,0.1186,-0.4451,0.3920,0.4655,0.0361
F:0.9988@390
A:0.9988@390
T:11b2:0.6296,-0.1987,0.0256,0.0829,-0.5315,-0.1564,0.2838,-0.3331
C:11b2:0.0000,0.0000,0.0000,0.0000,0.0000,0.0000,0.0000,0.0000
M:11b2:0.3664,0.3308,-0.2283,-0.6347,-0.2640,-0.1282,0.2786,0.5227
I:11b2:0.4822,-0.0427,0.0851,0.1186,-0.4451,0.3920,0.4655,0.0361
F:0.9988@390
A:0.9988@390
T:11b4:0.6296,-0.1987,0.0256,0.0829,-0.5315,-0.1564,0.2838,-0.3331
C:11b4:0.0000,0.0000,0.0000,0.0000,0.0000,0.0000,0.0000,0.0000
M:11b4:0.3662,0.3306,-0.2282,-0.6350,-0.2634,-0.1289,0.2788,0.5233
I:11b4:0.4822,-0.0427,0.0851,0.1186,-0.4451,0.3920,0.4655,0.0361
F:0.9988@390
A:0.9988@390
T:11b5:0.6296,-0.1987,0.0256,0.0829,-0.5315,-0.1564,0.2838,-0.3331
C:11b6:0.0000,0.0000,0.0000,0.0000,0.0000,0.0000,0.0000,0.0000
M:11b6:0.3660,0.3305,-0.2280,-0.6354,-0.2627,-0.1295,0.2790,0.5240
I:11b6:0.4822,-0.0427,0.0851,0.1186,-0.4451,0.3920,0.4655,0.0361
F:0.9988@390
A:0.9988@390
T:11b7:0.6296,-0.1987,0.0256,0.0829,-0.5315,-0.1564,0.2838,-0.3331
C:11b7:0.0000,0.0000,0.0000,0.0000,0.0000,0.0000,0.0000,0.0000
M:11b7:0.3657,0.3303,-0.2277,-0.6357,-0.2620,-0.1300,0.2792,0.5247
I:11b8:0.4822,-0.0427,0.0851,0.1186,-0.4451,0.3920,0.4655,0.0361
F:0.9987@390
A:0.9987@390
T:11b9:0.6296,-0.1987,0.0256,0.0829,-0.5315,-0.1564,0.2838,-0.3331
C:11b9:0.0000,0.0000,0.0000,0.0000,0.0000,0.0000,0.0000,0.0000
M:11b9:0.3654,0.3302,-0.2274,-0.6361,-0.2612,-0.1305,0.2794,0.5254
I:11ba:0.4822,-0.0427,0.0851,0.1186,-0.4451,0.3920,0.4655,0.0361
F:0.9987@390
A:0.9987@390
T:11bb:0.6296,-0.1987,0.0256,0.0829,-0.5315,-0.1564,0.2838,-0.3331
C:11bb:0.0000,0.0000,0.0000,0.0000,0.0000,0.0000,0.0000,0.0000
M:11bb:0.3651,0.3300,-0.2271,-0.6364,-0.2605,-0.1311,0.2796,0.5260
I:11bc:0.4822,-0.0427,0.0851,0.1186,-0.4451,0.3920,0.4655,0.0361
F:0.9987@390
A:0.9987@390
T:11bd:0.6296,-0.1987,0.0256,0.0829,-0.5315,-0.1564,0.2838,-0.3331
C:11bd:0.0000,0.0000,0.0000,0.0000,0.0000,0.0000,0.0000,0.0000
M:11be:0.3648,0.3299,-0.2268,-0.6367,-0.2598,-0.1316,0.2798,0.5267
I:11be:0.4822,-0.0427,0.0851,0.1186,-0.4451,0.3920,0.4655,0.0361
F:0.9985@390
A:0.9985@390
T:11bf:0.6296,-0.1987,0.0256,0.0829,-0.5315,-0.1564,0.2838,-0.3331
C:11bf:0.0000,0.0000,0.0000,0.0000,0.0000,0.0000,0.0000,0.0000
M:11c0:0.3645,0.3297,-0.2265,-0.6371,-0.2592,-0.1321,0.2800,0.5273
I:11c0:0.4822,-0.0427,0.0851,0.1186,-0.4451,0.3920,0.4655,0.0361
F:0.9985@390
A:0.9985@390
T:11c2:0.6296,-0.1987,0.0256,0.0829,-0.5315,-0.1564,0.2838,-0.3331
C:11c2:0.0000,0.0000,0.0000,0.0000,0.0000,0.0000,0.0000,0.0000
M:11c3:0.3642,0.3296,-0.2262,-0.6374,-0.2585,-0.1327,0.2801,0.5280
I:11c3:0.4822,-0.0427,0.0851,0.1186,-0.4451,0.3920,0.4655,0.0361
F:0.9985@390
A:0.9985@390
T:11c4:0.6296,-0.1987,0.0256,0.0829,-0.5315,-0.1564,0.2838,-0.3331
C:11c4:0.0000,0.0000,0.0000,0.0000,0.0000,0.0000,0.0000,0.0000
M:11c5:0.3638,0.3292,-0.2262,-0.6378,-0.2576,-0.1337,0.2805,0.5287
I:11c5:0.4822,-0.0427,0.0851,0.1186,-0.4451,0.3920,0.4655,0.0361
F:0.9985@390
A:0.9985@390
T:11c6:0.6296,-0.1987,0.0256,0.0829,-0.5315,-0.1564,0.2838,-0.3331
C:11c6:0.0000,0.0000,0.0000,0.0000,0.0000,0.0000,0.0000,0.0000
M:11c7:0.3636,0.3290,-0.2258,-0.6382,-0.2566,-0.1343,0.2807,0.5295
I:11c7:0.4822,-0.0427,0.0851,0.1186,-0.4451,0.3920,0.4655,0.0361
F:0.9985@390
A:0.9985@390
T:11c8:0.6296,-0.1987,0.0256,0.0829,-0.5315,-0.1564,0.2838,-0.3331
C:11c8:0.0000,0.0000,0.0000,0.0000,0.0000,0.0000,0.0000,0.0000
M:11c8:0.3633,0.3289,-0.2254,-0.6385,-0.2558,-0.1347,0.2808,0.5303
I:11c9:0.4822,-0.0427,0.0851,0.1186,-0.4451,0.3920,0.4655,0.0361
F:0.9983@390
A:0.9983@390
T:11ca:0.6296,-0.1987,0.0256,0.0829,-0.5315,-0.1564,0.2838,-0.3331
C:11ca:0.0000,0.0000,0.0000,0.0000,0.0000,0.0000,0.0000,0.0000
M:11cb:0.3629,0.3287,-0.2249,-0.6389,-0.2551,-0.1351,0.2810,0.5309
I:11cb:0.4822,-0.0427,0.0851,0.1186,-0.4451,0.3920,0.4655,0.0361
F:0.9983@390
A:0.9983@390
T:11cc:0.6296,-0.1987,0.0256,0.0829,-0.5315,-0.1564,0.2838,-0.3331
C:11cc:0.0000,0.0000,0.0000,0.0000,0.0000,0.0000,0.0000,0.0000
M:11cc:0.3625,0.3286,-0.2244,-0.6392,-0.2545,-0.1356,0.2811,0.5315
I:11cc:0.4822,-0.0427,0.0851,0.1186,-0.4451,0.3920,0.4655,0.0361
F:0.9983@390
A:0.9983@390
T:11ce:0.6296,-0.1987,0.0256,0.0829,-0.5315,-0.1564,0.2838,-0.3331
C:11ce:0.0000,0.0000,0.0000,0.0000,0.0000,0.0000,0.0000,0.0000
M:11ce:0.3621,0.3284,-0.2240,-0.6395,-0.2539,-0.1362,0.2813,0.5322
I:11ce:0.4822,-0.0427,0.0851,0.1186,-0.4451,0.3920,0.4655,0.0361
F:0.9983@390
A:0.9983@390
T:11cf:0.6296,-0.1987,0.0256,0.0829,-0.5315,-0.1564,0.2838,-0.3331
C:11d0:0.0000,0.0000,0.0000,0.0000,0.0000,0.0000,0.0000,0.0000
M:11d0:0.3619,0.3284,-0.2234,-0.6397,-0.2536,-0.1363,0.2814,0.5327
I:11d0:0.4822,-0.0427,0.0851,0.1186,-0.4451,0.3920,0.4655,0.0361
F:0.9983@390
A:0.9983@390
T:11d1:0.6296,-0.1987,0.0256,0.0829,-0.5315,-0.1564,0.2838,-0.3331
C:11d1:0.0000,0.0000,0.0000,0.0000,0.0000,0.0000,0.0000,0.0000
M:11d1:0.3615,0.3283,-0.2230,-0.6400,-0.2532,-0.1369,0.2815,0.5331
I:11d2:0.4822,-0.0427,0.0851,0.1186,-0.4451,0.3920,0.4655,0.0361
F:0.9982@390
A:0.9982@390
T:11d3:0.6296,-0.1987,0.0256,0.0829,-0.5315,-0.1564,0.2838,-0.3331
C:11d3:0.0000,0.0000,0.0000,0.0000,0.0000,0.0000,0.0000,0.0000
M:11d3:0.3612,0.3282,-0.2228,-0.6403,-0.2527,-0.1376,0.2817,0.5337
I:11d3:0.4822,-0.0427,0.0851,0.1186,-0.4451,0.3920,0.4655,0.0361
F:0.9982@390
A:0.9982@390
T:11d4:0.6296,-0.1987,0.0256,0.0829,-0.5315,-0.1564,0.2838,-0.3331
C:11d4:0.0000,0.0000,0.0000,0.0000,0.0000,0.0000,0.0000,0.0000
M:11d5:0.3611,0.3282,-0.2223,-0.6406,-0.2523,-0.1378,0.2818,0.5342
I:11d5:0.4822,-0.0427,0.0851,0.1186,-0.4451,0.3920,0.4655,0.0361
F:0.9982@390
A:0.9982@390
T:11d6:0.6296,-0.1987,0.0256,0.0829,-0.5315,-0.1564,0.2838,-0.3331
C:11d7:0.0000,0.0000,0.0000,0.0000,0.0000,0.0000,0.0000,0.0000
M:11d7:0.3608,0.3281,-0.2222,-0.6408,-0.2519,-0.1384,0.2819,0.5346
I:11d7:0.4822,-0.0427,0.0851,0.1186,-0.4451,0.3920,0.4655,0.0361
F:0.9982@390
A:0.9982@390
T:11d8:0.6296,-0.1987,0.0256,0.0829,-0.5315,-0.1564,0.2838,-0.3331
C:11d8:0.0000,0.0000,0.0000,0.0000,0.0000,0.0000,0.0000,0.0000
M:11d8:0.3605,0.3279,-0.2220,-0.6411,-0.2512,-0.1391,0.2821,0.5352
I:11d9:0.4822,-0.0427,0.0851,0.1186,-0.4451,0.3920,0.4655,0.0361
F:0.9982@390
A:0.9982@390
T:11da:0.6296,-0.1987,0.0256,0.0829,-0.5315,-0.1564,0.2838,-0.3331
C:11da:0.0000,0.0000,0.0000,0.0000,0.0000,0.0000,0.0000,0.0000
M:11da:0.3603,0.3277,-0.2219,-0.6415,-0.2504,-0.1397,0.2823,0.5358
I:11db:0.4822,-0.0427,0.0851,0.1186,-0.4451,0.3920,0.4655,0.0361
F:0.9982@390
A:0.9982@390
T:11dc:0.6296,-0.1987,0.0256,0.0829,-0.5315,-0.1564,0.2838,-0.3331
C:11dc:0.0000,0.0000,0.0000,0.0000,0.0000,0.0000,0.0000,0.0000
M:11dc:0.3600,0.3275,-0.2217,-0.6418,-0.2496,-0.1403,0.2825,0.5364
I:11dd:0.4822,-0.0427,0.0851,0.1186,-0.4451,0.3920,0.4655,0.0361
F:0.9979@390
A:0.9979@390
T:11de:0.6296,-0.1987,0.0256,0.0829,-0.5315,-0.1564,0.2838,-0.3331
C:11de:0.0000,0.0000,0.0000,0.0000,0.0000,0.0000,0.0000,0.0000
M:11de:0.3597,0.3273,-0.2214,-0.6421,-0.2488,-0.1408,0.2827,0.5371
I:11de:0.4822,-0.0427,0.0851,0.1186,-0.4451,0.3920,0.4655,0.0361
F:0.9977@390
A:0.9977@390
T:11e0:0.6296,-0.1987,0.0256,0.0829,-0.5315,-0.1564,0.2838,-0.3331
C:11e0:0.0000,0.0000,0.0000,0.0000,0.0000,0.0000,0.0000,0.0000
M:11e0:0.3595,0.3273,-0.2208,-0.6423,-0.2482,-0.1408,0.2827,0.5376
I:11e0:0.4822,-0.0427,0.0851,0.1186,-0.4451,0.3920,0.4655,0.0361
F:0.9977@390
A:0.9977@390
T:11e1:0.6296,-0.1987,0.0256,0.0829,-0.5315,-0.1564,0.2838,-0.3331
C:11e1:0.0000,0.0000,0.0000,0.0000,0.0000,0.0000,0.0000,0.0000
M:11e1:0.3591,0.3271,-0.2204,-0.6426,-0.2478,-0.1413,0.2829,0.5381
I:11e1:0.4822,-0.0427,0.0851,0.1186,-0.4451,0.3920,0.4655,0.0361
F:0.9977@390
A:0.9977@390
T:11e2:0.6296,-0.1987,0.0256,0.0829,-0.5315,-0.1564,0.2838,-0.3331
C:11e3:0.0000,0.0000,0.0000,0.0000,0.0000,0.0000,0.0000,0.0000
M:11e3:0.3588,0.3270,-0.2199,-0.6428,-0.2474,-0.1415,0.2829,0.5385
I:11e3:0.4822,-0.0427,0.0851,0.1186,-0.4451,0.3920,0.4655,0.0361
F:0.9976@390
A:0.9976@390
T:11e4:0.6296,-0.1987,0.0256,0.0829,-0.5315,-0.1564,0.2838,-0.3331
C:11e4:0.0000,0.0000,0.0000,0.0000,0.0000,0.0000,0.0000,0.0000
M:11e4:0.3584,0.3269,-0.2197,-0.6430,-0.2470,-0.1422,0.2831,0.5389
I:11e4:0.4822,-0.0427,0.0851,0.1186,-0.4451,0.3920,0.4655,0.0361
F:0.9976@390
A:0.9976@390
T:11e6:0.6296,-0.1987,0.0256,0.0829,-0.5315,-0.1564,0.2838,-0.3331
C:11e6:0.0000,0.0000,0.0000,0.0000,0.0000,0.0000,0.0000,0.0000
M:11e6:0.3582,0.3266,-0.2196,-0.6433,-0.2463,-0.1429,0.2833,0.5394
I:11e6:0.4822,-0.0427,0.0851,0.1186,-0.4451,0.3920,0.4655,0.0361
F:0.9976@390
A:0.9976@390
T:11e8:0.6296,-0.1987,0.0256,0.0829,-0.5315,-0.1564,0.2838,-0.3331
C:11e8:0.0000,0.0000,0.0000,0.0000,0.0000,0.0000,0.0000,0.0000
M:11e8:0.3580,0.3264,-0.2195,-0.6436,-0.2456,-0.1436,0.2835,0.5400
I:11e8:0.4822,-0.0427,0.0851,0.1186,-0.4451,0.3920,0.4655,0.0361
F:0.9974@390
A:0.9974@390
T:11ea:0.6296,-0.1987,0.0256,0.0829,-0.5315,-0.1564,0.2838,-0.3331
C:11eb:0.0000,0.0000,0.0000,0.0000,0.0000,0.0000,0.0000,0.0000
M:11eb:0.3577,0.3262,-0.2193,-0.6440,-0.2447,-0.1441,0.2837,0.5406
I:11eb:0.4822,-0.0427,0.0851,0.1186,-0.4451,0.3920,0.4655,0.0361
F:0.9974@390
A:0.9974@390
T:11ec:0.6296,-0.1987,0.0256,0.0829,-0.5315,-0.1564,0.2838,-0.3331
C:11ec:0.0000,0.0000,0.0000,0.0000,0.0000,0.0000,0.0000,0.0000
M:11ec:0.3574,0.3260,-0.2190,-0.6443,-0.2438,-0.1446,0.2839,0.5413
I:11ec:0.4822,-0.0427,0.0851,0.1186,-0.4451,0.3920,0.4655,0.0361
F:0.9974@390
A:0.9974@390
T:11ed:0.6296,-0.1987,0.0256,0.0829,-0.5315,-0.1564,0.2838,-0.3331
C:11ee:0.0000,0.0000,0.0000,0.0000,0.0000,0.0000,0.0000,0.0000
M:11ee:0.3572,0.3260,-0.2183,-0.6445,-0.2432,-0.1446,0.2839,0.5418
I:11ee:0.4822,-0.0427,0.0851,0.1186,-0.4451,0.3920,0.4655,0.0361
F:0.9974@390
A:0.9974@390
T:11ef:0.6296,-0.1987,0.0256,0.0829,-0.5315,-0.1564,0.2838,-0.3331
C:11ef:0.0000,0.0000,0.0000,0.0000,0.0000,0.0000,0.0000,0.0000
M:11ef:0.3567,0.3258,-0.2180,-0.6447,-0.2427,-0.1451,0.2840,0.5423
I:11ef:0.4822,-0.0427,0.0851,0.1186,-0.4451,0.3920,0.4655,0.0361
F:0.9974@390
A:0.9974@390
T:11f1:0.6296,-0.1987,0.0256,0.0829,-0.5315,-0.1564,0.2838,-0.3331
C:11f1:0.0000,0.0000,0.0000,0.0000,0.0000,0.0000,0.0000,0.0000
M:11f1:0.3563,0.3255,-0.2177,-0.6450,-0.2421,-0.1457,0.2843,0.5428
I:11f2:0.4822,-0.0427,0.0851,0.1186,-0.4451,0.3920,0.4655,0.0361
F:0.9974@390
A:0.9974@390
T:11f3:0.6296,-0.1987,0.0256,0.0829,-0.5315,-0.1564,0.2838,-0.3331
C:11f3:0.0000,0.0000,0.0000,0.0000,0.0000,0.0000,0.0000,0.0000
M:11f3:0.3561,0.3253,-0.2175,-0.6453,-0.2413,-0.1464,0.2845,0.5433
I:11f3:0.4822,-0.0427,0.0851,0.1186,-0.4451,0.3920,0.4655,0.0361
F:0.9974@390
A:0.9974@390
T:11f5:0.6296,-0.1987,0.0256,0.0829,-0.5315,-0.1564,0.2838,-0.3331
C:11f5:0.0000,0.0000,0.0000,0.0000,0.0000,0.0000,0.0000,0.0000
M:11f5:0.3558,0.3251,-0.2173,-0.6456,-0.2405,-0.1470,0.2846,0.5439
I:11f5:0.4822,-0.0427,0.0851,0.1186,-0.4451,0.3920,0.4655,0.0361
F:0.9974@390
A:0.9974@390
T:11f7:0.6296,-0.1987,0.0256,0.0829,-0.5315,-0.1564,0.2838,-0.3331
C:11f7:0.0000,0.0000,0.0000,0.0000,0.0000,0.0000,0.0000,0.0000
M:11f7:0.3555,0.3249,-0.2170,-0.6459,-0.2397,-0.1475,0.2848,0.5445
I:11f7:0.4822,-0.0427,0.0851,0.1186,-0.4451,0.3920,0.4655,0.0361
F:0.9972@390
A:0.9972@390
T:11f9:0.6296,-0.1987,0.0256,0.0829,-0.5315,-0.1564,0.2838,-0.3331
C:11f9:0.0000,0.0000,0.0000,0.0000,0.0000,0.0000,0.0000,0.0000
M:11f9:0.3551,0.3246,-0.2166,-0.6462,-0.2389,-0.1480,0.2850,0.5451
I:11f9:0.4822,-0.0427,0.0851,0.1186,-0.4451,0.3920,0.4655,0.0361
F:0.9972@390
A:0.9972@390
T:11fb:0.6296,-0.1987,0.0256,0.0829,-0.5315,-0.1564,0.2838,-0.3331
C:11fb:0.0000,0.0000,0.0000,0.0000,0.0000,0.0000,0.0000,0.0000
M:11fc:0.3548,0.3244,-0.2163,-0.6465,-0.2380,-0.1485,0.2851,0.5457
I:11fc:0.4822,-0.0427,0.0851,0.1186,-0.4451,0.3920,0.4655,0.0361
F:0.9972@390
A:0.9972@390
T:11fe:0.6296,-0.1987,0.0256,0.0829,-0.5315,-0.1564,0.2838,-0.3331
C:11ff:0.0000,0.0000,0.0000,0.0000,0.0000,0.0000,0.0000,0.0000
M:11ff:0.3544,0.3242,-0.2159,-0.6468,-0.2373,-0.1490,0.2853,0.5463
I:11ff:0.4822,-0.0427,0.0851,0.1186,-0.4451,0.3920,0.4655,0.0361
F:0.9972@390
A:0.9972@390
T:1200:0.6296,-0.1987,0.0256,0.0829,-0.5315,-0.1564,0.2838,-0.3331
C:1200:0.0000,0.0000,0.0000,0.0000,0.0000,0.0000,0.0000,0.0000
M:1200:0.3539,0.3238,-0.2158,-0.6471,-0.2362,-0.1500,0.2856,0.5470
I:1200:0.4822,-0.0427,0.0851,0.1186,-0.4451,0.3920,0.4655,0.0361
F:0.9972@390
A:0.9972@390
T:1201:0.6296,-0.1987,0.0256,0.0829,-0.5315,-0.1564,0.2838,-0.3331
C:1202:0.0000,0.0000,0.0000,0.0000,0.0000,0.0000,0.0000,0.0000
M:1202:0.3537,0.3237,-0.2151,-0.6474,-0.2354,-0.1500,0.2857,0.5476
I:1202:0.4822,-0.0427,0.0851,0.1186,-0.4451,0.3920,0.4655,0.0361
F:0.9972@390
A:0.9972@390
T:1203:0.6296,-0.1987,0.0256,0.0829,-0.5315,-0.1564,0.2838,-0.3331
C:1203:0.0000,0.0000,0.0000,0.0000,0.0000,0.0000,0.0000,0.0000
M:1203:0.3533,0.3235,-0.2146,-0.6476,-0.2348,-0.1504,0.2857,0.5481
I:1204:0.4822,-0.0427,0.0851,0.1186,-0.4451,0.3920,0.4655,0.0361
F:0.9970@390
A:0.9970@390
T:1205:0.6296,-0.1987,0.0256,0.0829,-0.5315,-0.1564,0.2838,-0.3331
C:1205:0.0000,0.0000,0.0000,0.0000,0.0000,0.0000,0.0000,0.0000
M:1205:0.3528,0.3233,-0.2142,-0.6479,-0.2342,-0.1509,0.2859,0.5486
I:1206:0.4822,-0.0427,0.0851,0.1186,-0.4451,0.3920,0.4655,0.0361
F:0.9970@390
A:0.9970@390
T:1207:0.6296,-0.1987,0.0256,0.0829,-0.5315,-0.1564,0.2838,-0.3331
C:1207:0.0000,0.0000,0.0000,0.0000,0.0000,0.0000,0.0000,0.0000
M:1207:0.3525,0.3230,-0.2138,-0.6482,-0.2335,-0.1515,0.2861,0.5491
I:1207:0.4822,-0.0427,0.0851,0.1186,-0.4451,0.3920,0.4655,0.0361
F:0.9970@390
A:0.9970@390
T:1209:0.6296,-0.1987,0.0256,0.0829,-0.5315,-0.1564,0.2838,-0.3331
C:1209:0.0000,0.0000,0.0000,0.0000,0.0000,0.0000,0.0000,0.0000
M:1209:0.3522,0.3230,-0.2131,-0.6484,-0.2330,-0.1517,0.2861,0.5496
I:1209:0.4822,-0.0427,0.0851,0.1186,-0.4451,0.3920,0.4655,0.0361
F:0.9970@390
A:0.9970@390
T:120a:0.6296,-0.1987,0.0256,0.0829,-0.5315,-0.1564,0.2838,-0.3331
C:120a:0.0000,0.0000,0.0000,0.0000,0.0000,0.0000,0.0000,0.0000
M:120a:0.3518,0.3228,-0.2128,-0.6486,-0.2326,-0.1522,0.2862,0.5500
I:120a:0.4822,-0.0427,0.0851,0.1186,-0.4451,0.3920,0.4655,0.0361
F:0.9968@390
A:0.9968@390
T:120c:0.6296,-0.1987,0.0256,0.0829,-0.5315,-0.1564,0.2838,-0.3331
C:120c:0.0000,0.0000,0.0000,0.0000,0.0000,0.0000,0.0000,0.0000
M:120d:0.3516,0.3228,-0.2123,-0.6488,-0.2322,-0.1524,0.2863,0.5504
I:120d:0.4822,-0.0427,0.0851,0.1186,-0.4451,0.3920,0.4655,0.0361
F:0.9968@390
A:0.9968@390
T:120e:0.6296,-0.1987,0.0256,0.0829,-0.5315,-0.1564,0.2838,-0.3331
C:120f:0.0000,0.0000,0.0000,0.0000,0.0000,0.0000,0.0000,0.0000
M:120f:0.3511,0.3224,-0.2124,-0.6491,-0.2315,-0.1535,0.2866,0.5509
I:120f:0.4822,-0.0427,0.0851,0.1186,-0.4451,0.3920,0.4655,0.0361
F:0.9968@390
A:0.9968@390
T:1210:0.6296,-0.1987,0.0256,0.0829,-0.5315,-0.1564,0.2838,-0.3331
C:1210:0.0000,0.0000,0.0000,0.0000,0.0000,0.0000,0.0000,0.0000
M:1210:0.3509,0.3222,-0.2123,-0.6494,-0.2305,-0.1542,0.2868,0.5515
I:1211:0.4822,-0.0427,0.0851,0.1186,-0.4451,0.3920,0.4655,0.0361
F:0.9968@390
A:0.9968@390
T:1212:0.6296,-0.1987,0.0256,0.0829,-0.5315,-0.1564,0.2838,-0.3331
C:1212:0.0000,0.0000,0.0000,0.0000,0.0000,0.0000,0.0000,0.0000
M:1212:0.3507,0.3219,-0.2120,-0.6497,-0.2294,-0.1547,0.2870,0.5522
I:1212:0.4822,-0.0427,0.0851,0.1186,-0.4451,0.3920,0.4655,0.0361
F:0.9965@390
A:0.9965@390
T:1213:0.6296,-0.1987,0.0256,0.0829,-0.5315,-0.1564,0.2838,-0.3331
C:1213:0.0000,0.0000,0.0000,0.0000,0.0000,0.0000,0.0000,0.0000
M:1214:0.3504,0.3219,-0.2113,-0.6500,-0.2288,-0.1547,0.2870,0.5527
I:1214:0.4822,-0.0427,0.0851,0.1186,-0.4451,0.3920,0.4655,0.0361
F:0.9965@390
A:0.9965@390
T:1215:0.6296,-0.1987,0.0256,0.0829,-0.5315,-0.1564,0.2838,-0.3331
C:1215:0.0000,0.0000,0.0000,0.0000,0.0000,0.0000,0.0000,0.0000
M:1215:0.3499,0.3217,-0.2109,-0.6502,-0.2282,-0.1551,0.2871,0.5531
I:1216:0.4822,-0.0427,0.0851,0.1186,-0.4451,0.3920,0.4655,0.0361
F:0.9963@390
A:0.9963@390
T:1217:0.6296,-0.1987,0.0256,0.0829,-0.5315,-0.1564,0.2838,-0.3331
C:1217:0.0000,0.0000,0.0000,0.0000,0.0000,0.0000,0.0000,0.0000
M:1217:0.3494,0.3214,-0.2105,-0.6504,-0.2275,-0.1557,0.2873,0.5536
I:1218:0.4822,-0.0427,0.0851,0.1186,-0.4451,0.3920,0.4655,0.0361
F:0.9963@390
A:0.9963@390
T:1219:0.6296,-0.1987,0.0256,0.0829,-0.5315,-0.1564,0.2838,-0.3331
C:1219:0.0000,0.0000,0.0000,0.0000,0.0000,0.0000,0.0000,0.0000
M:1219:0.3491,0.3211,-0.2103,-0.6507,-0.2267,-0.1563,0.2875,0.5541
I:121a:0.4822,-0.0427,0.0851,0.1186,-0.4451,0.3920,0.4655,0.0361
F:0.9963@390
A:0.9963@390
T:121b:0.6296,-0.1987,0.0256,0.0829,-0.5315,-0.1564,0.2838,-0.3331
C:121b:0.0000,0.0000,0.0000,0.0000,0.0000,0.0000,0.0000,0.0000
M:121b:0.3488,0.3208,-0.2099,-0.6510,-0.2259,-0.1569,0.2876,0.5547
I:121b:0.4822,-0.0427,0.0851,0.1186,-0.4451,0.3920,0.4655,0.0361
F:0.9961@390
A:0.9961@390
T:121c:0.6296,-0.1987,0.0256,0.0829,-0.5315,-0.1564,0.2838,-0.3331
C:121d:0.0000,0.0000,0.0000,0.0000,0.0000,0.0000,0.0000,0.0000
M:121d:0.3486,0.3208,-0.2093,-0.6512,-0.2253,-0.1569,0.2876,0.5551
I:121d:0.4822,-0.0427,0.0851,0.1186,-0.4451,0.3920,0.4655,0.0361
F:0.9961@390
A:0.9961@390
T:121e:0.6296,-0.1987,0.0256,0.0829,-0.5315,-0.1564,0.2838,-0.3331
C:121e:0.0000,0.0000,0.0000,0.0000,0.0000,0.0000,0.0000,0.0000
M:121e:0.3481,0.3206,-0.2089,-0.6514,-0.2248,-0.1574,0.2877,0.5556
I:121e:0.4822,-0.0427,0.0851,0.1186,-0.4451,0.3920,0.4655,0.0361
F:0.9961@390
A:0.9961@390
T:1220:0.6296,-0.1987,0.0256,0.0829,-0.5315,-0.1564,0.2838,-0.3331
C:1220:0.0000,0.0000,0.0000,0.0000,0.0000,0.0000,0.0000,0.0000
M:1221:0.3477,0.3203,-0.2087,-0.6516,-0.2241,-0.1581,0.2879,0.5560
I:1221:0.4822,-0.0427,0.0851,0.1186,-0.4451,0.3920,0.4655,0.0361
F:0.9961@390
A:0.9961@390
T:1222:0.6296,-0.1987,0.0256,0.0829,-0.5315,-0.1564,0.2838,-0.3331
C:1222:0.0000,0.0000,0.0000,0.0000,0.0000,0.0000,0.0000,0.0000
M:1222:0.3474,0.3201,-0.2084,-0.6519,-0.2233,-0.1587,0.2881,0.5565
I:1222:0.4822,-0.0427,0.0851,0.1186,-0.4451,0.3920,0.4655,0.0361
F:0.9961@390
A:0.9961@390
T:1223:0.6296,-0.1987,0.0256,0.0829,-0.5315,-0.1564,0.2838,-0.3331
C:1224:0.0000,0.0000,0.0000,0.0000,0.0000,0.0000,0.0000,0.0000
M:1224:0.3472,0.3200,-0.2078,-0.6521,-0.2227,-0.1588,0.2881,0.5570
I:1224:0.4822,-0.0427,0.0851,0.1186,-0.4451,0.3920,0.4655,0.0361
F:0.9961@390
A:0.9961@390
T:1226:0.6296,-0.1987,0.0256,0.0829,-0.5315,-0.1564,0.2838,-0.3331
C:1226:0.0000,0.0000,0.0000,0.0000,0.0000,0.0000,0.0000,0.0000
M:1226:0.3466,0.3196,-0.2078,-0.6524,-0.2218,-0.1597,0.2884,0.5575
I:1227:0.4822,-0.0427,0.0851,0.1186,-0.4451,0.3920,0.4655,0.0361
F:0.9961@390
A:0.9961@390
T:1228:0.6296,-0.1987,0.0256,0.0829,-0.5315,-0.1564,0.2838,-0.3331
C:1228:0.0000,0.0000,0.0000,0.0000,0.0000,0.0000,0.0000,0.0000
M:1228:0.3463,0.3193,-0.2076,-0.6527,-0.2207,-0.1603,0.2886,0.5581
I:1228:0.4822,-0.0427,0.0851,0.1186,-0.4451,0.3920,0.4655,0.0361
F:0.9958@390
A:0.9958@390
T:122b:0.6296,-0.1987,0.0256,0.0829,-0.5315,-0.1564,0.2838,-0.3331
C:122b:0.0000,0.0000,0.0000,0.0000,0.0000,0.0000,0.0000,0.0000
M:122b:0.3460,0.3190,-0.2072,-0.6530,-0.2197,-0.1608,0.2888,0.5587
I:122b:0.4822,-0.0427,0.0851,0.1186,-0.4451,0.3920,0.4655,0.0361
F:0.9955@390
A:0.9955@390
T:122c:0.6296,-0.1987,0.0256,0.0829,-0.5315,-0.1564,0.2838,-0.3331
C:122c:0.0000,0.0000,0.0000,0.0000,0.0000,0.0000,0.0000,0.0000
M:122c:0.3456,0.3187,-0.2067,-0.6532,-0.2188,-0.1612,0.2889,0.5593
I:122c:0.4822,-0.0427,0.0851,0.1186,-0.4451,0.3920,0.4655,0.0361
F:0.9955@390
A:0.9955@390
T:122e:0.6296,-0.1987,0.0256,0.0829,-0.5315,-0.1564,0.2838,-0.3331
C:122e:0.0000,0.0000,0.0000,0.0000,0.0000,0.0000,0.0000,0.0000
M:122e:0.3452,0.3186,-0.2059,-0.6534,-0.2182,-0.1612,0.2889,0.5598
I:122e:0.4822,-0.0427,0.0851,0.1186,-0.4451,0.3920,0.4655,0.0361
F:0.9955@390
A:0.9955@390
T:122f:0.6296,-0.1987,0.0256,0.0829,-0.5315,-0.1564,0.2838,-0.3331
C:122f:0.0000,0.0000,0.0000,0.0000,0.0000,0.0000,0.0000,0.0000
M:122f:0.3447,0.3184,-0.2054,-0.6536,-0.2177,-0.1616,0.2890,0.5601
I:122f:0.4822,-0.0427,0.0851,0.1186,-0.4451,0.3920,0.4655,0.0361
F:0.9953@390
A:0.9953@390
T:1230:0.6296,-0.1987,0.0256,0.0829,-0.5315,-0.1564,0.2838,-0.3331
C:1231:0.0000,0.0000,0.0000,0.0000,0.0000,0.0000,0.0000,0.0000
M:1231:0.3443,0.3183,-0.2047,-0.6538,-0.2173,-0.1618,0.2890,0.5605
I:1231:0.4822,-0.0427,0.0851,0.1186,-0.4451,0.3920,0.4655,0.0361
F:0.9953@390
A:0.9953@390
T:1233:0.6296,-0.1987,0.0256,0.0829,-0.5315,-0.1564,0.2838,-0.3331
C:1233:0.0000,0.0000,0.0000,0.0000,0.0000,0.0000,0.0000,0.0000
M:1233:0.3438,0.3179,-0.2048,-0.6540,-0.2166,-0.1629,0.2893,0.5609
I:1234:0.4822,-0.0427,0.0851,0.1186,-0.4451,0.3920,0.4655,0.0361
F:0.9953@390
A:0.9953@390
T:1235:0.6296,-0.1987,0.0256,0.0829,-0.5315,-0.1564,0.2838,-0.3331
C:1235:0.0000,0.0000,0.0000,0.0000,0.0000,0.0000,0.0000,0.0000
M:1235:0.3436,0.3176,-0.2046,-0.6543,-0.2156,-0.1636,0.2896,0.5615
I:1236:0.4822,-0.0427,0.0851,0.1186,-0.4451,0.3920,0.4655,0.0361
F:0.9953@390
A:0.9953@390
T:1237:0.6296,-0.1987,0.0256,0.0829,-0.5315,-0.1564,0.2838,-0.3331
C:1237:0.0000,0.0000,0.0000,0.0000,0.0000,0.0000,0.0000,0.0000
M:1237:0.3433,0.3173,-0.2043,-0.6546,-0.2146,-0.1641,0.2897,0.5621
I:1237:0.4822,-0.0427,0.0851,0.1186,-0.4451,0.3920,0.4655,0.0361
F:0.9953@390
A:0.9953@390
T:1239:0.6296,-0.1987,0.0256,0.0829,-0.5315,-0.1564,0.2838,-0.3331
C:1239:0.0000,0.0000,0.0000,0.0000,0.0000,0.0000,0.0000,0.0000
M:1239:0.3429,0.3171,-0.2039,-0.6549,-0.2136,-0.1646,0.2898,0.5627
I:123a:0.4822,-0.0427,0.0851,0.1186,-0.4451,0.3920,0.4655,0.0361
F:0.9953@390
A:0.9953@390
T:123c:0.6296,-0.1987,0.0256,0.0829,-0.5315,-0.1564,0.2838,-0.3331
C:123c:0.0000,0.0000,0.0000,0.0000,0.0000,0.0000,0.0000,0.0000
M:123c:0.3425,0.3168,-0.2034,-0.6552,-0.2126,-0.1649,0.2899,0.5632
I:123c:0.4822,-0.0427,0.0851,0.1186,-0.4451,0.3920,0.4655,0.0361
F:0.9953@390
A:0.9953@390
T:123e:0.6296,-0.1987,0.0256,0.0829,-0.5315,-0.1564,0.2838,-0.3331
C:123e:0.0000,0.0000,0.0000,0.0000,0.0000,0.0000,0.0000,0.0000
M:123e:0.3420,0.3165,-0.2029,-0.6554,-0.2117,-0.1654,0.2901,0.5637
I:123e:0.4822,-0.0427,0.0851,0.1186,-0.4451,0.3920,0.4655,0.0361
F:0.9952@390
A:0.9952@390
T:123f:0.6296,-0.1987,0.0256,0.0829,-0.5315,-0.1564,0.2838,-0.3331
C:123f:0.0000,0.0000,0.0000,0.0000,0.0000,0.0000,0.0000,0.0000
M:123f:0.3415,0.3162,-0.2024,-0.6556,-0.2109,-0.1658,0.2902,0.5642
I:1240:0.4822,-0.0427,0.0851,0.1186,-0.4451,0.3920,0.4655,0.0361
F:0.9952@390
A:0.9952@390
T:1241:0.6296,-0.1987,0.0256,0.0829,-0.5315,-0.1564,0.2838,-0.3331
C:1241:0.0000,0.0000,0.0000,0.0000,0.0000,0.0000,0.0000,0.0000
M:1241:0.3410,0.3159,-0.2019,-0.6559,-0.2100,-0.1663,0.2904,0.5647
I:1242:0.4822,-0.0427,0.0851,0.1186,-0.4451,0.3920,0.4655,0.0361
F:0.9952@390
A:0.9952@390
T:1243:0.6296,-0.1987,0.0256,0.0829,-0.5315,-0.1564,0.2838,-0.3331
C:1243:0.0000,0.0000,0.0000,0.0000,0.0000,0.0000,0.0000,0.0000
M:1243:0.3406,0.3156,-0.2014,-0.6561,-0.2092,-0.1668,0.2905,0.5652
I:1244:0.4822,-0.0427,0.0851,0.1186,-0.4451,0.3920,0.4655,0.0361
F:0.9949@390
A:0.9949@390
T:1245:0.6296,-0.1987,0.0256,0.0829,-0.5315,-0.1564,0.2838,-0.3331
C:1245:0.0000,0.0000,0.0000,0.0000,0.0000,0.0000,0.0000,0.0000
M:1245:0.3402,0.3153,-0.2010,-0.6563,-0.2084,-0.1673,0.2906,0.5657
I:1245:0.4822,-0.0427,0.0851,0.1186,-0.4451,0.3920,0.4655,0.0361
F:0.9949@390
A:0.9949@390
T:1248:0.6296,-0.1987,0.0256,0.0829,-0.5315,-0.1564,0.2838,-0.3331
C:1248:0.0000,0.0000,0.0000,0.0000,0.0000,0.0000,0.0000,0.0000
M:1248:0.3398,0.3151,-0.2005,-0.6566,-0.2076,-0.1679,0.2908,0.5662
I:1248:0.4822,-0.0427,0.0851,0.1186,-0.4451,0.3920,0.4655,0.0361
F:0.9947@390
A:0.9947@390
T:1249:0.6296,-0.1987,0.0256,0.0829,-0.5315,-0.1564,0.2838,-0.3331
C:1249:0.0000,0.0000,0.0000,0.0000,0.0000,0.0000,0.0000,0.0000
M:1249:0.3393,0.3148,-0.2000,-0.6568,-0.2068,-0.1684,0.2909,0.5667
I:1249:0.4822,-0.0427,0.0851,0.1186,-0.4451,0.3920,0.4655,0.0361
F:0.9947@390
A:0.9947@390
T:124b:0.6296,-0.1987,0.0256,0.0829,-0.5315,-0.1564,0.2838,-0.3331
C:124c:0.0000,0.0000,0.0000,0.0000,0.0000,0.0000,0.0000,0.0000
M:124c:0.3389,0.3145,-0.1996,-0.6571,-0.2059,-0.1689,0.2910,0.5672
I:124c:0.4822,-0.0427,0.0851,0.1186,-0.4451,0.3920,0.4655,0.0361
F:0.9945@390
A:0.9945@390
T:124e:0.6296,-0.1987,0.0256,0.0829,-0.5315,-0.1564,0.2838,-0.3331
C:124e:0.0000,0.0000,0.0000,0.0000,0.0000,0.0000,0.0000,0.0000
M:124e:0.3384,0.3141,-0.1995,-0.6574,-0.2048,-0.1698,0.2913,0.5678
I:124e:0.4822,-0.0427,0.0851,0.1186,-0.4451,0.3920,0.4655,0.0361
F:0.9945@390
A:0.9945@390
T:124f:0.6296,-0.1987,0.0256,0.0829,-0.5315,-0.1564,0.2838,-0.3331
C:1250:0.0000,0.0000,0.0000,0.0000,0.0000,0.0000,0.0000,0.0000
M:1250:0.3381,0.3139,-0.1986,-0.6576,-0.2039,-0.1698,0.2913,0.5684
I:1250:0.4822,-0.0427,0.0851,0.1186,-0.4451,0.3920,0.4655,0.0361
F:0.9945@390
A:0.9945@390
T:1251:0.6296,-0.1987,0.0256,0.0829,-0.5315,-0.1564,0.2838,-0.3331
C:1251:0.0000,0.0000,0.0000,0.0000,0.0000,0.0000,0.0000,0.0000
M:1252:0.3376,0.3137,-0.1980,-0.6578,-0.2032,-0.1702,0.2914,0.5688
I:1252:0.4822,-0.0427,0.0851,0.1186,-0.4451,0.3920,0.4655,0.0361
F:0.9942@390
A:0.9942@390
T:1253:0.6296,-0.1987,0.0256,0.0829,-0.5315,-0.1564,0.2838,-0.3331
C:1253:0.0000,0.0000,0.0000,0.0000,0.0000,0.0000,0.0000,0.0000
M:1253:0.3370,0.3134,-0.1975,-0.6580,-0.2024,-0.1707,0.2915,0.5693
I:1253:0.4822,-0.0427,0.0851,0.1186,-0.4451,0.3920,0.4655,0.0361
F:0.9942@390
A:0.9942@390
T:1255:0.6296,-0.1987,0.0256,0.0829,-0.5315,-0.1564,0.2838,-0.3331
C:1255:0.0000,0.0000,0.0000,0.0000,0.0000,0.0000,0.0000,0.0000
M:1255:0.3366,0.3131,-0.1971,-0.6583,-0.2017,-0.1712,0.2917,0.5697
I:1256:0.4822,-0.0427,0.0851,0.1186,-0.4451,0.3920,0.4655,0.0361
F:0.9942@390
A:0.9942@390
T:1257:0.6296,-0.1987,0.0256,0.0829,-0.5315,-0.1564,0.2838,-0.3331
C:1257:0.0000,0.0000,0.0000,0.0000,0.0000,0.0000,0.0000,0.0000
M:1257:0.3362,0.3128,-0.1966,-0.6585,-0.2009,-0.1718,0.2918,0.5702
I:1257:0.4822,-0.0427,0.0851,0.1186,-0.4451,0.3920,0.4655,0.0361
F:0.9939@390
A:0.9939@390
T:1259:0.6296,-0.1987,0.0256,0.0829,-0.5315,-0.1564,0.2838,-0.3331
C:1259:0.0000,0.0000,0.0000,0.0000,0.0000,0.0000,0.0000,0.0000
M:1259:0.3359,0.3127,-0.1959,-0.6587,-0.2003,-0.1719,0.2918,0.5706
I:1259:0.4822,-0.0427,0.0851,0.1186,-0.4451,0.3920,0.4655,0.0361
F:0.9939@390
A:0.9939@390
T:125b:0.6296,-0.1987,0.0256,0.0829,-0.5315,-0.1564,0.2838,-0.3331
C:125b:0.0000,0.0000,0.0000,0.0000,0.0000,0.0000,0.0000,0.0000
M:125b:0.3353,0.3123,-0.1958,-0.6589,-0.1995,-0.1728,0.2920,0.5710
I:125b:0.4822,-0.0427,0.0851,0.1186,-0.4451,0.3920,0.4655,0.0361
F:0.9936@390
A:0.9936@390
{
  "exo_version": "0.12",
  "last_tick": 4700,
  "attractor": {
    "events": 1,
    "sim_mean": 0.9936
  },
  "memory": {
    "unique_patterns": 3,
    "familiarity_mean": 0.9936
  },
  "path_dependency_index": 1.9150,
  "sedimentation": true
}

T:125d:0.6296,-0.1987,0.0256,0.0829,-0.5315,-0.1564,0.2838,-0.3331
C:125d:0.0000,0.0000,0.0000,0.0000,0.0000,0.0000,0.0000,0.0000
M:125e:0.3350,0.3122,-0.1951,-0.6591,-0.1988,-0.1730,0.2921,0.5715
I:125e:0.4822,-0.0427,0.0851,0.1186,-0.4451,0.3920,0.4655,0.0361
F:0.9936@390
A:0.9936@390
T:1260:0.6296,-0.1987,0.0256,0.0829,-0.5315,-0.1564,0.2838,-0.3331
C:1260:0.0000,0.0000,0.0000,0.0000,0.0000,0.0000,0.0000,0.0000
M:1260:0.3345,0.3117,-0.1950,-0.6594,-0.1977,-0.1739,0.2923,0.5720
I:1260:0.4822,-0.0427,0.0851,0.1186,-0.4451,0.3920,0.4655,0.0361
F:0.9936@390
A:0.9936@390
T:1262:0.6296,-0.1987,0.0256,0.0829,-0.5315,-0.1564,0.2838,-0.3331
C:1262:0.0000,0.0000,0.0000,0.0000,0.0000,0.0000,0.0000,0.0000
M:1263:0.3340,0.3112,-0.1950,-0.6598,-0.1963,-0.1749,0.2927,0.5726
I:1263:0.4822,-0.0427,0.0851,0.1186,-0.4451,0.3920,0.4655,0.0361
F:0.9936@390
A:0.9936@390
T:1264:0.6296,-0.1987,0.0256,0.0829,-0.5315,-0.1564,0.2838,-0.3331
C:1264:0.0000,0.0000,0.0000,0.0000,0.0000,0.0000,0.0000,0.0000
M:1264:0.3336,0.3109,-0.1944,-0.6601,-0.1949,-0.1753,0.2928,0.5733
I:1265:0.4822,-0.0427,0.0851,0.1186,-0.4451,0.3920,0.4655,0.0361
F:0.9934@390
A:0.9934@390
T:1267:0.6296,-0.1987,0.0256,0.0829,-0.5315,-0.1564,0.2838,-0.3331
C:1267:0.0000,0.0000,0.0000,0.0000,0.0000,0.0000,0.0000,0.0000
M:1267:0.3331,0.3105,-0.1937,-0.6603,-0.1937,-0.1755,0.2929,0.5739
I:1267:0.4822,-0.0427,0.0851,0.1186,-0.4451,0.3920,0.4655,0.0361
F:0.9934@390
A:0.9934@390
T:1269:0.6296,-0.1987,0.0256,0.0829,-0.5315,-0.1564,0.2838,-0.3331
C:1269:0.0000,0.0000,0.0000,0.0000,0.0000,0.0000,0.0000,0.0000
M:1269:0.3324,0.3100,-0.1932,-0.6606,-0.1924,-0.1762,0.2931,0.5745
I:1269:0.4822,-0.0427,0.0851,0.1186,-0.4451,0.3920,0.4655,0.0361
F:0.9934@390
A:0.9934@390
T:126a:0.6296,-0.1987,0.0256,0.0829,-0.5315,-0.1564,0.2838,-0.3331
C:126b:0.0000,0.0000,0.0000,0.0000,0.0000,0.0000,0.0000,0.0000
M:126b:0.3319,0.3098,-0.1921,-0.6608,-0.1916,-0.1761,0.2931,0.5750
I:126b:0.4822,-0.0427,0.0851,0.1186,-0.4451,0.3920,0.4655,0.0361
F:0.9933@390
A:0.9933@390
T:126c:0.6296,-0.1987,0.0256,0.0829,-0.5315,-0.1564,0.2838,-0.3331
C:126c:0.0000,0.0000,0.0000,0.0000,0.0000,0.0000,0.0000,0.0000
M:126c:0.3312,0.3095,-0.1913,-0.6609,-0.1910,-0.1765,0.2931,0.5754
I:126c:0.4822,-0.0427,0.0851,0.1186,-0.4451,0.3920,0.4655,0.0361
F:0.9933@390
A:0.9933@390
T:126e:0.6296,-0.1987,0.0256,0.0829,-0.5315,-0.1564,0.2838,-0.3331
C:126e:0.0000,0.0000,0.0000,0.0000,0.0000,0.0000,0.0000,0.0000
M:126e:0.3308,0.3094,-0.1903,-0.6610,-0.1908,-0.1766,0.2930,0.5757
I:126e:0.4822,-0.0427,0.0851,0.1186,-0.4451,0.3920,0.4655,0.0361
F:0.9933@390
A:0.9933@390
T:1270:0.6296,-0.1987,0.0256,0.0829,-0.5315,-0.1564,0.2838,-0.3331
C:1270:0.0000,0.0000,0.0000,0.0000,0.0000,0.0000,0.0000,0.0000
M:1271:0.3301,0.3090,-0.1901,-0.6613,-0.1902,-0.1777,0.2933,0.5760
I:1271:0.4822,-0.0427,0.0851,0.1186,-0.4451,0.3920,0.4655,0.0361
F:0.9933@390
A:0.9933@390
T:1272:0.6296,-0.1987,0.0256,0.0829,-0.5315,-0.1564,0.2838,-0.3331
C:1272:0.0000,0.0000,0.0000,0.0000,0.0000,0.0000,0.0000,0.0000
M:1272:0.3298,0.3087,-0.1898,-0.6615,-0.1893,-0.1784,0.2935,0.5765
I:1273:0.4822,-0.0427,0.0851,0.1186,-0.4451,0.3920,0.4655,0.0361
F:0.9925@390
A:0.9925@390
T:1274:0.6296,-0.1987,0.0256,0.0829,-0.5315,-0.1564,0.2838,-0.3331
C:1274:0.0000,0.0000,0.0000,0.0000,0.0000,0.0000,0.0000,0.0000
M:1274:0.3295,0.3084,-0.1894,-0.6618,-0.1884,-0.1790,0.2937,0.5770
I:1275:0.4822,-0.0427,0.0851,0.1186,-0.4451,0.3920,0.4655,0.0361
F:0.9925@390
A:0.9925@390
T:1276:0.6296,-0.1987,0.0256,0.0829,-0.5315,-0.1564,0.2838,-0.3331
C:1276:0.0000,0.0000,0.0000,0.0000,0.0000,0.0000,0.0000,0.0000
M:1276:0.3291,0.3082,-0.1890,-0.6620,-0.1874,-0.1794,0.2937,0.5775
I:1276:0.4822,-0.0427,0.0851,0.1186,-0.4451,0.3920,0.4655,0.0361
F:0.9925@390
A:0.9925@390
T:1278:0.6296,-0.1987,0.0256,0.0829,-0.5315,-0.1564,0.2838,-0.3331
C:1278:0.0000,0.0000,0.0000,0.0000,0.0000,0.0000,0.0000,0.0000
M:1278:0.3286,0.3079,-0.1885,-0.6623,-0.1864,-0.1798,0.2938,0.5780
I:1278:0.4822,-0.0427,0.0851,0.1186,-0.4451,0.3920,0.4655,0.0361
F:0.9925@390
A:0.9925@390
T:1279:0.6296,-0.1987,0.0256,0.0829,-0.5315,-0.1564,0.2838,-0.3331
C:1279:0.0000,0.0000,0.0000,0.0000,0.0000,0.0000,0.0000,0.0000
M:1279:0.3282,0.3078,-0.1876,-0.6624,-0.1857,-0.1798,0.2938,0.5784
I:127a:0.4822,-0.0427,0.0851,0.1186,-0.4451,0.3920,0.4655,0.0361
F:0.9925@390
A:0.9925@390
T:127b:0.6296,-0.1987,0.0256,0.0829,-0.5315,-0.1564,0.2838,-0.3331
C:127b:0.0000,0.0000,0.0000,0.0000,0.0000,0.0000,0.0000,0.0000
M:127b:0.3276,0.3075,-0.1870,-0.6626,-0.1852,-0.1802,0.2938,0.5787
I:127c:0.4822,-0.0427,0.0851,0.1186,-0.4451,0.3920,0.4655,0.0361
F:0.9922@390
A:0.9922@390
T:127e:0.6296,-0.1987,0.0256,0.0829,-0.5315,-0.1564,0.2838,-0.3331
C:127e:0.0000,0.0000,0.0000,0.0000,0.0000,0.0000,0.0000,0.0000
M:127e:0.3270,0.3070,-0.1869,-0.6629,-0.1842,-0.1813,0.2942,0.5792
I:127f:0.4822,-0.0427,0.0851,0.1186,-0.4451,0.3920,0.4655,0.0361
F:0.9922@390
A:0.9922@390
T:1280:0.6296,-0.1987,0.0256,0.0829,-0.5315,-0.1564,0.2838,-0.3331
C:1280:0.0000,0.0000,0.0000,0.0000,0.0000,0.0000,0.0000,0.0000
M:1280:0.3266,0.3066,-0.1865,-0.6631,-0.1830,-0.1819,0.2944,0.5797
I:1280:0.4822,-0.0427,0.0851,0.1186,-0.4451,0.3920,0.4655,0.0361
F:0.9922@390
A:0.9922@390
T:1281:0.6296,-0.1987,0.0256,0.0829,-0.5315,-0.1564,0.2838,-0.3331
C:1281:0.0000,0.0000,0.0000,0.0000,0.0000,0.0000,0.0000,0.0000
M:1281:0.3264,0.3065,-0.1856,-0.6633,-0.1822,-0.1819,0.2943,0.5802
I:1281:0.4822,-0.0427,0.0851,0.1186,-0.4451,0.3920,0.4655,0.0361
F:0.9919@390
A:0.9919@390
T:1283:0.6296,-0.1987,0.0256,0.0829,-0.5315,-0.1564,0.2838,-0.3331
C:1283:0.0000,0.0000,0.0000,0.0000,0.0000,0.0000,0.0000,0.0000
M:1283:0.3258,0.3062,-0.1850,-0.6635,-0.1815,-0.1822,0.2943,0.5806
I:1284:0.4822,-0.0427,0.0851,0.1186,-0.4451,0.3920,0.4655,0.0361
F:0.9919@390
A:0.9919@390
T:1285:0.6296,-0.1987,0.0256,0.0829,-0.5315,-0.1564,0.2838,-0.3331
C:1285:0.0000,0.0000,0.0000,0.0000,0.0000,0.0000,0.0000,0.0000
M:1285:0.3252,0.3059,-0.1845,-0.6637,-0.1807,-0.1828,0.2945,0.5809
I:1285:0.4822,-0.0427,0.0851,0.1186,-0.4451,0.3920,0.4655,0.0361
F:0.9919@390
A:0.9919@390
T:1287:0.6296,-0.1987,0.0256,0.0829,-0.5315,-0.1564,0.2838,-0.3331
C:1287:0.0000,0.0000,0.0000,0.0000,0.0000,0.0000,0.0000,0.0000
M:1287:0.3247,0.3056,-0.1841,-0.6639,-0.1799,-0.1833,0.2946,0.5814
I:1287:0.4822,-0.0427,0.0851,0.1186,-0.4451,0.3920,0.4655,0.0361
F:0.9914@390
A:0.9914@390
T:1289:0.6296,-0.1987,0.0256,0.0829,-0.5315,-0.1564,0.2838,-0.3331
C:1289:0.0000,0.0000,0.0000,0.0000,0.0000,0.0000,0.0000,0.0000
M:1289:0.3244,0.3054,-0.1833,-0.6640,-0.1793,-0.1834,0.2946,0.5817
I:1289:0.4822,-0.0427,0.0851,0.1186,-0.4451,0.3920,0.4655,0.0361
F:0.9914@390
A:0.9914@390
T:128b:0.6296,-0.1987,0.0256,0.0829,-0.5315,-0.1564,0.2838,-0.3331
C:128b:0.0000,0.0000,0.0000,0.0000,0.0000,0.0000,0.0000,0.0000
M:128b:0.3237,0.3050,-0.1831,-0.6643,-0.1785,-0.1843,0.2948,0.5821
I:128b:0.4822,-0.0427,0.0851,0.1186,-0.4451,0.3920,0.4655,0.0361
F:0.9914@390
A:0.9914@390
T:128c:0.6296,-0.1987,0.0256,0.0829,-0.5315,-0.1564,0.2838,-0.3331
C:128c:0.0000,0.0000,0.0000,0.0000,0.0000,0.0000,0.0000,0.0000
M:128d:0.3235,0.3048,-0.1824,-0.6645,-0.1776,-0.1845,0.2949,0.5826
I:128d:0.4822,-0.0427,0.0851,0.1186,-0.4451,0.3920,0.4655,0.0361
F:0.9914@390
A:0.9914@390
T:128f:0.6296,-0.1987,0.0256,0.0829,-0.5315,-0.1564,0.2838,-0.3331
C:128f:0.0000,0.0000,0.0000,0.0000,0.0000,0.0000,0.0000,0.0000
M:128f:0.3230,0.3045,-0.1819,-0.6646,-0.1769,-0.1850,0.2950,0.5830
I:128f:0.4822,-0.0427,0.0851,0.1186,-0.4451,0.3920,0.4655,0.0361
F:0.9914@390
A:0.9914@390
T:1291:0.6296,-0.1987,0.0256,0.0829,-0.5315,-0.1564,0.2838,-0.3331
C:1291:0.0000,0.0000,0.0000,0.0000,0.0000,0.0000,0.0000,0.0000
M:1291:0.3224,0.3040,-0.1819,-0.6649,-0.1757,-0.1859,0.2952,0.5834
I:1292:0.4822,-0.0427,0.0851,0.1186,-0.4451,0.3920,0.4655,0.0361
F:0.9914@390
A:0.9914@390
T:1293:0.6296,-0.1987,0.0256,0.0829,-0.5315,-0.1564,0.2838,-0.3331
C:1293:0.0000,0.0000,0.0000,0.0000,0.0000,0.0000,0.0000,0.0000
M:1293:0.3220,0.3036,-0.1814,-0.6652,-0.1744,-0.1864,0.2954,0.5840
I:1294:0.4822,-0.0427,0.0851,0.1186,-0.4451,0.3920,0.4655,0.0361
F:0.9914@390
A:0.9914@390
T:1295:0.6296,-0.1987,0.0256,0.0829,-0.5315,-0.1564,0.2838,-0.3331
C:1295:0.0000,0.0000,0.0000,0.0000,0.0000,0.0000,0.0000,0.0000
M:1295:0.3215,0.3033,-0.1808,-0.6654,-0.1732,-0.1867,0.2955,0.5845
I:1296:0.4822,-0.0427,0.0851,0.1186,-0.4451,0.3920,0.4655,0.0361
F:0.9914@390
A:0.9914@390
T:1297:0.6296,-0.1987,0.0256,0.0829,-0.5315,-0.1564,0.2838,-0.3331
C:1297:0.0000,0.0000,0.0000,0.0000,0.0000,0.0000,0.0000,0.0000
M:1297:0.3209,0.3029,-0.1801,-0.6656,-0.1721,-0.1870,0.2956,0.5850
I:1297:0.4822,-0.0427,0.0851,0.1186,-0.4451,0.3920,0.4655,0.0361
F:0.9914@390
A:0.9914@390
T:1299:0.6296,-0.1987,0.0256,0.0829,-0.5315,-0.1564,0.2838,-0.3331
C:1299:0.0000,0.0000,0.0000,0.0000,0.0000,0.0000,0.0000,0.0000
M:1299:0.3204,0.3027,-0.1789,-0.6657,-0.1715,-0.1870,0.2955,0.5853
I:1299:0.4822,-0.0427,0.0851,0.1186,-0.4451,0.3920,0.4655,0.0361
F:0.9912@390
A:0.9912@390
T:129a:0.6296,-0.1987,0.0256,0.0829,-0.5315,-0.1564,0.2838,-0.3331
C:129a:0.0000,0.0000,0.0000,0.0000,0.0000,0.0000,0.0000,0.0000
M:129a:0.3196,0.3024,-0.1782,-0.6658,-0.1710,-0.1874,0.2955,0.5856
I:129b:0.4822,-0.0427,0.0851,0.1186,-0.4451,0.3920,0.4655,0.0361
F:0.9909@390
A:0.9909@390
T:129c:0.6296,-0.1987,0.0256,0.0829,-0.5315,-0.1564,0.2838,-0.3331
C:129c:0.0000,0.0000,0.0000,0.0000,0.0000,0.0000,0.0000,0.0000
M:129c:0.3191,0.3021,-0.1777,-0.6660,-0.1704,-0.1880,0.2957,0.5860
I:129d:0.4822,-0.0427,0.0851,0.1186,-0.4451,0.3920,0.4655,0.0361
F:0.9909@390
A:0.9909@390
T:129e:0.6296,-0.1987,0.0256,0.0829,-0.5315,-0.1564,0.2838,-0.3331
C:129e:0.0000,0.0000,0.0000,0.0000,0.0000,0.0000,0.0000,0.0000
M:129e:0.3187,0.3018,-0.1772,-0.6662,-0.1697,-0.1887,0.2959,0.5863
I:129f:0.4822,-0.0427,0.0851,0.1186,-0.4451,0.3920,0.4655,0.0361
F:0.9905@390
A:0.9905@390
T:12a0:0.6296,-0.1987,0.0256,0.0829,-0.5315,-0.1564,0.2838,-0.3331
C:12a0:0.0000,0.0000,0.0000,0.0000,0.0000,0.0000,0.0000,0.0000
M:12a0:0.3183,0.3015,-0.1768,-0.6664,-0.1688,-0.1893,0.2960,0.5868
I:12a0:0.4822,-0.0427,0.0851,0.1186,-0.4451,0.3920,0.4655,0.0361
F:0.9905@390
A:0.9905@390
T:12a2:0.6296,-0.1987,0.0256,0.0829,-0.5315,-0.1564,0.2838,-0.3331
C:12a2:0.0000,0.0000,0.0000,0.0000,0.0000,0.0000,0.0000,0.0000
M:12a2:0.3180,0.3014,-0.1761,-0.6666,-0.1682,-0.1894,0.2959,0.5871
I:12a2:0.4822,-0.0427,0.0851,0.1186,-0.4451,0.3920,0.4655,0.0361
F:0.9905@390
A:0.9905@390
T:12a4:0.6296,-0.1987,0.0256,0.0829,-0.5315,-0.1564,0.2838,-0.3331
C:12a4:0.0000,0.0000,0.0000,0.0000,0.0000,0.0000,0.0000,0.0000
M:12a4:0.3174,0.3011,-0.1756,-0.6668,-0.1675,-0.1898,0.2960,0.5875
I:12a4:0.4822,-0.0427,0.0851,0.1186,-0.4451,0.3920,0.4655,0.0361
F:0.9905@390
A:0.9905@390
T:12a6:0.6296,-0.1987,0.0256,0.0829,-0.5315,-0.1564,0.2838,-0.3331
C:12a6:0.0000,0.0000,0.0000,0.0000,0.0000,0.0000,0.0000,0.0000
M:12a6:0.3168,0.3006,-0.1755,-0.6670,-0.1664,-0.1908,0.2963,0.5879
I:12a6:0.4822,-0.0427,0.0851,0.1186,-0.4451,0.3920,0.4655,0.0361
F:0.9901@390
A:0.9901@390
T:12a8:0.6296,-0.1987,0.0256,0.0829,-0.5315,-0.1564,0.2838,-0.3331
C:12a8:0.0000,0.0000,0.0000,0.0000,0.0000,0.0000,0.0000,0.0000
M:12a8:0.3164,0.3002,-0.1751,-0.6673,-0.1650,-0.1913,0.2965,0.5884
I:12a9:0.4822,-0.0427,0.0851,0.1186,-0.4451,0.3920,0.4655,0.0361
F:0.9901@390
A:0.9901@390
T:12aa:0.6296,-0.1987,0.0256,0.0829,-0.5315,-0.1564,0.2838,-0.3331
C:12aa:0.0000,0.0000,0.0000,0.0000,0.0000,0.0000,0.0000,0.0000
M:12aa:0.3160,0.2998,-0.1745,-0.6675,-0.1638,-0.1917,0.2966,0.5890
I:12ab:0.4822,-0.0427,0.0851,0.1186,-0.4451,0.3920,0.4655,0.0361
F:0.9900@390
A:0.9900@390
T:12ac:0.6296,-0.1987,0.0256,0.0829,-0.5315,-0.1564,0.2838,-0.3331
C:12ac:0.0000,0.0000,0.0000,0.0000,0.0000,0.0000,0.0000,0.0000
M:12ac:0.3153,0.2995,-0.1738,-0.6677,-0.1626,-0.1920,0.2966,0.5894
I:12ad:0.4822,-0.0427,0.0851,0.1186,-0.4451,0.3920,0.4655,0.0361
F:0.9900@390
A:0.9900@390
T:12ae:0.6296,-0.1987,0.0256,0.0829,-0.5315,-0.1564,0.2838,-0.3331
C:12ae:0.0000,0.0000,0.0000,0.0000,0.0000,0.0000,0.0000,0.0000
M:12ae:0.3147,0.2991,-0.1730,-0.6679,-0.1616,-0.1923,0.2967,0.5898
I:12af:0.4822,-0.0427,0.0851,0.1186,-0.4451,0.3920,0.4655,0.0361
F:0.9900@390
A:0.9900@390
T:12b0:0.6296,-0.1987,0.0256,0.0829,-0.5315,-0.1564,0.2838,-0.3331
C:12b0:0.0000,0.0000,0.0000,0.0000,0.0000,0.0000,0.0000,0.0000
M:12b0:0.3140,0.2987,-0.1722,-0.6681,-0.1607,-0.1927,0.2968,0.5902
I:12b0:0.4822,-0.0427,0.0851,0.1186,-0.4451,0.3920,0.4655,0.0361
F:0.9896@390
A:0.9896@390
T:12b1:0.6296,-0.1987,0.0256,0.0829,-0.5315,-0.1564,0.2838,-0.3331
C:12b2:0.0000,0.0000,0.0000,0.0000,0.0000,0.0000,0.0000,0.0000
M:12b2:0.3135,0.2985,-0.1711,-0.6682,-0.1602,-0.1927,0.2967,0.5906
I:12b3:0.4822,-0.0427,0.0851,0.1186,-0.4451,0.3920,0.4655,0.0361
F:0.9896@390
A:0.9896@390
T:12b5:0.6296,-0.1987,0.0256,0.0829,-0.5315,-0.1564,0.2838,-0.3331
C:12b5:0.0000,0.0000,0.0000,0.0000,0.0000,0.0000,0.0000,0.0000
M:12b5:0.3126,0.2978,-0.1711,-0.6684,-0.1591,-0.1941,0.2970,0.5910
I:12b6:0.4822,-0.0427,0.0851,0.1186,-0.4451,0.3920,0.4655,0.0361
F:0.9891@390
A:0.9891@390
T:12b7:0.6296,-0.1987,0.0256,0.0829,-0.5315,-0.1564,0.2838,-0.3331
C:12b7:0.0000,0.0000,0.0000,0.0000,0.0000,0.0000,0.0000,0.0000
M:12b7:0.3123,0.2974,-0.1706,-0.6687,-0.1578,-0.1947,0.2973,0.5915
I:12b8:0.4822,-0.0427,0.0851,0.1186,-0.4451,0.3920,0.4655,0.0361
F:0.9891@390
A:0.9891@390
T:12b9:0.6296,-0.1987,0.0256,0.0829,-0.5315,-0.1564,0.2838,-0.3331
C:12b9:0.0000,0.0000,0.0000,0.0000,0.0000,0.0000,0.0000,0.0000
M:12b9:0.3118,0.2970,-0.1699,-0.6689,-0.1565,-0.1950,0.2973,0.5921
I:12b9:0.4822,-0.0427,0.0851,0.1186,-0.4451,0.3920,0.4655,0.0361
F:0.9888@390
A:0.9888@390
T:12bb:0.6296,-0.1987,0.0256,0.0829,-0.5315,-0.1564,0.2838,-0.3331
C:12bb:0.0000,0.0000,0.0000,0.0000,0.0000,0.0000,0.0000,0.0000
M:12bb:0.3112,0.2967,-0.1690,-0.6691,-0.1554,-0.1953,0.2973,0.5925
I:12bb:0.4822,-0.0427,0.0851,0.1186,-0.4451,0.3920,0.4655,0.0361
F:0.9888@390
A:0.9888@390
T:12bd:0.6296,-0.1987,0.0256,0.0829,-0.5315,-0.1564,0.2838,-0.3331
C:12bd:0.0000,0.0000,0.0000,0.0000,0.0000,0.0000,0.0000,0.0000
M:12bd:0.3105,0.2963,-0.1682,-0.6693,-0.1545,-0.1956,0.2974,0.5929
I:12be:0.4822,-0.0427,0.0851,0.1186,-0.4451,0.3920,0.4655,0.0361
F:0.9888@390
A:0.9888@390
T:12bf:0.6296,-0.1987,0.0256,0.0829,-0.5315,-0.1564,0.2838,-0.3331
C:12bf:0.0000,0.0000,0.0000,0.0000,0.0000,0.0000,0.0000,0.0000
M:12bf:0.3098,0.2960,-0.1673,-0.6695,-0.1537,-0.1960,0.2974,0.5933
I:12bf:0.4822,-0.0427,0.0851,0.1186,-0.4451,0.3920,0.4655,0.0361
F:0.9885@390
A:0.9885@390
T:12c1:0.6296,-0.1987,0.0256,0.0829,-0.5315,-0.1564,0.2838,-0.3331
C:12c1:0.0000,0.0000,0.0000,0.0000,0.0000,0.0000,0.0000,0.0000
M:12c1:0.3091,0.2956,-0.1665,-0.6696,-0.1529,-0.1965,0.2975,0.5937
I:12c1:0.4822,-0.0427,0.0851,0.1186,-0.4451,0.3920,0.4655,0.0361
F:0.9885@390
A:0.9885@390
T:12c2:0.6296,-0.1987,0.0256,0.0829,-0.5315,-0.1564,0.2838,-0.3331
C:12c3:0.0000,0.0000,0.0000,0.0000,0.0000,0.0000,0.0000,0.0000
M:12c3:0.3087,0.2955,-0.1654,-0.6697,-0.1525,-0.1966,0.2975,0.5940
I:12c4:0.4822,-0.0427,0.0851,0.1186,-0.4451,0.3920,0.4655,0.0361
F:0.9885@390
A:0.9885@390
T:12c5:0.6296,-0.1987,0.0256,0.0829,-0.5315,-0.1564,0.2838,-0.3331
C:12c5:0.0000,0.0000,0.0000,0.0000,0.0000,0.0000,0.0000,0.0000
M:12c5:0.3079,0.2950,-0.1651,-0.6699,-0.1518,-0.1976,0.2976,0.5943
I:12c5:0.4822,-0.0427,0.0851,0.1186,-0.4451,0.3920,0.4655,0.0361
F:0.9885@390
A:0.9885@390
T:12c7:0.6296,-0.1987,0.0256,0.0829,-0.5315,-0.1564,0.2838,-0.3331
C:12c7:0.0000,0.0000,0.0000,0.0000,0.0000,0.0000,0.0000,0.0000
M:12c7:0.3075,0.2947,-0.1647,-0.6702,-0.1508,-0.1982,0.2978,0.5947
I:12c8:0.4822,-0.0427,0.0851,0.1186,-0.4451,0.3920,0.4655,0.0361
F:0.9884@390
A:0.9884@390
T:12c9:0.6296,-0.1987,0.0256,0.0829,-0.5315,-0.1564,0.2838,-0.3331
C:12c9:0.0000,0.0000,0.0000,0.0000,0.0000,0.0000,0.0000,0.0000
M:12c9:0.3071,0.2944,-0.1641,-0.6704,-0.1498,-0.1987,0.2979,0.5952
I:12ca:0.4822,-0.0427,0.0851,0.1186,-0.4451,0.3920,0.4655,0.0361
F:0.9878@390
A:0.9878@390
T:12cb:0.6296,-0.1987,0.0256,0.0829,-0.5315,-0.1564,0.2838,-0.3331
C:12cb:0.0000,0.0000,0.0000,0.0000,0.0000,0.0000,0.0000,0.0000
M:12cc:0.3066,0.2941,-0.1635,-0.6706,-0.1487,-0.1991,0.2980,0.5956
I:12cc:0.4822,-0.0427,0.0851,0.1186,-0.4451,0.3920,0.4655,0.0361
F:0.9878@390
A:0.9878@390
T:12cd:0.6296,-0.1987,0.0256,0.0829,-0.5315,-0.1564,0.2838,-0.3331
C:12cd:0.0000,0.0000,0.0000,0.0000,0.0000,0.0000,0.0000,0.0000
M:12cd:0.3060,0.2937,-0.1628,-0.6708,-0.1477,-0.1995,0.2980,0.5960
I:12cd:0.4822,-0.0427,0.0851,0.1186,-0.4451,0.3920,0.4655,0.0361
F:0.9878@390
A:0.9878@390
T:12cf:0.6296,-0.1987,0.0256,0.0829,-0.5315,-0.1564,0.2838,-0.3331
C:12cf:0.0000,0.0000,0.0000,0.0000,0.0000,0.0000,0.0000,0.0000
M:12cf:0.3054,0.2934,-0.1621,-0.6710,-0.1467,-0.1999,0.2981,0.5964
I:12cf:0.4822,-0.0427,0.0851,0.1186,-0.4451,0.3920,0.4655,0.0361
F:0.9878@390
A:0.9878@390
T:12d1:0.6296,-0.1987,0.0256,0.0829,-0.5315,-0.1564,0.2838,-0.3331
C:12d1:0.0000,0.0000,0.0000,0.0000,0.0000,0.0000,0.0000,0.0000
M:12d1:0.3047,0.2930,-0.1613,-0.6712,-0.1457,-0.2003,0.2982,0.5968
I:12d2:0.4822,-0.0427,0.0851,0.1186,-0.4451,0.3920,0.4655,0.0361
F:0.9874@390
A:0.9874@390
T:12d3:0.6296,-0.1987,0.0256,0.0829,-0.5315,-0.1564,0.2838,-0.3331
C:12d3:0.0000,0.0000,0.0000,0.0000,0.0000,0.0000,0.0000,0.0000
M:12d3:0.3041,0.2926,-0.1606,-0.6713,-0.1448,-0.2007,0.2983,0.5972
I:12d3:0.4822,-0.0427,0.0851,0.1186,-0.4451,0.3920,0.4655,0.0361
F:0.9874@390
A:0.9874@390
T:12d5:0.6296,-0.1987,0.0256,0.0829,-0.5315,-0.1564,0.2838,-0.3331
C:12d5:0.0000,0.0000,0.0000,0.0000,0.0000,0.0000,0.0000,0.0000
M:12d5:0.3035,0.2922,-0.1598,-0.6715,-0.1440,-0.2012,0.2984,0.5976
I:12d5:0.4822,-0.0427,0.0851,0.1186,-0.4451,0.3920,0.4655,0.0361
F:0.9871@390
A:0.9871@390
T:12d7:0.6296,-0.1987,0.0256,0.0829,-0.5315,-0.1564,0.2838,-0.3331
C:12d7:0.0000,0.0000,0.0000,0.0000,0.0000,0.0000,0.0000,0.0000
M:12d7:0.3029,0.2919,-0.1591,-0.6717,-0.1431,-0.2017,0.2984,0.5980
I:12d8:0.4822,-0.0427,0.0851,0.1186,-0.4451,0.3920,0.4655,0.0361
F:0.9871@390
A:0.9871@390
T:12d9:0.6296,-0.1987,0.0256,0.0829,-0.5315,-0.1564,0.2838,-0.3331
C:12d9:0.0000,0.0000,0.0000,0.0000,0.0000,0.0000,0.0000,0.0000
M:12d9:0.3023,0.2915,-0.1584,-0.6719,-0.1422,-0.2021,0.2985,0.5983
I:12da:0.4822,-0.0427,0.0851,0.1186,-0.4451,0.3920,0.4655,0.0361
F:0.9871@390
A:0.9871@390
T:12db:0.6296,-0.1987,0.0256,0.0829,-0.5315,-0.1564,0.2838,-0.3331
C:12db:0.0000,0.0000,0.0000,0.0000,0.0000,0.0000,0.0000,0.0000
M:12db:0.3017,0.2912,-0.1578,-0.6720,-0.1413,-0.2026,0.2986,0.5987
I:12db:0.4822,-0.0427,0.0851,0.1186,-0.4451,0.3920,0.4655,0.0361
F:0.9871@390
A:0.9871@390
T:12dd:0.6296,-0.1987,0.0256,0.0829,-0.5315,-0.1564,0.2838,-0.3331
C:12dd:0.0000,0.0000,0.0000,0.0000,0.0000,0.0000,0.0000,0.0000
M:12dd:0.3013,0.2910,-0.1567,-0.6722,-0.1408,-0.2027,0.2985,0.5990
I:12dd:0.4822,-0.0427,0.0851,0.1186,-0.4451,0.3920,0.4655,0.0361
F:0.9871@390
A:0.9871@390
T:12de:0.6296,-0.1987,0.0256,0.0829,-0.5315,-0.1564,0.2838,-0.3331
C:12de:0.0000,0.0000,0.0000,0.0000,0.0000,0.0000,0.0000,0.0000
M:12df:0.3006,0.2908,-0.1560,-0.6723,-0.1403,-0.2031,0.2985,0.5993
I:12df:0.4822,-0.0427,0.0851,0.1186,-0.4451,0.3920,0.4655,0.0361
F:0.9871@390
A:0.9871@390
T:12e0:0.6296,-0.1987,0.0256,0.0829,-0.5315,-0.1564,0.2838,-0.3331
C:12e0:0.0000,0.0000,0.0000,0.0000,0.0000,0.0000,0.0000,0.0000
M:12e0:0.3001,0.2904,-0.1555,-0.6725,-0.1396,-0.2037,0.2987,0.5996
I:12e0:0.4822,-0.0427,0.0851,0.1186,-0.4451,0.3920,0.4655,0.0361
F:0.9866@390
A:0.9866@390
T:12e2:0.6296,-0.1987,0.0256,0.0829,-0.5315,-0.1564,0.2838,-0.3331
C:12e2:0.0000,0.0000,0.0000,0.0000,0.0000,0.0000,0.0000,0.0000
M:12e2:0.2996,0.2901,-0.1550,-0.6727,-0.1388,-0.2043,0.2988,0.6000
I:12e3:0.4822,-0.0427,0.0851,0.1186,-0.4451,0.3920,0.4655,0.0361
F:0.9862@390
A:0.9862@390
T:12e4:0.6296,-0.1987,0.0256,0.0829,-0.5315,-0.1564,0.2838,-0.3331
C:12e4:0.0000,0.0000,0.0000,0.0000,0.0000,0.0000,0.0000,0.0000
M:12e4:0.2991,0.2898,-0.1546,-0.6729,-0.1378,-0.2049,0.2989,0.6004
I:12e5:0.4822,-0.0427,0.0851,0.1186,-0.4451,0.3920,0.4655,0.0361
F:0.9857@390
A:0.9857@390
T:12e6:0.6296,-0.1987,0.0256,0.0829,-0.5315,-0.1564,0.2838,-0.3331
C:12e6:0.0000,0.0000,0.0000,0.0000,0.0000,0.0000,0.0000,0.0000
M:12e6:0.2986,0.2894,-0.1540,-0.6731,-0.1367,-0.2053,0.2990,0.6008
I:12e6:0.4822,-0.0427,0.0851,0.1186,-0.4451,0.3920,0.4655,0.0361
F:0.9857@390
A:0.9857@390
T:12e8:0.6296,-0.1987,0.0256,0.0829,-0.5315,-0.1564,0.2838,-0.3331
C:12e8:0.0000,0.0000,0.0000,0.0000,0.0000,0.0000,0.0000,0.0000
M:12e8:0.2981,0.2891,-0.1534,-0.6733,-0.1356,-0.2057,0.2991,0.6012
I:12e8:0.4822,-0.0427,0.0851,0.1186,-0.4451,0.3920,0.4655,0.0361
F:0.9857@390
A:0.9857@390
T:12ea:0.6296,-0.1987,0.0256,0.0829,-0.5315,-0.1564,0.2838,-0.3331
C:12ea:0.0000,0.0000,0.0000,0.0000,0.0000,0.0000,0.0000,0.0000
M:12ea:0.2974,0.2887,-0.1527,-0.6734,-0.1345,-0.2061,0.2992,0.6016
I:12ea:0.4822,-0.0427,0.0851,0.1186,-0.4451,0.3920,0.4655,0.0361
F:0.9857@390
A:0.9857@390
T:12eb:0.6296,-0.1987,0.0256,0.0829,-0.5315,-0.1564,0.2838,-0.3331
C:12ec:0.0000,0.0000,0.0000,0.0000,0.0000,0.0000,0.0000,0.0000
M:12ec:0.2969,0.2885,-0.1515,-0.6735,-0.1338,-0.2061,0.2991,0.6019
I:12ec:0.4822,-0.0427,0.0851,0.1186,-0.4451,0.3920,0.4655,0.0361
F:0.9857@390
A:0.9857@390
T:12ee:0.6296,-0.1987,0.0256,0.0829,-0.5315,-0.1564,0.2838,-0.3331
C:12ee:0.0000,0.0000,0.0000,0.0000,0.0000,0.0000,0.0000,0.0000
M:12ef:0.2960,0.2879,-0.1511,-0.6737,-0.1329,-0.2069,0.2992,0.6022
I:12ef:0.4822,-0.0427,0.0851,0.1186,-0.4451,0.3920,0.4655,0.0361
F:0.9857@390
A:0.9857@390
T:12f0:0.6296,-0.1987,0.0256,0.0829,-0.5315,-0.1564,0.2838,-0.3331
C:12f0:0.0000,0.0000,0.0000,0.0000,0.0000,0.0000,0.0000,0.0000
M:12f0:0.2954,0.2875,-0.1504,-0.6739,-0.1318,-0.2074,0.2994,0.6026
I:12f0:0.4822,-0.0427,0.0851,0.1186,-0.4451,0.3920,0.4655,0.0361
F:0.9857@390
A:0.9857@390
T:12f2:0.6296,-0.1987,0.0256,0.0829,-0.5315,-0.1564,0.2838,-0.3331
C:12f2:0.0000,0.0000,0.0000,0.0000,0.0000,0.0000,0.0000,0.0000
M:12f2:0.2949,0.2871,-0.1497,-0.6741,-0.1307,-0.2079,0.2995,0.6030
I:12f2:0.4822,-0.0427,0.0851,0.1186,-0.4451,0.3920,0.4655,0.0361
F:0.9853@390
A:0.9853@390
T:12f4:0.6296,-0.1987,0.0256,0.0829,-0.5315,-0.1564,0.2838,-0.3331
C:12f4:0.0000,0.0000,0.0000,0.0000,0.0000,0.0000,0.0000,0.0000
M:12f4:0.2943,0.2867,-0.1489,-0.6743,-0.1297,-0.2083,0.2996,0.6034
I:12f4:0.4822,-0.0427,0.0851,0.1186,-0.4451,0.3920,0.4655,0.0361
F:0.9847@390
A:0.9847@390
T:12f6:0.6296,-0.1987,0.0256,0.0829,-0.5315,-0.1564,0.2838,-0.3331
C:12f6:0.0000,0.0000,0.0000,0.0000,0.0000,0.0000,0.0000,0.0000
M:12f6:0.2936,0.2863,-0.1481,-0.6744,-0.1287,-0.2087,0.2996,0.6038
I:12f6:0.4822,-0.0427,0.0851,0.1186,-0.4451,0.3920,0.4655,0.0361
F:0.9847@390
A:0.9847@390
T:12f8:0.6296,-0.1987,0.0256,0.0829,-0.5315,-0.1564,0.2838,-0.3331
C:12f8:0.0000,0.0000,0.0000,0.0000,0.0000,0.0000,0.0000,0.0000
M:12f9:0.2929,0.2860,-0.1473,-0.6746,-0.1278,-0.2091,0.2996,0.6041
I:12f9:0.4822,-0.0427,0.0851,0.1186,-0.4451,0.3920,0.4655,0.0361
F:0.9847@390
A:0.9847@390
T:12fa:0.6296,-0.1987,0.0256,0.0829,-0.5315,-0.1564,0.2838,-0.3331
C:12fa:0.0000,0.0000,0.0000,0.0000,0.0000,0.0000,0.0000,0.0000
M:12fa:0.2923,0.2856,-0.1464,-0.6748,-0.1269,-0.2095,0.2997,0.6045
I:12fa:0.4822,-0.0427,0.0851,0.1186,-0.4451,0.3920,0.4655,0.0361
F:0.9847@390
A:0.9847@390
T:12fc:0.6296,-0.1987,0.0256,0.0829,-0.5315,-0.1564,0.2838,-0.3331
C:12fc:0.0000,0.0000,0.0000,0.0000,0.0000,0.0000,0.0000,0.0000
M:12fc:0.2916,0.2852,-0.1456,-0.6749,-0.1261,-0.2100,0.2998,0.6048
I:12fc:0.4822,-0.0427,0.0851,0.1186,-0.4451,0.3920,0.4655,0.0361
F:0.9847@390
A:0.9847@390
T:12fe:0.6296,-0.1987,0.0256,0.0829,-0.5315,-0.1564,0.2838,-0.3331
C:12fe:0.0000,0.0000,0.0000,0.0000,0.0000,0.0000,0.0000,0.0000
M:12fe:0.2910,0.2849,-0.1448,-0.6751,-0.1252,-0.2104,0.2998,0.6052
I:12fe:0.4822,-0.0427,0.0851,0.1186,-0.4451,0.3920,0.4655,0.0361
F:0.9843@390
A:0.9843@390
T:1300:0.6296,-0.1987,0.0256,0.0829,-0.5315,-0.1564,0.2838,-0.3331
C:1300:0.0000,0.0000,0.0000,0.0000,0.0000,0.0000,0.0000,0.0000
M:1300:0.2904,0.2845,-0.1441,-0.6753,-0.1244,-0.2109,0.2999,0.6055
I:1301:0.4822,-0.0427,0.0851,0.1186,-0.4451,0.3920,0.4655,0.0361
F:0.9843@390
A:0.9843@390
T:1302:0.6296,-0.1987,0.0256,0.0829,-0.5315,-0.1564,0.2838,-0.3331
C:1302:0.0000,0.0000,0.0000,0.0000,0.0000,0.0000,0.0000,0.0000
M:1302:0.2898,0.2842,-0.1433,-0.6754,-0.1235,-0.2114,0.3000,0.6059
I:1302:0.4822,-0.0427,0.0851,0.1186,-0.4451,0.3920,0.4655,0.0361
F:0.9839@390
A:0.9839@390
T:1305:0.6296,-0.1987,0.0256,0.0829,-0.5315,-0.1564,0.2838,-0.3331
C:1305:0.0000,0.0000,0.0000,0.0000,0.0000,0.0000,0.0000,0.0000
M:1305:0.2892,0.2838,-0.1426,-0.6756,-0.1226,-0.2118,0.3000,0.6062
I:1306:0.4822,-0.0427,0.0851,0.1186,-0.4451,0.3920,0.4655,0.0361
F:0.9838@390
A:0.9838@390
T:1307:0.6296,-0.1987,0.0256,0.0829,-0.5315,-0.1564,0.2838,-0.3331
C:1307:0.0000,0.0000,0.0000,0.0000,0.0000,0.0000,0.0000,0.0000
M:1308:0.2884,0.2833,-0.1422,-0.6758,-0.1213,-0.2127,0.3002,0.6067
I:1309:0.4822,-0.0427,0.0851,0.1186,-0.4451,0.3920,0.4655,0.0361
F:0.9838@390
A:0.9838@390
T:130a:0.6296,-0.1987,0.0256,0.0829,-0.5315,-0.1564,0.2838,-0.3331
C:130a:0.0000,0.0000,0.0000,0.0000,0.0000,0.0000,0.0000,0.0000
M:130a:0.2877,0.2826,-0.1418,-0.6761,-0.1196,-0.2135,0.3005,0.6072
I:130a:0.4822,-0.0427,0.0851,0.1186,-0.4451,0.3920,0.4655,0.0361
F:0.9832@390
A:0.9832@390
T:130c:0.6296,-0.1987,0.0256,0.0829,-0.5315,-0.1564,0.2838,-0.3331
C:130c:0.0000,0.0000,0.0000,0.0000,0.0000,0.0000,0.0000,0.0000
M:130c:0.2872,0.2821,-0.1408,-0.6763,-0.1179,-0.2138,0.3006,0.6077
I:130d:0.4822,-0.0427,0.0851,0.1186,-0.4451,0.3920,0.4655,0.0361
F:0.9832@390
A:0.9832@390
T:130e:0.6296,-0.1987,0.0256,0.0829,-0.5315,-0.1564,0.2838,-0.3331
C:130e:0.0000,0.0000,0.0000,0.0000,0.0000,0.0000,0.0000,0.0000
M:130e:0.2863,0.2817,-0.1396,-0.6765,-0.1166,-0.2139,0.3005,0.6082
I:130f:0.4822,-0.0427,0.0851,0.1186,-0.4451,0.3920,0.4655,0.0361
F:0.9828@390
A:0.9828@390
T:1310:0.6296,-0.1987,0.0256,0.0829,-0.5315,-0.1564,0.2838,-0.3331
C:1310:0.0000,0.0000,0.0000,0.0000,0.0000,0.0000,0.0000,0.0000
M:1310:0.2853,0.2813,-0.1382,-0.6766,-0.1156,-0.2141,0.3004,0.6085
I:1311:0.4822,-0.0427,0.0851,0.1186,-0.4451,0.3920,0.4655,0.0361
F:0.9828@390
A:0.9828@390
T:1312:0.6296,-0.1987,0.0256,0.0829,-0.5315,-0.1564,0.2838,-0.3331
C:1312:0.0000,0.0000,0.0000,0.0000,0.0000,0.0000,0.0000,0.0000
M:1312:0.2844,0.2809,-0.1369,-0.6767,-0.1150,-0.2144,0.3004,0.6088
I:1314:0.4822,-0.0427,0.0851,0.1186,-0.4451,0.3920,0.4655,0.0361
F:0.9828@390
A:0.9828@390
T:1315:0.6296,-0.1987,0.0256,0.0829,-0.5315,-0.1564,0.2838,-0.3331
C:1315:0.0000,0.0000,0.0000,0.0000,0.0000,0.0000,0.0000,0.0000
M:1315:0.2834,0.2803,-0.1361,-0.6769,-0.1142,-0.2153,0.3006,0.6091
I:1315:0.4822,-0.0427,0.0851,0.1186,-0.4451,0.3920,0.4655,0.0361
F:0.9828@390
A:0.9828@390
T:1316:0.6296,-0.1987,0.0256,0.0829,-0.5315,-0.1564,0.2838,-0.3331
C:1316:0.0000,0.0000,0.0000,0.0000,0.0000,0.0000,0.0000,0.0000
M:1316:0.2830,0.2801,-0.1347,-0.6770,-0.1137,-0.2155,0.3006,0.6095
I:1317:0.4822,-0.0427,0.0851,0.1186,-0.4451,0.3920,0.4655,0.0361
F:0.9828@390
A:0.9828@390
T:1318:0.6296,-0.1987,0.0256,0.0829,-0.5315,-0.1564,0.2838,-0.3331
C:1318:0.0000,0.0000,0.0000,0.0000,0.0000,0.0000,0.0000,0.0000
M:1318:0.2823,0.2799,-0.1338,-0.6771,-0.1134,-0.2160,0.3005,0.6097
I:1319:0.4822,-0.0427,0.0851,0.1186,-0.4451,0.3920,0.4655,0.0361
F:0.9826@390
A:0.9826@390
T:131a:0.6296,-0.1987,0.0256,0.0829,-0.5315,-0.1564,0.2838,-0.3331
C:131a:0.0000,0.0000,0.0000,0.0000,0.0000,0.0000,0.0000,0.0000
M:131a:0.2818,0.2796,-0.1331,-0.6773,-0.1130,-0.2166,0.3006,0.6100
I:131a:0.4822,-0.0427,0.0851,0.1186,-0.4451,0.3920,0.4655,0.0361
F:0.9822@390
A:0.9822@390
T:131c:0.6296,-0.1987,0.0256,0.0829,-0.5315,-0.1564,0.2838,-0.3331
C:131c:0.0000,0.0000,0.0000,0.0000,0.0000,0.0000,0.0000,0.0000
M:131c:0.2814,0.2796,-0.1321,-0.6774,-0.1127,-0.2169,0.3005,0.6103
I:131c:0.4822,-0.0427,0.0851,0.1186,-0.4451,0.3920,0.4655,0.0361
F:0.9822@390
A:0.9822@390
T:131e:0.6296,-0.1987,0.0256,0.0829,-0.5315,-0.1564,0.2838,-0.3331
C:131e:0.0000,0.0000,0.0000,0.0000,0.0000,0.0000,0.0000,0.0000
M:131e:0.2807,0.2792,-0.1320,-0.6777,-0.1120,-0.2179,0.3007,0.6106
I:131f:0.4822,-0.0427,0.0851,0.1186,-0.4451,0.3920,0.4655,0.0361
F:0.9822@390
A:0.9822@390
T:1320:0.6296,-0.1987,0.0256,0.0829,-0.5315,-0.1564,0.2838,-0.3331
C:1320:0.0000,0.0000,0.0000,0.0000,0.0000,0.0000,0.0000,0.0000
M:1320:0.2803,0.2789,-0.1316,-0.6779,-0.1108,-0.2185,0.3009,0.6110
I:1320:0.4822,-0.0427,0.0851,0.1186,-0.4451,0.3920,0.4655,0.0361
F:0.9822@390
A:0.9822@390
T:1322:0.6296,-0.1987,0.0256,0.0829,-0.5315,-0.1564,0.2838,-0.3331
C:1322:0.0000,0.0000,0.0000,0.0000,0.0000,0.0000,0.0000,0.0000
M:1322:0.2798,0.2785,-0.1311,-0.6781,-0.1095,-0.2190,0.3010,0.6114
I:1322:0.4822,-0.0427,0.0851,0.1186,-0.4451,0.3920,0.4655,0.0361
F:0.9811@390
A:0.9811@390
{
  "exo_version": "0.12",
  "last_tick": 4900,
  "attractor": {
    "events": 1,
    "sim_mean": 0.9811
  },
  "memory": {
    "unique_patterns": 3,
    "familiarity_mean": 0.9807
  },
  "path_dependency_index": 1.9150,
  "sedimentation": true
}

T:1325:0.6296,-0.1987,0.0256,0.0829,-0.5315,-0.1564,0.2838,-0.3331
C:1325:0.0000,0.0000,0.0000,0.0000,0.0000,0.0000,0.0000,0.0000
M:1325:0.2793,0.2784,-0.1299,-0.6782,-0.1086,-0.2189,0.3009,0.6117
I:1325:0.4822,-0.0427,0.0851,0.1186,-0.4451,0.3920,0.4655,0.0361
F:0.9807@390
A:0.9807@390
T:1327:0.6296,-0.1987,0.0256,0.0829,-0.5315,-0.1564,0.2838,-0.3331
C:1327:0.0000,0.0000,0.0000,0.0000,0.0000,0.0000,0.0000,0.0000
M:1327:0.2782,0.2776,-0.1298,-0.6785,-0.1071,-0.2199,0.3011,0.6121
I:1328:0.4822,-0.0427,0.0851,0.1186,-0.4451,0.3920,0.4655,0.0361
F:0.9807@390
A:0.9807@390
T:1329:0.6296,-0.1987,0.0256,0.0829,-0.5315,-0.1564,0.2838,-0.3331
C:1329:0.0000,0.0000,0.0000,0.0000,0.0000,0.0000,0.0000,0.0000
M:1329:0.2776,0.2771,-0.1289,-0.6787,-0.1054,-0.2204,0.3014,0.6126
I:1329:0.4822,-0.0427,0.0851,0.1186,-0.4451,0.3920,0.4655,0.0361
F:0.9802@390
A:0.9802@390
T:132b:0.6296,-0.1987,0.0256,0.0829,-0.5315,-0.1564,0.2838,-0.3331
C:132b:0.0000,0.0000,0.0000,0.0000,0.0000,0.0000,0.0000,0.0000
M:132b:0.2768,0.2765,-0.1278,-0.6788,-0.1040,-0.2206,0.3013,0.6130
I:132b:0.4822,-0.0427,0.0851,0.1186,-0.4451,0.3920,0.4655,0.0361
F:0.9802@390
A:0.9802@390
T:132d:0.6296,-0.1987,0.0256,0.0829,-0.5315,-0.1564,0.2838,-0.3331
C:132d:0.0000,0.0000,0.0000,0.0000,0.0000,0.0000,0.0000,0.0000
M:132d:0.2759,0.2761,-0.1264,-0.6790,-0.1029,-0.2208,0.3013,0.6134
I:132e:0.4822,-0.0427,0.0851,0.1186,-0.4451,0.3920,0.4655,0.0361
F:0.9802@390
A:0.9802@390
T:132f:0.6296,-0.1987,0.0256,0.0829,-0.5315,-0.1564,0.2838,-0.3331
C:132f:0.0000,0.0000,0.0000,0.0000,0.0000,0.0000,0.0000,0.0000
M:132f:0.2749,0.2756,-0.1250,-0.6791,-0.1021,-0.2210,0.3012,0.6137
I:1330:0.4822,-0.0427,0.0851,0.1186,-0.4451,0.3920,0.4655,0.0361
F:0.9802@390
A:0.9802@390
T:1331:0.6296,-0.1987,0.0256,0.0829,-0.5315,-0.1564,0.2838,-0.3331
C:1331:0.0000,0.0000,0.0000,0.0000,0.0000,0.0000,0.0000,0.0000
M:1331:0.2741,0.2752,-0.1238,-0.6792,-0.1016,-0.2215,0.3012,0.6139
I:1331:0.4822,-0.0427,0.0851,0.1186,-0.4451,0.3920,0.4655,0.0361
F:0.9802@390
A:0.9802@390
T:1333:0.6296,-0.1987,0.0256,0.0829,-0.5315,-0.1564,0.2838,-0.3331
C:1333:0.0000,0.0000,0.0000,0.0000,0.0000,0.0000,0.0000,0.0000
M:1333:0.2735,0.2751,-0.1223,-0.6792,-0.1015,-0.2216,0.3011,0.6141
I:1333:0.4822,-0.0427,0.0851,0.1186,-0.4451,0.3920,0.4655,0.0361
F:0.9802@390
A:0.9802@390
T:1335:0.6296,-0.1987,0.0256,0.0829,-0.5315,-0.1564,0.2838,-0.3331
C:1336:0.0000,0.0000,0.0000,0.0000,0.0000,0.0000,0.0000,0.0000
M:1336:0.2726,0.2747,-0.1218,-0.6794,-0.1012,-0.2226,0.3013,0.6144
I:1336:0.4822,-0.0427,0.0851,0.1186,-0.4451,0.3920,0.4655,0.0361
F:0.9802@390
A:0.9802@390
T:1337:0.6296,-0.1987,0.0256,0.0829,-0.5315,-0.1564,0.2838,-0.3331
C:1337:0.0000,0.0000,0.0000,0.0000,0.0000,0.0000,0.0000,0.0000
M:1337:0.2722,0.2744,-0.1213,-0.6796,-0.1005,-0.2234,0.3015,0.6147
I:1338:0.4822,-0.0427,0.0851,0.1186,-0.4451,0.3920,0.4655,0.0361
F:0.9802@390
A:0.9802@390
T:1339:0.6296,-0.1987,0.0256,0.0829,-0.5315,-0.1564,0.2838,-0.3331
C:1339:0.0000,0.0000,0.0000,0.0000,0.0000,0.0000,0.0000,0.0000
M:1339:0.2719,0.2741,-0.1207,-0.6799,-0.0996,-0.2240,0.3016,0.6151
I:1339:0.4822,-0.0427,0.0851,0.1186,-0.4451,0.3920,0.4655,0.0361
F:0.9795@390
A:0.9795@390
T:133b:0.6296,-0.1987,0.0256,0.0829,-0.5315,-0.1564,0.2838,-0.3331
C:133b:0.0000,0.0000,0.0000,0.0000,0.0000,0.0000,0.0000,0.0000
M:133b:0.2714,0.2739,-0.1201,-0.6801,-0.0985,-0.2245,0.3016,0.6155
I:133b:0.4822,-0.0427,0.0851,0.1186,-0.4451,0.3920,0.4655,0.0361
F:0.9793@390
A:0.9793@390
T:133d:0.6296,-0.1987,0.0256,0.0829,-0.5315,-0.1564,0.2838,-0.3331
C:133d:0.0000,0.0000,0.0000,0.0000,0.0000,0.0000,0.0000,0.0000
M:133d:0.2707,0.2735,-0.1194,-0.6802,-0.0973,-0.2249,0.3016,0.6159
I:133e:0.4822,-0.0427,0.0851,0.1186,-0.4451,0.3920,0.4655,0.0361
F:0.9789@390
A:0.9789@390
T:133f:0.6296,-0.1987,0.0256,0.0829,-0.5315,-0.1564,0.2838,-0.3331
C:133f:0.0000,0.0000,0.0000,0.0000,0.0000,0.0000,0.0000,0.0000
M:133f:0.2699,0.2732,-0.1185,-0.6804,-0.0962,-0.2252,0.3016,0.6162
I:1340:0.4822,-0.0427,0.0851,0.1186,-0.4451,0.3920,0.4655,0.0361
F:0.9784@390
A:0.9784@390
T:1341:0.6296,-0.1987,0.0256,0.0829,-0.5315,-0.1564,0.2838,-0.3331
C:1342:0.0000,0.0000,0.0000,0.0000,0.0000,0.0000,0.0000,0.0000
M:1342:0.2691,0.2727,-0.1175,-0.6805,-0.0951,-0.2255,0.3017,0.6165
I:1342:0.4822,-0.0427,0.0851,0.1186,-0.4451,0.3920,0.4655,0.0361
F:0.9784@390
A:0.9784@390
T:1343:0.6296,-0.1987,0.0256,0.0829,-0.5315,-0.1564,0.2838,-0.3331
C:1343:0.0000,0.0000,0.0000,0.0000,0.0000,0.0000,0.0000,0.0000
M:1344:0.2683,0.2723,-0.1164,-0.6807,-0.0942,-0.2259,0.3017,0.6168
I:1344:0.4822,-0.0427,0.0851,0.1186,-0.4451,0.3920,0.4655,0.0361
F:0.9784@390
A:0.9784@390
T:1345:0.6296,-0.1987,0.0256,0.0829,-0.5315,-0.1564,0.2838,-0.3331
C:1345:0.0000,0.0000,0.0000,0.0000,0.0000,0.0000,0.0000,0.0000
M:1345:0.2675,0.2719,-0.1153,-0.6808,-0.0934,-0.2263,0.3017,0.6171
I:1346:0.4822,-0.0427,0.0851,0.1186,-0.4451,0.3920,0.4655,0.0361
F:0.9784@390
A:0.9784@390
T:1347:0.6296,-0.1987,0.0256,0.0829,-0.5315,-0.1564,0.2838,-0.3331
C:1347:0.0000,0.0000,0.0000,0.0000,0.0000,0.0000,0.0000,0.0000
M:1347:0.2668,0.2715,-0.1143,-0.6809,-0.0927,-0.2268,0.3018,0.6174
I:1347:0.4822,-0.0427,0.0851,0.1186,-0.4451,0.3920,0.4655,0.0361
F:0.9784@390
A:0.9784@390
T:1349:0.6296,-0.1987,0.0256,0.0829,-0.5315,-0.1564,0.2838,-0.3331
C:1349:0.0000,0.0000,0.0000,0.0000,0.0000,0.0000,0.0000,0.0000
M:1349:0.2661,0.2712,-0.1134,-0.6811,-0.0920,-0.2273,0.3018,0.6177
I:1349:0.4822,-0.0427,0.0851,0.1186,-0.4451,0.3920,0.4655,0.0361
F:0.9784@390
A:0.9784@390
T:134b:0.6296,-0.1987,0.0256,0.0829,-0.5315,-0.1564,0.2838,-0.3331
C:134b:0.0000,0.0000,0.0000,0.0000,0.0000,0.0000,0.0000,0.0000
M:134b:0.2654,0.2708,-0.1125,-0.6812,-0.0913,-0.2278,0.3019,0.6180
I:134c:0.4822,-0.0427,0.0851,0.1186,-0.4451,0.3920,0.4655,0.0361
F:0.9784@390
A:0.9784@390
T:134d:0.6296,-0.1987,0.0256,0.0829,-0.5315,-0.1564,0.2838,-0.3331
C:134d:0.0000,0.0000,0.0000,0.0000,0.0000,0.0000,0.0000,0.0000
M:134d:0.2648,0.2705,-0.1117,-0.6814,-0.0905,-0.2283,0.3019,0.6183
I:134d:0.4822,-0.0427,0.0851,0.1186,-0.4451,0.3920,0.4655,0.0361
F:0.9784@390
A:0.9784@390
T:134e:0.6296,-0.1987,0.0256,0.0829,-0.5315,-0.1564,0.2838,-0.3331
C:134f:0.0000,0.0000,0.0000,0.0000,0.0000,0.0000,0.0000,0.0000
M:134f:0.2643,0.2704,-0.1104,-0.6815,-0.0901,-0.2284,0.3018,0.6186
I:134f:0.4822,-0.0427,0.0851,0.1186,-0.4451,0.3920,0.4655,0.0361
F:0.9784@390
A:0.9784@390
T:1351:0.6296,-0.1987,0.0256,0.0829,-0.5315,-0.1564,0.2838,-0.3331
C:1351:0.0000,0.0000,0.0000,0.0000,0.0000,0.0000,0.0000,0.0000
M:1352:0.2634,0.2699,-0.1100,-0.6817,-0.0893,-0.2293,0.3019,0.6189
I:1352:0.4822,-0.0427,0.0851,0.1186,-0.4451,0.3920,0.4655,0.0361
F:0.9774@390
A:0.9774@390
T:1353:0.6296,-0.1987,0.0256,0.0829,-0.5315,-0.1564,0.2838,-0.3331
C:1353:0.0000,0.0000,0.0000,0.0000,0.0000,0.0000,0.0000,0.0000
M:1353:0.2629,0.2695,-0.1094,-0.6819,-0.0882,-0.2299,0.3021,0.6192
I:1353:0.4822,-0.0427,0.0851,0.1186,-0.4451,0.3920,0.4655,0.0361
F:0.9769@390
A:0.9769@390
T:1355:0.6296,-0.1987,0.0256,0.0829,-0.5315,-0.1564,0.2838,-0.3331
C:1355:0.0000,0.0000,0.0000,0.0000,0.0000,0.0000,0.0000,0.0000
M:1355:0.2623,0.2692,-0.1086,-0.6821,-0.0871,-0.2303,0.3022,0.6196
I:1355:0.4822,-0.0427,0.0851,0.1186,-0.4451,0.3920,0.4655,0.0361
F:0.9764@390
A:0.9764@390
T:1357:0.6296,-0.1987,0.0256,0.0829,-0.5315,-0.1564,0.2838,-0.3331
C:1357:0.0000,0.0000,0.0000,0.0000,0.0000,0.0000,0.0000,0.0000
M:1357:0.2616,0.2688,-0.1077,-0.6822,-0.0859,-0.2307,0.3022,0.6199
I:1358:0.4822,-0.0427,0.0851,0.1186,-0.4451,0.3920,0.4655,0.0361
F:0.9764@390
A:0.9764@390
T:1359:0.6296,-0.1987,0.0256,0.0829,-0.5315,-0.1564,0.2838,-0.3331
C:1359:0.0000,0.0000,0.0000,0.0000,0.0000,0.0000,0.0000,0.0000
M:1359:0.2608,0.2684,-0.1067,-0.6824,-0.0849,-0.2310,0.3022,0.6203
I:135a:0.4822,-0.0427,0.0851,0.1186,-0.4451,0.3920,0.4655,0.0361
F:0.9760@390
A:0.9760@390
T:135b:0.6296,-0.1987,0.0256,0.0829,-0.5315,-0.1564,0.2838,-0.3331
C:135b:0.0000,0.0000,0.0000,0.0000,0.0000,0.0000,0.0000,0.0000
M:135b:0.2600,0.2680,-0.1056,-0.6825,-0.0840,-0.2313,0.3022,0.6206
I:135b:0.4822,-0.0427,0.0851,0.1186,-0.4451,0.3920,0.4655,0.0361
F:0.9755@390
A:0.9755@390
T:135c:0.6296,-0.1987,0.0256,0.0829,-0.5315,-0.1564,0.2838,-0.3331
C:135c:0.0000,0.0000,0.0000,0.0000,0.0000,0.0000,0.0000,0.0000
M:135d:0.2593,0.2678,-0.1040,-0.6826,-0.0836,-0.2314,0.3021,0.6208
I:135d:0.4822,-0.0427,0.0851,0.1186,-0.4451,0.3920,0.4655,0.0361
F:0.9755@390
A:0.9755@390
T:135e:0.6296,-0.1987,0.0256,0.0829,-0.5315,-0.1564,0.2838,-0.3331
C:135e:0.0000,0.0000,0.0000,0.0000,0.0000,0.0000,0.0000,0.0000
M:135e:0.2584,0.2675,-0.1029,-0.6827,-0.0834,-0.2318,0.3020,0.6210
I:135e:0.4822,-0.0427,0.0851,0.1186,-0.4451,0.3920,0.4655,0.0361
F:0.9755@390
A:0.9755@390
T:135f:0.6296,-0.1987,0.0256,0.0829,-0.5315,-0.1564,0.2838,-0.3331
C:1360:0.0000,0.0000,0.0000,0.0000,0.0000,0.0000,0.0000,0.0000
M:1360:0.2579,0.2674,-0.1017,-0.6827,-0.0835,-0.2321,0.3020,0.6211
I:1360:0.4822,-0.0427,0.0851,0.1186,-0.4451,0.3920,0.4655,0.0361
F:0.9755@390
A:0.9755@390
T:1362:0.6296,-0.1987,0.0256,0.0829,-0.5315,-0.1564,0.2838,-0.3331
C:1362:0.0000,0.0000,0.0000,0.0000,0.0000,0.0000,0.0000,0.0000
M:1363:0.2572,0.2670,-0.1015,-0.6829,-0.0831,-0.2332,0.3022,0.6214
I:1363:0.4822,-0.0427,0.0851,0.1186,-0.4451,0.3920,0.4655,0.0361
F:0.9755@390
A:0.9755@390
T:1364:0.6296,-0.1987,0.0256,0.0829,-0.5315,-0.1564,0.2838,-0.3331
C:1364:0.0000,0.0000,0.0000,0.0000,0.0000,0.0000,0.0000,0.0000
M:1364:0.2569,0.2667,-0.1013,-0.6832,-0.0822,-0.2340,0.3024,0.6217
I:1364:0.4822,-0.0427,0.0851,0.1186,-0.4451,0.3920,0.4655,0.0361
F:0.9755@390
A:0.9755@390
T:1366:0.6296,-0.1987,0.0256,0.0829,-0.5315,-0.1564,0.2838,-0.3331
C:1366:0.0000,0.0000,0.0000,0.0000,0.0000,0.0000,0.0000,0.0000
M:1366:0.2567,0.2666,-0.1005,-0.6833,-0.0813,-0.2342,0.3024,0.6220
I:1366:0.4822,-0.0427,0.0851,0.1186,-0.4451,0.3920,0.4655,0.0361
F:0.9755@390
A:0.9755@390
T:1368:0.6296,-0.1987,0.0256,0.0829,-0.5315,-0.1564,0.2838,-0.3331
C:1368:0.0000,0.0000,0.0000,0.0000,0.0000,0.0000,0.0000,0.0000
M:1368:0.2559,0.2661,-0.1003,-0.6835,-0.0799,-0.2349,0.3025,0.6224
I:1368:0.4822,-0.0427,0.0851,0.1186,-0.4451,0.3920,0.4655,0.0361
F:0.9747@390
A:0.9747@390
T:136a:0.6296,-0.1987,0.0256,0.0829,-0.5315,-0.1564,0.2838,-0.3331
C:136a:0.0000,0.0000,0.0000,0.0000,0.0000,0.0000,0.0000,0.0000
M:136a:0.2553,0.2656,-0.0996,-0.6837,-0.0783,-0.2353,0.3026,0.6228
I:136a:0.4822,-0.0427,0.0851,0.1186,-0.4451,0.3920,0.4655,0.0361
F:0.9742@390
A:0.9742@390
T:136c:0.6296,-0.1987,0.0256,0.0829,-0.5315,-0.1564,0.2838,-0.3331
C:136c:0.0000,0.0000,0.0000,0.0000,0.0000,0.0000,0.0000,0.0000
M:136c:0.2546,0.2653,-0.0981,-0.6838,-0.0772,-0.2351,0.3025,0.6231
I:136d:0.4822,-0.0427,0.0851,0.1186,-0.4451,0.3920,0.4655,0.0361
F:0.9742@390
A:0.9742@390
T:136e:0.6296,-0.1987,0.0256,0.0829,-0.5315,-0.1564,0.2838,-0.3331
C:136f:0.0000,0.0000,0.0000,0.0000,0.0000,0.0000,0.0000,0.0000
M:136f:0.2533,0.2647,-0.0972,-0.6839,-0.0760,-0.2357,0.3025,0.6234
I:136f:0.4822,-0.0427,0.0851,0.1186,-0.4451,0.3920,0.4655,0.0361
F:0.9742@390
A:0.9742@390
T:1370:0.6296,-0.1987,0.0256,0.0829,-0.5315,-0.1564,0.2838,-0.3331
C:1370:0.0000,0.0000,0.0000,0.0000,0.0000,0.0000,0.0000,0.0000
M:1370:0.2524,0.2642,-0.0959,-0.6841,-0.0749,-0.2361,0.3026,0.6237
I:1370:0.4822,-0.0427,0.0851,0.1186,-0.4451,0.3920,0.4655,0.0361
F:0.9742@390
A:0.9742@390
T:1372:0.6296,-0.1987,0.0256,0.0829,-0.5315,-0.1564,0.2838,-0.3331
C:1372:0.0000,0.0000,0.0000,0.0000,0.0000,0.0000,0.0000,0.0000
M:1372:0.2516,0.2637,-0.0946,-0.6842,-0.0741,-0.2365,0.3026,0.6240
I:1373:0.4822,-0.0427,0.0851,0.1186,-0.4451,0.3920,0.4655,0.0361
F:0.9742@390
A:0.9742@390
T:1374:0.6296,-0.1987,0.0256,0.0829,-0.5315,-0.1564,0.2838,-0.3331
C:1374:0.0000,0.0000,0.0000,0.0000,0.0000,0.0000,0.0000,0.0000
M:1374:0.2508,0.2633,-0.0933,-0.6843,-0.0735,-0.2369,0.3026,0.6243
I:1375:0.4822,-0.0427,0.0851,0.1186,-0.4451,0.3920,0.4655,0.0361
F:0.9742@390
A:0.9742@390
T:1376:0.6296,-0.1987,0.0256,0.0829,-0.5315,-0.1564,0.2838,-0.3331
C:1376:0.0000,0.0000,0.0000,0.0000,0.0000,0.0000,0.0000,0.0000
M:1376:0.2500,0.2629,-0.0921,-0.6844,-0.0730,-0.2374,0.3026,0.6245
I:1377:0.4822,-0.0427,0.0851,0.1186,-0.4451,0.3920,0.4655,0.0361
F:0.9737@390
A:0.9737@390
T:1378:0.6296,-0.1987,0.0256,0.0829,-0.5315,-0.1564,0.2838,-0.3331
C:1378:0.0000,0.0000,0.0000,0.0000,0.0000,0.0000,0.0000,0.0000
M:1378:0.2493,0.2626,-0.0910,-0.6846,-0.0725,-0.2379,0.3026,0.6248
I:1378:0.4822,-0.0427,0.0851,0.1186,-0.4451,0.3920,0.4655,0.0361
F:0.9737@390
A:0.9737@390
T:137b:0.6296,-0.1987,0.0256,0.0829,-0.5315,-0.1564,0.2838,-0.3331
C:137b:0.0000,0.0000,0.0000,0.0000,0.0000,0.0000,0.0000,0.0000
M:137b:0.2486,0.2624,-0.0901,-0.6847,-0.0720,-0.2385,0.3027,0.6251
I:137b:0.4822,-0.0427,0.0851,0.1186,-0.4451,0.3920,0.4655,0.0361
F:0.9737@390
A:0.9737@390
T:137c:0.6296,-0.1987,0.0256,0.0829,-0.5315,-0.1564,0.2838,-0.3331
C:137c:0.0000,0.0000,0.0000,0.0000,0.0000,0.0000,0.0000,0.0000
M:137c:0.2480,0.2621,-0.0893,-0.6849,-0.0714,-0.2391,0.3027,0.6254
I:137d:0.4822,-0.0427,0.0851,0.1186,-0.4451,0.3920,0.4655,0.0361
F:0.9731@390
A:0.9731@390
T:137e:0.6296,-0.1987,0.0256,0.0829,-0.5315,-0.1564,0.2838,-0.3331
C:137e:0.0000,0.0000,0.0000,0.0000,0.0000,0.0000,0.0000,0.0000
M:137e:0.2474,0.2618,-0.0886,-0.6851,-0.0706,-0.2396,0.3028,0.6257
I:137f:0.4822,-0.0427,0.0851,0.1186,-0.4451,0.3920,0.4655,0.0361
F:0.9731@390
A:0.9731@390
T:1380:0.6296,-0.1987,0.0256,0.0829,-0.5315,-0.1564,0.2838,-0.3331
C:1380:0.0000,0.0000,0.0000,0.0000,0.0000,0.0000,0.0000,0.0000
M:1380:0.2468,0.2615,-0.0878,-0.6852,-0.0697,-0.2401,0.3028,0.6260
I:1381:0.4822,-0.0427,0.0851,0.1186,-0.4451,0.3920,0.4655,0.0361
F:0.9718@390
A:0.9718@390
T:1382:0.6296,-0.1987,0.0256,0.0829,-0.5315,-0.1564,0.2838,-0.3331
C:1382:0.0000,0.0000,0.0000,0.0000,0.0000,0.0000,0.0000,0.0000
M:1382:0.2461,0.2612,-0.0869,-0.6854,-0.0687,-0.2406,0.3029,0.6263
I:1382:0.4822,-0.0427,0.0851,0.1186,-0.4451,0.3920,0.4655,0.0361
F:0.9718@390
A:0.9718@390
T:1384:0.6296,-0.1987,0.0256,0.0829,-0.5315,-0.1564,0.2838,-0.3331
C:1385:0.0000,0.0000,0.0000,0.0000,0.0000,0.0000,0.0000,0.0000
M:1385:0.2454,0.2608,-0.0860,-0.6856,-0.0677,-0.2410,0.3029,0.6266
I:1385:0.4822,-0.0427,0.0851,0.1186,-0.4451,0.3920,0.4655,0.0361
F:0.9718@390
A:0.9718@390
T:1386:0.6296,-0.1987,0.0256,0.0829,-0.5315,-0.1564,0.2838,-0.3331
C:1386:0.0000,0.0000,0.0000,0.0000,0.0000,0.0000,0.0000,0.0000
M:1386:0.2446,0.2604,-0.0849,-0.6857,-0.0668,-0.2414,0.3029,0.6269
I:1386:0.4822,-0.0427,0.0851,0.1186,-0.4451,0.3920,0.4655,0.0361
F:0.9718@390
A:0.9718@390
SLEEP:AUTO@5000
SLEEP:BEGIN
SLEEP:processed=32 novel=0 familiar=32 delta=2.1628
SLEEP:END
T:138a:0.6296,-0.1987,0.0256,0.0829,-0.5315,-0.1564,0.2838,-0.3331
C:138a:0.0000,0.0000,0.0000,0.0000,0.0000,0.0000,0.0000,0.0000
M:138b:0.3515,0.3946,0.2033,-0.5971,-0.2861,0.1249,0.0809,0.5432
I:138b:0.4822,-0.0427,0.0851,0.1186,-0.4451,0.3920,0.4655,0.0361
F:0.9503@390
A:0.9503@390
T:138c:0.6296,-0.1987,0.0256,0.0829,-0.5315,-0.1564,0.2838,-0.3331
C:138c:0.0000,0.0000,0.0000,0.0000,0.0000,0.0000,0.0000,0.0000
M:138c:0.2380,0.4460,0.2734,-0.5112,-0.4333,0.2192,0.0165,0.2467
I:138c:0.4822,-0.0427,0.0851,0.1186,-0.4451,0.3920,0.4655,0.0361
F:0.9031@390
A:0.9031@390
T:138d:0.6296,-0.1987,0.0256,0.0829,-0.5315,-0.1564,0.2838,-0.3331
C:138e:0.0000,0.0000,0.0000,0.0000,0.0000,0.0000,0.0000,0.0000
M:138e:0.1194,0.4195,0.2059,-0.4130,-0.4978,0.1396,0.0534,-0.0593
I:138e:0.4822,-0.0427,0.0851,0.1186,-0.4451,0.3920,0.4655,0.0361
F:0.9309@1010
A:0.9309@1010
T:1390:0.6296,-0.1987,0.0256,0.0829,-0.5315,-0.1564,0.2838,-0.3331
C:1390:0.0000,0.0000,0.0000,0.0000,0.0000,0.0000,0.0000,0.0000
M:1390:0.1327,0.3226,0.0331,-0.3068,-0.4897,-0.0144,0.0893,-0.2316
I:1391:0.4823,-0.0426,0.0851,0.1187,-0.4452,0.3919,0.4655,0.0361
F:0.9828@1010
A:0.9828@1010
T:1392:0.6296,-0.1987,0.0256,0.0829,-0.5315,-0.1564,0.2838,-0.3331
C:1392:0.0000,0.0000,0.0000,0.0000,0.0000,0.0000,0.0000,0.0000
M:1392:0.2151,0.1985,-0.1438,-0.2526,-0.3953,-0.1239,0.0959,-0.2675
I:1393:0.4823,-0.0426,0.0852,0.1187,-0.4452,0.3920,0.4655,0.0360
F:1.0000@1010
A:1.0000@1010
T:1394:0.6296,-0.1987,0.0256,0.0829,-0.5315,-0.1564,0.2838,-0.3331
C:1394:0.0000,0.0000,0.0000,0.0000,0.0000,0.0000,0.0000,0.0000
M:1394:0.2891,0.1037,-0.2642,-0.2514,-0.1938,-0.1548,0.0890,-0.1900
I:1395:0.4824,-0.0426,0.0853,0.1188,-0.4452,0.3920,0.4655,0.0360
F:0.9823@1010
A:0.9823@1010
T:1396:0.6296,-0.1987,0.0256,0.0829,-0.5315,-0.1564,0.2838,-0.3331
C:1396:0.0000,0.0000,0.0000,0.0000,0.0000,0.0000,0.0000,0.0000
M:1396:0.3166,0.0597,-0.3004,-0.2593,0.0154,-0.0712,0.0640,-0.0357
I:1396:0.4824,-0.0426,0.0853,0.1188,-0.4453,0.3920,0.4655,0.0360
F:0.9346@1010
A:0.9346@1010
T:1397:0.6296,-0.1987,0.0256,0.0829,-0.5315,-0.1564,0.2838,-0.3331
C:1397:0.0000,0.0000,0.0000,0.0000,0.0000,0.0000,0.0000,0.0000
M:1397:0.2796,0.0383,-0.2596,-0.2533,0.1346,0.0564,0.0514,0.0770
I:1397:0.4824,-0.0426,0.0853,0.1189,-0.4453,0.3920,0.4655,0.0359
F:0.9380@20
A:0.9380@20
T:139a:0.6296,-0.1987,0.0256,0.0829,-0.5315,-0.1564,0.2838,-0.3331
C:139a:0.0000,0.0000,0.0000,0.0000,0.0000,0.0000,0.0000,0.0000
M:139a:0.2014,-0.0018,-0.1848,-0.2193,0.1603,0.1359,0.0668,0.1156
I:139a:0.4811,-0.0396,0.0872,0.1179,-0.4453,0.3944,0.4646,0.0360
F:0.9362@20
A:0.9362@20
T:139c:0.6296,-0.1987,0.0256,0.0829,-0.5315,-0.1564,0.2838,-0.3331
C:139c:0.0000,0.0000,0.0000,0.0000,0.0000,0.0000,0.0000,0.0000
M:139c:0.1516,-0.0617,-0.1250,-0.1607,0.1196,0.1499,0.0911,0.1118
I:139c:0.4800,-0.0381,0.0880,0.1179,-0.4449,0.3964,0.4635,0.0360
F:0.9365@20
A:0.9365@20
T:139e:0.6296,-0.1987,0.0256,0.0829,-0.5315,-0.1564,0.2838,-0.3331
C:139e:0.0000,0.0000,0.0000,0.0000,0.0000,0.0000,0.0000,0.0000
M:139e:0.1610,-0.1196,-0.1237,-0.1076,0.0604,0.1002,0.1061,0.1130
I:139e:0.4792,-0.0377,0.0879,0.1184,-0.4444,0.3976,0.4624,0.0359
F:0.9385@20
A:0.9385@20
T:13a0:0.6296,-0.1987,0.0256,0.0829,-0.5315,-0.1564,0.2838,-0.3331
C:13a0:0.0000,0.0000,0.0000,0.0000,0.0000,0.0000,0.0000,0.0000
M:13a0:0.2119,-0.1488,-0.1636,-0.1083,0.0375,0.0306,0.1071,0.1542
I:13a0:0.4786,-0.0382,0.0874,0.1190,-0.4439,0.3980,0.4616,0.0357
F:0.9442@20
A:0.9442@20
T:13a2:0.6296,-0.1987,0.0256,0.0829,-0.5315,-0.1564,0.2838,-0.3331
C:13a2:0.0000,0.0000,0.0000,0.0000,0.0000,0.0000,0.0000,0.0000
M:13a2:0.2657,-0.1253,-0.1891,-0.1623,0.0467,0.0190,0.0976,0.2211
I:13a3:0.4783,-0.0389,0.0866,0.1194,-0.4434,0.3979,0.4610,0.0355
F:0.9488@20
A:0.9488@20
T:13a4:0.6296,-0.1987,0.0256,0.0829,-0.5315,-0.1564,0.2838,-0.3331
C:13a4:0.0000,0.0000,0.0000,0.0000,0.0000,0.0000,0.0000,0.0000
M:13a4:0.2894,-0.0539,-0.1783,-0.2240,0.0367,0.0624,0.0921,0.2695
I:13a4:0.4782,-0.0398,0.0858,0.1196,-0.4431,0.3976,0.4607,0.0353
F:0.9514@20
A:0.9514@20
T:13a6:0.6296,-0.1987,0.0256,0.0829,-0.5315,-0.1564,0.2838,-0.3331
C:13a6:0.0000,0.0000,0.0000,0.0000,0.0000,0.0000,0.0000,0.0000
M:13a7:0.2799,0.0178,-0.1507,-0.2657,-0.0242,0.1017,0.0984,0.2769
I:13a7:0.4783,-0.0404,0.0851,0.1196,-0.4429,0.3971,0.4607,0.0353
F:0.9499@20
A:0.9499@20
T:13a9:0.6296,-0.1987,0.0256,0.0829,-0.5315,-0.1564,0.2838,-0.3331
C:13a9:0.0000,0.0000,0.0000,0.0000,0.0000,0.0000,0.0000,0.0000
M:13a9:0.2680,0.0664,-0.1408,-0.2920,-0.1081,0.1032,0.1182,0.2507
I:13a9:0.4785,-0.0407,0.0848,0.1194,-0.4428,0.3966,0.4608,0.0352
F:0.9484@20
A:0.9484@20
T:13aa:0.6296,-0.1987,0.0256,0.0829,-0.5315,-0.1564,0.2838,-0.3331
C:13aa:0.0000,0.0000,0.0000,0.0000,0.0000,0.0000,0.0000,0.0000
M:13aa:0.2780,0.0956,-0.1613,-0.3138,-0.1773,0.0690,0.1414,0.2187
I:13ab:0.4788,-0.0408,0.0846,0.1191,-0.4428,0.3963,0.4610,0.0353
F:0.9541@390
A:0.9541@390
T:13ac:0.6296,-0.1987,0.0256,0.0829,-0.5315,-0.1564,0.2838,-0.3331
C:13ac:0.0000,0.0000,0.0000,0.0000,0.0000,0.0000,0.0000,0.0000
M:13ac:0.3060,0.1196,-0.1976,-0.3382,-0.2150,0.0281,0.1570,0.2072
I:13ac:0.4800,-0.0438,0.0827,0.1199,-0.4428,0.3937,0.4621,0.0352
F:0.9619@390
A:0.9619@390
T:13ae:0.6296,-0.1987,0.0256,0.0829,-0.5315,-0.1564,0.2838,-0.3331
C:13ae:0.0000,0.0000,0.0000,0.0000,0.0000,0.0000,0.0000,0.0000
M:13ae:0.3353,0.1480,-0.2294,-0.3657,-0.2268,0.0097,0.1630,0.2176
I:13af:0.4812,-0.0452,0.0820,0.1197,-0.4432,0.3917,0.4634,0.0353
F:0.9699@390
A:0.9699@390
T:13b0:0.6296,-0.1987,0.0256,0.0829,-0.5315,-0.1564,0.2838,-0.3331
C:13b0:0.0000,0.0000,0.0000,0.0000,0.0000,0.0000,0.0000,0.0000
M:13b0:0.3536,0.1777,-0.2480,-0.3911,-0.2290,0.0153,0.1656,0.2332
I:13b1:0.4822,-0.0453,0.0823,0.1190,-0.4438,0.3906,0.4645,0.0355
F:0.9756@390
A:0.9756@390
T:13b2:0.6296,-0.1987,0.0256,0.0829,-0.5315,-0.1564,0.2838,-0.3331
C:13b2:0.0000,0.0000,0.0000,0.0000,0.0000,0.0000,0.0000,0.0000
M:13b3:0.3598,0.2012,-0.2566,-0.4098,-0.2332,0.0282,0.1704,0.2416
I:13b3:0.4827,-0.0447,0.0830,0.1183,-0.4443,0.3902,0.4654,0.0358
F:0.9788@390
A:0.9788@390
T:13b4:0.6296,-0.1987,0.0256,0.0829,-0.5315,-0.1564,0.2838,-0.3331
C:13b4:0.0000,0.0000,0.0000,0.0000,0.0000,0.0000,0.0000,0.0000
M:13b4:0.3601,0.2154,-0.2617,-0.4216,-0.2414,0.0352,0.1780,0.2420
I:13b4:0.4830,-0.0437,0.0839,0.1178,-0.4448,0.3905,0.4659,0.0360
F:0.9800@390
A:0.9800@390
T:13b6:0.6296,-0.1987,0.0256,0.0829,-0.5315,-0.1564,0.2838,-0.3331
C:13b6:0.0000,0.0000,0.0000,0.0000,0.0000,0.0000,0.0000,0.0000
M:13b6:0.3612,0.2222,-0.2672,-0.4285,-0.2500,0.0345,0.1857,0.2395
I:13b6:0.4830,-0.0427,0.0848,0.1176,-0.4451,0.3910,0.4662,0.0361
F:0.9798@390
A:0.9798@390
T:13b8:0.6296,-0.1987,0.0256,0.0829,-0.5315,-0.1564,0.2838,-0.3331
C:13b8:0.0000,0.0000,0.0000,0.0000,0.0000,0.0000,0.0000,0.0000
M:13b8:0.3646,0.2251,-0.2742,-0.4336,-0.2555,0.0284,0.1918,0.2396
I:13b8:0.4829,-0.0421,0.0855,0.1177,-0.4453,0.3916,0.4662,0.0362
F:0.9810@390
A:0.9810@390
T:13ba:0.6296,-0.1987,0.0256,0.0829,-0.5315,-0.1564,0.2838,-0.3331
C:13ba:0.0000,0.0000,0.0000,0.0000,0.0000,0.0000,0.0000,0.0000
M:13ba:0.3699,0.2282,-0.2800,-0.4383,-0.2579,0.0248,0.1952,0.2437
I:13ba:0.4826,-0.0417,0.0859,0.1179,-0.4454,0.3921,0.4660,0.0362
F:0.9818@390
A:0.9818@390
T:13bc:0.6296,-0.1987,0.0256,0.0829,-0.5315,-0.1564,0.2838,-0.3331
C:13bc:0.0000,0.0000,0.0000,0.0000,0.0000,0.0000,0.0000,0.0000
M:13bc:0.3740,0.2317,-0.2842,-0.4432,-0.2586,0.0232,0.1972,0.2497
I:13bc:0.4824,-0.0417,0.0860,0.1183,-0.4454,0.3924,0.4658,0.0362
F:0.9825@390
A:0.9825@390
T:13be:0.6296,-0.1987,0.0256,0.0829,-0.5315,-0.1564,0.2838,-0.3331
C:13be:0.0000,0.0000,0.0000,0.0000,0.0000,0.0000,0.0000,0.0000
M:13be:0.3767,0.2358,-0.2862,-0.4477,-0.2595,0.0244,0.1987,0.2557
I:13be:0.4821,-0.0419,0.0858,0.1186,-0.4453,0.3925,0.4656,0.0361
F:0.9833@390
A:0.9833@390
T:13c0:0.6296,-0.1987,0.0256,0.0829,-0.5315,-0.1564,0.2838,-0.3331
C:13c0:0.0000,0.0000,0.0000,0.0000,0.0000,0.0000,0.0000,0.0000
M:13c0:0.3781,0.2396,-0.2870,-0.4516,-0.2616,0.0257,0.2003,0.2600
I:13c1:0.4820,-0.0423,0.0855,0.1188,-0.4452,0.3925,0.4654,0.0361
F:0.9848@390
A:0.9848@390
T:13c3:0.6296,-0.1987,0.0256,0.0829,-0.5315,-0.1564,0.2838,-0.3331
C:13c3:0.0000,0.0000,0.0000,0.0000,0.0000,0.0000,0.0000,0.0000
M:13c3:0.3788,0.2426,-0.2874,-0.4547,-0.2645,0.0258,0.2021,0.2629
I:13c3:0.4820,-0.0426,0.0853,0.1190,-0.4451,0.3923,0.4653,0.0360
F:0.9851@390
A:0.9851@390
T:13c4:0.6296,-0.1987,0.0256,0.0829,-0.5315,-0.1564,0.2838,-0.3331
C:13c4:0.0000,0.0000,0.0000,0.0000,0.0000,0.0000,0.0000,0.0000
M:13c4:0.3797,0.2451,-0.2880,-0.4575,-0.2675,0.0249,0.2039,0.2653
I:13c4:0.4820,-0.0429,0.0850,0.1190,-0.4451,0.3921,0.4653,0.0360
F:0.9851@390
A:0.9851@390
T:13c7:0.6296,-0.1987,0.0256,0.0829,-0.5315,-0.1564,0.2838,-0.3331
C:13c7:0.0000,0.0000,0.0000,0.0000,0.0000,0.0000,0.0000,0.0000
M:13c7:0.3809,0.2475,-0.2887,-0.4601,-0.2702,0.0234,0.2053,0.2676
I:13c7:0.4820,-0.0430,0.0849,0.1189,-0.4450,0.3920,0.4653,0.0360
F:0.9856@390
A:0.9856@390
T:13c8:0.6296,-0.1987,0.0256,0.0829,-0.5315,-0.1564,0.2838,-0.3331
C:13c8:0.0000,0.0000,0.0000,0.0000,0.0000,0.0000,0.0000,0.0000
M:13c9:0.3821,0.2498,-0.2893,-0.4627,-0.2724,0.0222,0.2064,0.2701
I:13c9:0.4821,-0.0431,0.0848,0.1188,-0.4450,0.3918,0.4654,0.0361
F:0.9863@390
A:0.9863@390
T:13ca:0.6296,-0.1987,0.0256,0.0829,-0.5315,-0.1564,0.2838,-0.3331
C:13ca:0.0000,0.0000,0.0000,0.0000,0.0000,0.0000,0.0000,0.0000
M:13ca:0.3832,0.2522,-0.2897,-0.4651,-0.2743,0.0214,0.2073,0.2725
I:13ca:0.4822,-0.0430,0.0848,0.1187,-0.4451,0.3918,0.4655,0.0361
F:0.9866@390
A:0.9866@390
T:13cb:0.6296,-0.1987,0.0256,0.0829,-0.5315,-0.1564,0.2838,-0.3331
C:13cb:0.0000,0.0000,0.0000,0.0000,0.0000,0.0000,0.0000,0.0000
M:13cb:0.3841,0.2547,-0.2897,-0.4673,-0.2763,0.0213,0.2079,0.2745
I:13cb:0.4822,-0.0429,0.0849,0.1186,-0.4451,0.3918,0.4655,0.0361
F:0.9866@390
A:0.9866@390
T:13cd:0.6296,-0.1987,0.0256,0.0829,-0.5315,-0.1564,0.2838,-0.3331
C:13cd:0.0000,0.0000,0.0000,0.0000,0.0000,0.0000,0.0000,0.0000
M:13cd:0.3847,0.2569,-0.2896,-0.4691,-0.2784,0.0211,0.2085,0.2758
I:13cd:0.4822,-0.0428,0.0850,0.1185,-0.4451,0.3918,0.4655,0.0361
F:0.9866@390
A:0.9866@390
T:13ce:0.6296,-0.1987,0.0256,0.0829,-0.5315,-0.1564,0.2838,-0.3331
C:13ce:0.0000,0.0000,0.0000,0.0000,0.0000,0.0000,0.0000,0.0000
M:13ce:0.3850,0.2586,-0.2900,-0.4708,-0.2801,0.0199,0.2094,0.2769
I:13ce:0.4822,-0.0427,0.0851,0.1185,-0.4451,0.3919,0.4656,0.0361
F:0.9871@390
A:0.9871@390
T:13d0:0.6296,-0.1987,0.0256,0.0829,-0.5315,-0.1564,0.2838,-0.3331
C:13d0:0.0000,0.0000,0.0000,0.0000,0.0000,0.0000,0.0000,0.0000
M:13d0:0.3855,0.2600,-0.2904,-0.4725,-0.2813,0.0187,0.2101,0.2783
I:13d1:0.4822,-0.0426,0.0851,0.1185,-0.4451,0.3919,0.4656,0.0361
F:0.9875@390
A:0.9875@390
T:13d2:0.6296,-0.1987,0.0256,0.0829,-0.5315,-0.1564,0.2838,-0.3331
C:13d2:0.0000,0.0000,0.0000,0.0000,0.0000,0.0000,0.0000,0.0000
M:13d2:0.3861,0.2614,-0.2907,-0.4742,-0.2821,0.0178,0.2108,0.2800
I:13d2:0.4822,-0.0426,0.0852,0.1185,-0.4452,0.3920,0.4655,0.0361
F:0.9882@390
A:0.9882@390
T:13d4:0.6296,-0.1987,0.0256,0.0829,-0.5315,-0.1564,0.2838,-0.3331
C:13d4:0.0000,0.0000,0.0000,0.0000,0.0000,0.0000,0.0000,0.0000
M:13d4:0.3865,0.2627,-0.2907,-0.4759,-0.2829,0.0172,0.2114,0.2818
I:13d4:0.4822,-0.0426,0.0852,0.1186,-0.4451,0.3920,0.4655,0.0361
F:0.9882@390
A:0.9882@390
T:13d5:0.6296,-0.1987,0.0256,0.0829,-0.5315,-0.1564,0.2838,-0.3331
C:13d6:0.0000,0.0000,0.0000,0.0000,0.0000,0.0000,0.0000,0.0000
M:13d6:0.3868,0.2641,-0.2903,-0.4773,-0.2839,0.0173,0.2118,0.2834
I:13d6:0.4822,-0.0426,0.0851,0.1186,-0.4451,0.3920,0.4655,0.0361
F:0.9882@390
A:0.9882@390
T:13d7:0.6296,-0.1987,0.0256,0.0829,-0.5315,-0.1564,0.2838,-0.3331
C:13d7:0.0000,0.0000,0.0000,0.0000,0.0000,0.0000,0.0000,0.0000
M:13d7:0.3869,0.2652,-0.2902,-0.4786,-0.2849,0.0166,0.2124,0.2846
I:13d8:0.4822,-0.0427,0.0851,0.1186,-0.4451,0.3920,0.4655,0.0361
F:0.9882@390
A:0.9882@390
T:13d9:0.6296,-0.1987,0.0256,0.0829,-0.5315,-0.1564,0.2838,-0.3331
C:13d9:0.0000,0.0000,0.0000,0.0000,0.0000,0.0000,0.0000,0.0000
M:13d9:0.3871,0.2662,-0.2902,-0.4800,-0.2857,0.0157,0.2130,0.2860
I:13da:0.4822,-0.0427,0.0851,0.1186,-0.4451,0.3920,0.4655,0.0361
F:0.9882@390
A:0.9882@390
T:13db:0.6296,-0.1987,0.0256,0.0829,-0.5315,-0.1564,0.2838,-0.3331
C:13db:0.0000,0.0000,0.0000,0.0000,0.0000,0.0000,0.0000,0.0000
M:13db:0.3873,0.2671,-0.2902,-0.4813,-0.2863,0.0148,0.2136,0.2875
I:13dc:0.4822,-0.0427,0.0851,0.1186,-0.4451,0.3920,0.4655,0.0361
F:0.9886@390
A:0.9886@390
T:13dd:0.6296,-0.1987,0.0256,0.0829,-0.5315,-0.1564,0.2838,-0.3331
C:13dd:0.0000,0.0000,0.0000,0.0000,0.0000,0.0000,0.0000,0.0000
M:13dd:0.3876,0.2681,-0.2900,-0.4827,-0.2869,0.0141,0.2141,0.2892
I:13de:0.4822,-0.0427,0.0851,0.1186,-0.4451,0.3920,0.4655,0.0361
F:0.9886@390
A:0.9886@390
T:13df:0.6296,-0.1987,0.0256,0.0829,-0.5315,-0.1564,0.2838,-0.3331
C:13df:0.0000,0.0000,0.0000,0.0000,0.0000,0.0000,0.0000,0.0000
M:13df:0.3878,0.2691,-0.2898,-0.4841,-0.2875,0.0136,0.2146,0.2909
I:13df:0.4822,-0.0427,0.0850,0.1186,-0.4451,0.3919,0.4655,0.0361
F:0.9895@390
A:0.9895@390
T:13e1:0.6296,-0.1987,0.0256,0.0829,-0.5315,-0.1564,0.2838,-0.3331
C:13e1:0.0000,0.0000,0.0000,0.0000,0.0000,0.0000,0.0000,0.0000
M:13e1:0.3879,0.2701,-0.2896,-0.4855,-0.2882,0.0130,0.2151,0.2926
I:13e1:0.4822,-0.0427,0.0850,0.1186,-0.4451,0.3919,0.4655,0.0361
F:0.9897@390
A:0.9897@390
T:13e3:0.6296,-0.1987,0.0256,0.0829,-0.5315,-0.1564,0.2838,-0.3331
C:13e3:0.0000,0.0000,0.0000,0.0000,0.0000,0.0000,0.0000,0.0000
M:13e3:0.3881,0.2711,-0.2893,-0.4868,-0.2889,0.0123,0.2156,0.2941
I:13e3:0.4822,-0.0427,0.0851,0.1186,-0.4451,0.3919,0.4655,0.0361
F:0.9897@390
A:0.9897@390
T:13e5:0.6296,-0.1987,0.0256,0.0829,-0.5315,-0.1564,0.2838,-0.3331
C:13e5:0.0000,0.0000,0.0000,0.0000,0.0000,0.0000,0.0000,0.0000
M:13e5:0.3883,0.2723,-0.2887,-0.4880,-0.2899,0.0123,0.2159,0.2955
I:13e6:0.4822,-0.0427,0.0851,0.1186,-0.4451,0.3919,0.4655,0.0361
F:0.9897@390
A:0.9897@390
T:13e7:0.6296,-0.1987,0.0256,0.0829,-0.5315,-0.1564,0.2838,-0.3331
C:13e7:0.0000,0.0000,0.0000,0.0000,0.0000,0.0000,0.0000,0.0000
M:13e7:0.3883,0.2730,-0.2889,-0.4893,-0.2906,0.0108,0.2166,0.2969
I:13e7:0.4822,-0.0427,0.0851,0.1186,-0.4451,0.3919,0.4655,0.0361
F:0.9897@390
A:0.9897@390
T:13e9:0.6296,-0.1987,0.0256,0.0829,-0.5315,-0.1564,0.2838,-0.3331
C:13e9:0.0000,0.0000,0.0000,0.0000,0.0000,0.0000,0.0000,0.0000
M:13e9:0.3886,0.2741,-0.2884,-0.4905,-0.2913,0.0106,0.2170,0.2984
I:13e9:0.4822,-0.0427,0.0851,0.1186,-0.4451,0.3920,0.4655,0.0361
F:0.9900@390
A:0.9900@390
T:13ea:0.6296,-0.1987,0.0256,0.0829,-0.5315,-0.1564,0.2838,-0.3331
C:13ea:0.0000,0.0000,0.0000,0.0000,0.0000,0.0000,0.0000,0.0000
M:13ea:0.3887,0.2750,-0.2882,-0.4917,-0.2921,0.0099,0.2174,0.2998
I:13eb:0.4822,-0.0427,0.0851,0.1186,-0.4451,0.3920,0.4655,0.0361
F:0.9903@390
A:0.9903@390
{
  "exo_version": "0.12",
  "last_tick": 5100,
  "attractor": {
    "events": 1,
    "sim_mean": 0.9903
  },
  "memory": {
    "unique_patterns": 3,
    "familiarity_mean": 0.9910
  },
  "path_dependency_index": 1.9150,
  "sedimentation": true
}

T:13ec:0.6296,-0.1987,0.0256,0.0829,-0.5315,-0.1564,0.2838,-0.3331
C:13ed:0.0000,0.0000,0.0000,0.0000,0.0000,0.0000,0.0000,0.0000
M:13ed:0.3889,0.2759,-0.2880,-0.4929,-0.2927,0.0091,0.2179,0.3012
I:13ee:0.4822,-0.0427,0.0851,0.1186,-0.4451,0.3920,0.4655,0.0361
F:0.9910@390
A:0.9910@390
T:13ef:0.6296,-0.1987,0.0256,0.0829,-0.5315,-0.1564,0.2838,-0.3331
C:13ef:0.0000,0.0000,0.0000,0.0000,0.0000,0.0000,0.0000,0.0000
M:13ef:0.3889,0.2766,-0.2881,-0.4943,-0.2930,0.0077,0.2185,0.3029
I:13f0:0.4822,-0.0427,0.0851,0.1186,-0.4451,0.3920,0.4655,0.0361
F:0.9910@390
A:0.9910@390
T:13f1:0.6296,-0.1987,0.0256,0.0829,-0.5315,-0.1564,0.2838,-0.3331
C:13f1:0.0000,0.0000,0.0000,0.0000,0.0000,0.0000,0.0000,0.0000
M:13f1:0.3892,0.2775,-0.2878,-0.4957,-0.2933,0.0072,0.2190,0.3048
I:13f2:0.4822,-0.0427,0.0851,0.1186,-0.4451,0.3920,0.4655,0.0361
F:0.9910@390
A:0.9910@390
T:13f3:0.6296,-0.1987,0.0256,0.0829,-0.5315,-0.1564,0.2838,-0.3331
C:13f3:0.0000,0.0000,0.0000,0.0000,0.0000,0.0000,0.0000,0.0000
M:13f3:0.3893,0.2785,-0.2873,-0.4970,-0.2939,0.0068,0.2194,0.3066
I:13f4:0.4822,-0.0427,0.0851,0.1186,-0.4451,0.3920,0.4655,0.0361
F:0.9910@390
A:0.9910@390
T:13f5:0.6296,-0.1987,0.0256,0.0829,-0.5315,-0.1564,0.2838,-0.3331
C:13f5:0.0000,0.0000,0.0000,0.0000,0.0000,0.0000,0.0000,0.0000
M:13f5:0.3893,0.2794,-0.2869,-0.4983,-0.2946,0.0063,0.2199,0.3082
I:13f5:0.4822,-0.0427,0.0851,0.1186,-0.4451,0.3920,0.4655,0.0361
F:0.9910@390
A:0.9910@390
T:13f6:0.6296,-0.1987,0.0256,0.0829,-0.5315,-0.1564,0.2838,-0.3331
C:13f7:0.0000,0.0000,0.0000,0.0000,0.0000,0.0000,0.0000,0.0000
M:13f8:0.3895,0.2805,-0.2863,-0.4993,-0.2956,0.0062,0.2202,0.3095
I:13f8:0.4822,-0.0427,0.0851,0.1186,-0.4451,0.3920,0.4655,0.0361
F:0.9913@390
A:0.9913@390
T:13fa:0.6296,-0.1987,0.0256,0.0829,-0.5315,-0.1564,0.2838,-0.3331
C:13fa:0.0000,0.0000,0.0000,0.0000,0.0000,0.0000,0.0000,0.0000
M:13fb:0.3894,0.2812,-0.2863,-0.5005,-0.2963,0.0047,0.2209,0.3107
I:13fb:0.4822,-0.0427,0.0851,0.1186,-0.4451,0.3920,0.4655,0.0361
F:0.9921@390
A:0.9921@390
T:13fc:0.6296,-0.1987,0.0256,0.0829,-0.5315,-0.1564,0.2838,-0.3331
C:13fc:0.0000,0.0000,0.0000,0.0000,0.0000,0.0000,0.0000,0.0000
M:13fd:0.3896,0.2818,-0.2864,-0.5020,-0.2965,0.0031,0.2216,0.3126
I:13fd:0.4822,-0.0427,0.0851,0.1186,-0.4451,0.3920,0.4655,0.0361
F:0.9921@390
A:0.9921@390
T:13fe:0.6296,-0.1987,0.0256,0.0829,-0.5315,-0.1564,0.2838,-0.3331
C:13fe:0.0000,0.0000,0.0000,0.0000,0.0000,0.0000,0.0000,0.0000
M:13fe:0.3899,0.2828,-0.2860,-0.5034,-0.2968,0.0027,0.2219,0.3147
I:13ff:0.4822,-0.0427,0.0851,0.1186,-0.4451,0.3920,0.4655,0.0361
F:0.9921@390
A:0.9921@390
T:1400:0.6296,-0.1987,0.0256,0.0829,-0.5315,-0.1564,0.2838,-0.3331
C:1401:0.0000,0.0000,0.0000,0.0000,0.0000,0.0000,0.0000,0.0000
M:1401:0.3900,0.2839,-0.2855,-0.5047,-0.2973,0.0024,0.2223,0.3165
I:1401:0.4822,-0.0427,0.0851,0.1186,-0.4451,0.3920,0.4655,0.0361
F:0.9921@390
A:0.9921@390
T:1402:0.6296,-0.1987,0.0256,0.0829,-0.5315,-0.1564,0.2838,-0.3331
C:1402:0.0000,0.0000,0.0000,0.0000,0.0000,0.0000,0.0000,0.0000
M:1402:0.3900,0.2848,-0.2850,-0.5059,-0.2981,0.0020,0.2228,0.3180
I:1402:0.4822,-0.0427,0.0851,0.1186,-0.4451,0.3920,0.4655,0.0361
F:0.9921@390
A:0.9921@390
T:1404:0.6296,-0.1987,0.0256,0.0829,-0.5315,-0.1564,0.2838,-0.3331
C:1404:0.0000,0.0000,0.0000,0.0000,0.0000,0.0000,0.0000,0.0000
M:1404:0.3900,0.2857,-0.2846,-0.5071,-0.2989,0.0012,0.2233,0.3194
I:1404:0.4822,-0.0427,0.0851,0.1186,-0.4451,0.3920,0.4655,0.0361
F:0.9921@390
A:0.9921@390
T:1405:0.6296,-0.1987,0.0256,0.0829,-0.5315,-0.1564,0.2838,-0.3331
C:1405:0.0000,0.0000,0.0000,0.0000,0.0000,0.0000,0.0000,0.0000
M:1406:0.3902,0.2868,-0.2841,-0.5081,-0.2998,0.0010,0.2236,0.3206
I:1406:0.4822,-0.0427,0.0851,0.1186,-0.4451,0.3920,0.4655,0.0361
F:0.9926@390
A:0.9926@390
T:1407:0.6296,-0.1987,0.0256,0.0829,-0.5315,-0.1564,0.2838,-0.3331
C:1407:0.0000,0.0000,0.0000,0.0000,0.0000,0.0000,0.0000,0.0000
M:1407:0.3902,0.2876,-0.2839,-0.5091,-0.3007,0.0000,0.2240,0.3216
I:1407:0.4822,-0.0427,0.0851,0.1186,-0.4451,0.3920,0.4655,0.0361
F:0.9925@390
A:0.9925@390
T:1409:0.6296,-0.1987,0.0256,0.0829,-0.5315,-0.1564,0.2838,-0.3331
C:1409:0.0000,0.0000,0.0000,0.0000,0.0000,0.0000,0.0000,0.0000
M:1409:0.3905,0.2885,-0.2835,-0.5101,-0.3014,-0.0003,0.2242,0.3227
I:1409:0.4822,-0.0427,0.0851,0.1186,-0.4451,0.3920,0.4655,0.0361
F:0.9928@390
A:0.9928@390
T:140a:0.6296,-0.1987,0.0256,0.0829,-0.5315,-0.1564,0.2838,-0.3331
C:140a:0.0000,0.0000,0.0000,0.0000,0.0000,0.0000,0.0000,0.0000
M:140a:0.3905,0.2893,-0.2835,-0.5111,-0.3020,-0.0013,0.2246,0.3237
I:140b:0.4822,-0.0427,0.0851,0.1186,-0.4451,0.3920,0.4655,0.0361
F:0.9928@390
A:0.9928@390
T:140c:0.6296,-0.1987,0.0256,0.0829,-0.5315,-0.1564,0.2838,-0.3331
C:140c:0.0000,0.0000,0.0000,0.0000,0.0000,0.0000,0.0000,0.0000
M:140c:0.3906,0.2899,-0.2835,-0.5121,-0.3023,-0.0022,0.2250,0.3250
I:140d:0.4822,-0.0427,0.0851,0.1186,-0.4451,0.3920,0.4655,0.0361
F:0.9928@390
A:0.9928@390
T:140e:0.6296,-0.1987,0.0256,0.0829,-0.5315,-0.1564,0.2838,-0.3331
C:140e:0.0000,0.0000,0.0000,0.0000,0.0000,0.0000,0.0000,0.0000
M:140e:0.3908,0.2906,-0.2833,-0.5132,-0.3025,-0.0029,0.2254,0.3264
I:140e:0.4822,-0.0427,0.0851,0.1186,-0.4451,0.3920,0.4655,0.0361
F:0.9930@390
A:0.9930@390
T:140f:0.6296,-0.1987,0.0256,0.0829,-0.5315,-0.1564,0.2838,-0.3331
C:140f:0.0000,0.0000,0.0000,0.0000,0.0000,0.0000,0.0000,0.0000
M:1410:0.3909,0.2915,-0.2828,-0.5141,-0.3030,-0.0029,0.2256,0.3277
I:1410:0.4822,-0.0427,0.0851,0.1186,-0.4451,0.3920,0.4655,0.0361
F:0.9930@390
A:0.9930@390
T:1411:0.6296,-0.1987,0.0256,0.0829,-0.5315,-0.1564,0.2838,-0.3331
C:1411:0.0000,0.0000,0.0000,0.0000,0.0000,0.0000,0.0000,0.0000
M:1411:0.3908,0.2921,-0.2826,-0.5150,-0.3035,-0.0036,0.2260,0.3287
I:1411:0.4822,-0.0427,0.0851,0.1186,-0.4451,0.3920,0.4655,0.0361
F:0.9930@390
A:0.9930@390
T:1412:0.6296,-0.1987,0.0256,0.0829,-0.5315,-0.1564,0.2838,-0.3331
C:1412:0.0000,0.0000,0.0000,0.0000,0.0000,0.0000,0.0000,0.0000
M:1412:0.3909,0.2928,-0.2822,-0.5158,-0.3040,-0.0038,0.2263,0.3297
I:1412:0.4822,-0.0427,0.0851,0.1186,-0.4451,0.3920,0.4655,0.0361
F:0.9930@390
A:0.9930@390
T:1414:0.6296,-0.1987,0.0256,0.0829,-0.5315,-0.1564,0.2838,-0.3331
C:1414:0.0000,0.0000,0.0000,0.0000,0.0000,0.0000,0.0000,0.0000
M:1414:0.3910,0.2935,-0.2819,-0.5165,-0.3047,-0.0041,0.2265,0.3305
I:1414:0.4822,-0.0427,0.0851,0.1186,-0.4451,0.3920,0.4655,0.0361
F:0.9935@390
A:0.9935@390
T:1416:0.6296,-0.1987,0.0256,0.0829,-0.5315,-0.1564,0.2838,-0.3331
C:1416:0.0000,0.0000,0.0000,0.0000,0.0000,0.0000,0.0000,0.0000
M:1416:0.3909,0.2937,-0.2822,-0.5175,-0.3048,-0.0058,0.2271,0.3316
I:1417:0.4822,-0.0427,0.0851,0.1186,-0.4451,0.3920,0.4655,0.0361
F:0.9935@390
A:0.9935@390
T:1418:0.6296,-0.1987,0.0256,0.0829,-0.5315,-0.1564,0.2838,-0.3331
C:1418:0.0000,0.0000,0.0000,0.0000,0.0000,0.0000,0.0000,0.0000
M:1418:0.3911,0.2942,-0.2821,-0.5185,-0.3047,-0.0066,0.2275,0.3332
I:1419:0.4822,-0.0427,0.0851,0.1186,-0.4451,0.3920,0.4655,0.0361
F:0.9935@390
A:0.9935@390
T:141a:0.6296,-0.1987,0.0256,0.0829,-0.5315,-0.1564,0.2838,-0.3331
C:141a:0.0000,0.0000,0.0000,0.0000,0.0000,0.0000,0.0000,0.0000
M:141a:0.3912,0.2948,-0.2818,-0.5196,-0.3047,-0.0071,0.2278,0.3348
I:141b:0.4822,-0.0427,0.0851,0.1186,-0.4451,0.3920,0.4655,0.0361
F:0.9935@390
A:0.9935@390
T:141c:0.6296,-0.1987,0.0256,0.0829,-0.5315,-0.1564,0.2838,-0.3331
C:141c:0.0000,0.0000,0.0000,0.0000,0.0000,0.0000,0.0000,0.0000
M:141c:0.3912,0.2954,-0.2814,-0.5206,-0.3049,-0.0075,0.2282,0.3363
I:141c:0.4822,-0.0427,0.0851,0.1186,-0.4451,0.3920,0.4655,0.0361
F:0.9937@390
A:0.9937@390
T:141e:0.6296,-0.1987,0.0256,0.0829,-0.5315,-0.1564,0.2838,-0.3331
C:141e:0.0000,0.0000,0.0000,0.0000,0.0000,0.0000,0.0000,0.0000
M:141e:0.3911,0.2960,-0.2810,-0.5215,-0.3052,-0.0080,0.2286,0.3377
I:141f:0.4822,-0.0427,0.0851,0.1186,-0.4451,0.3920,0.4655,0.0361
F:0.9937@390
A:0.9937@390
T:1420:0.6296,-0.1987,0.0256,0.0829,-0.5315,-0.1564,0.2838,-0.3331
C:1420:0.0000,0.0000,0.0000,0.0000,0.0000,0.0000,0.0000,0.0000
M:1420:0.3911,0.2966,-0.2807,-0.5225,-0.3056,-0.0087,0.2290,0.3391
I:1420:0.4822,-0.0427,0.0851,0.1186,-0.4451,0.3920,0.4655,0.0361
F:0.9937@390
A:0.9937@390
T:1422:0.6296,-0.1987,0.0256,0.0829,-0.5315,-0.1564,0.2838,-0.3331
C:1422:0.0000,0.0000,0.0000,0.0000,0.0000,0.0000,0.0000,0.0000
M:1422:0.3911,0.2972,-0.2804,-0.5235,-0.3059,-0.0094,0.2294,0.3405
I:1422:0.4822,-0.0427,0.0851,0.1186,-0.4451,0.3920,0.4655,0.0361
F:0.9942@390
A:0.9942@390
T:1423:0.6296,-0.1987,0.0256,0.0829,-0.5315,-0.1564,0.2838,-0.3331
C:1423:0.0000,0.0000,0.0000,0.0000,0.0000,0.0000,0.0000,0.0000
M:1423:0.3913,0.2980,-0.2798,-0.5243,-0.3065,-0.0095,0.2296,0.3417
I:1423:0.4822,-0.0427,0.0851,0.1186,-0.4451,0.3920,0.4655,0.0361
F:0.9943@390
A:0.9943@390
T:1425:0.6296,-0.1987,0.0256,0.0829,-0.5315,-0.1564,0.2838,-0.3331
C:1425:0.0000,0.0000,0.0000,0.0000,0.0000,0.0000,0.0000,0.0000
M:1425:0.3912,0.2986,-0.2796,-0.5252,-0.3070,-0.0103,0.2300,0.3427
I:1426:0.4822,-0.0427,0.0851,0.1186,-0.4451,0.3920,0.4655,0.0361
F:0.9946@390
A:0.9946@390
T:1427:0.6296,-0.1987,0.0256,0.0829,-0.5315,-0.1564,0.2838,-0.3331
C:1427:0.0000,0.0000,0.0000,0.0000,0.0000,0.0000,0.0000,0.0000
M:1427:0.3913,0.2992,-0.2795,-0.5261,-0.3074,-0.0113,0.2304,0.3439
I:1428:0.4822,-0.0427,0.0851,0.1186,-0.4451,0.3920,0.4655,0.0361
F:0.9947@390
A:0.9947@390
T:1429:0.6296,-0.1987,0.0256,0.0829,-0.5315,-0.1564,0.2838,-0.3331
C:1429:0.0000,0.0000,0.0000,0.0000,0.0000,0.0000,0.0000,0.0000
M:1429:0.3914,0.2997,-0.2793,-0.5271,-0.3076,-0.0120,0.2307,0.3452
I:1429:0.4822,-0.0427,0.0851,0.1186,-0.4451,0.3920,0.4655,0.0361
F:0.9947@390
A:0.9947@390
T:142b:0.6296,-0.1987,0.0256,0.0829,-0.5315,-0.1564,0.2838,-0.3331
C:142b:0.0000,0.0000,0.0000,0.0000,0.0000,0.0000,0.0000,0.0000
M:142b:0.3914,0.3003,-0.2791,-0.5280,-0.3077,-0.0127,0.2311,0.3466
I:142c:0.4822,-0.0427,0.0851,0.1186,-0.4451,0.3920,0.4655,0.0361
F:0.9948@390
A:0.9948@390
T:142d:0.6296,-0.1987,0.0256,0.0829,-0.5315,-0.1564,0.2838,-0.3331
C:142d:0.0000,0.0000,0.0000,0.0000,0.0000,0.0000,0.0000,0.0000
M:142d:0.3914,0.3009,-0.2788,-0.5290,-0.3079,-0.0133,0.2314,0.3480
I:142d:0.4822,-0.0427,0.0851,0.1186,-0.4451,0.3920,0.4655,0.0361
F:0.9948@390
A:0.9948@390
T:142e:0.6296,-0.1987,0.0256,0.0829,-0.5315,-0.1564,0.2838,-0.3331
C:142f:0.0000,0.0000,0.0000,0.0000,0.0000,0.0000,0.0000,0.0000
M:142f:0.3915,0.3017,-0.2782,-0.5298,-0.3084,-0.0133,0.2316,0.3492
I:142f:0.4822,-0.0427,0.0851,0.1186,-0.4451,0.3920,0.4655,0.0361
F:0.9948@390
A:0.9948@390
T:1431:0.6296,-0.1987,0.0256,0.0829,-0.5315,-0.1564,0.2838,-0.3331
C:1431:0.0000,0.0000,0.0000,0.0000,0.0000,0.0000,0.0000,0.0000
M:1431:0.3913,0.3020,-0.2782,-0.5308,-0.3086,-0.0147,0.2322,0.3503
I:1432:0.4822,-0.0427,0.0851,0.1186,-0.4451,0.3920,0.4655,0.0361
F:0.9955@390
A:0.9955@390
T:1433:0.6296,-0.1987,0.0256,0.0829,-0.5315,-0.1564,0.2838,-0.3331
C:1433:0.0000,0.0000,0.0000,0.0000,0.0000,0.0000,0.0000,0.0000
M:1433:0.3914,0.3025,-0.2780,-0.5318,-0.3087,-0.0155,0.2326,0.3518
I:1434:0.4822,-0.0427,0.0851,0.1186,-0.4451,0.3920,0.4655,0.0361
F:0.9955@390
A:0.9955@390
T:1435:0.6296,-0.1987,0.0256,0.0829,-0.5315,-0.1564,0.2838,-0.3331
C:1436:0.0000,0.0000,0.0000,0.0000,0.0000,0.0000,0.0000,0.0000
M:1436:0.3915,0.3031,-0.2777,-0.5327,-0.3088,-0.0160,0.2329,0.3533
I:1436:0.4822,-0.0427,0.0851,0.1186,-0.4451,0.3920,0.4655,0.0361
F:0.9955@390
A:0.9955@390
T:1437:0.6296,-0.1987,0.0256,0.0829,-0.5315,-0.1564,0.2838,-0.3331
C:1437:0.0000,0.0000,0.0000,0.0000,0.0000,0.0000,0.0000,0.0000
M:1437:0.3915,0.3037,-0.2773,-0.5337,-0.3090,-0.0166,0.2333,0.3547
I:1437:0.4822,-0.0427,0.0851,0.1186,-0.4451,0.3920,0.4655,0.0361
F:0.9955@390
A:0.9955@390
T:1439:0.6296,-0.1987,0.0256,0.0829,-0.5315,-0.1564,0.2838,-0.3331
C:1439:0.0000,0.0000,0.0000,0.0000,0.0000,0.0000,0.0000,0.0000
M:1439:0.3915,0.3042,-0.2770,-0.5346,-0.3093,-0.0172,0.2336,0.3560
I:143a:0.4822,-0.0427,0.0851,0.1186,-0.4451,0.3920,0.4655,0.0361
F:0.9955@390
A:0.9955@390
T:143c:0.6296,-0.1987,0.0256,0.0829,-0.5315,-0.1564,0.2838,-0.3331
C:143c:0.0000,0.0000,0.0000,0.0000,0.0000,0.0000,0.0000,0.0000
M:143c:0.3915,0.3048,-0.2767,-0.5355,-0.3096,-0.0179,0.2340,0.3573
I:143c:0.4822,-0.0427,0.0851,0.1186,-0.4451,0.3920,0.4655,0.0361
F:0.9955@390
A:0.9955@390
T:143e:0.6296,-0.1987,0.0256,0.0829,-0.5315,-0.1564,0.2838,-0.3331
C:143e:0.0000,0.0000,0.0000,0.0000,0.0000,0.0000,0.0000,0.0000
M:143e:0.3914,0.3052,-0.2766,-0.5365,-0.3096,-0.0192,0.2345,0.3588
I:143f:0.4822,-0.0427,0.0851,0.1186,-0.4451,0.3920,0.4655,0.0361
F:0.9955@390
A:0.9955@390
T:1440:0.6296,-0.1987,0.0256,0.0829,-0.5315,-0.1564,0.2838,-0.3331
C:1441:0.0000,0.0000,0.0000,0.0000,0.0000,0.0000,0.0000,0.0000
M:1441:0.3915,0.3057,-0.2763,-0.5376,-0.3097,-0.0198,0.2349,0.3604
I:1441:0.4822,-0.0427,0.0851,0.1186,-0.4451,0.3920,0.4655,0.0361
F:0.9959@390
A:0.9959@390
T:1442:0.6296,-0.1987,0.0256,0.0829,-0.5315,-0.1564,0.2838,-0.3331
C:1442:0.0000,0.0000,0.0000,0.0000,0.0000,0.0000,0.0000,0.0000
M:1442:0.3915,0.3064,-0.2758,-0.5386,-0.3099,-0.0203,0.2352,0.3619
I:1443:0.4822,-0.0427,0.0851,0.1186,-0.4451,0.3920,0.4655,0.0361
F:0.9961@390
A:0.9961@390
T:1444:0.6296,-0.1987,0.0256,0.0829,-0.5315,-0.1564,0.2838,-0.3331
C:1444:0.0000,0.0000,0.0000,0.0000,0.0000,0.0000,0.0000,0.0000
M:1444:0.3915,0.3070,-0.2754,-0.5395,-0.3102,-0.0208,0.2355,0.3632
I:1444:0.4822,-0.0427,0.0851,0.1186,-0.4451,0.3920,0.4655,0.0361
F:0.9960@390
A:0.9960@390
T:1446:0.6296,-0.1987,0.0256,0.0829,-0.5315,-0.1564,0.2838,-0.3331
C:1446:0.0000,0.0000,0.0000,0.0000,0.0000,0.0000,0.0000,0.0000
M:1446:0.3914,0.3076,-0.2750,-0.5404,-0.3106,-0.0215,0.2359,0.3645
I:1446:0.4822,-0.0427,0.0851,0.1186,-0.4451,0.3920,0.4655,0.0361
F:0.9962@390
A:0.9962@390
T:1448:0.6296,-0.1987,0.0256,0.0829,-0.5315,-0.1564,0.2838,-0.3331
C:1448:0.0000,0.0000,0.0000,0.0000,0.0000,0.0000,0.0000,0.0000
M:1449:0.3914,0.3081,-0.2747,-0.5413,-0.3109,-0.0222,0.2363,0.3657
I:1449:0.4822,-0.0427,0.0851,0.1186,-0.4451,0.3920,0.4655,0.0361
F:0.9962@390
A:0.9962@390
T:144a:0.6296,-0.1987,0.0256,0.0829,-0.5315,-0.1564,0.2838,-0.3331
C:144a:0.0000,0.0000,0.0000,0.0000,0.0000,0.0000,0.0000,0.0000
M:144a:0.3915,0.3087,-0.2744,-0.5422,-0.3112,-0.0230,0.2366,0.3670
I:144a:0.4822,-0.0427,0.0851,0.1186,-0.4451,0.3920,0.4655,0.0361
F:0.9962@390
A:0.9962@390
T:144c:0.6296,-0.1987,0.0256,0.0829,-0.5315,-0.1564,0.2838,-0.3331
C:144c:0.0000,0.0000,0.0000,0.0000,0.0000,0.0000,0.0000,0.0000
M:144c:0.3916,0.3094,-0.2739,-0.5429,-0.3116,-0.0231,0.2368,0.3681
I:144c:0.4822,-0.0427,0.0851,0.1186,-0.4451,0.3920,0.4655,0.0361
F:0.9962@390
A:0.9962@390
T:144e:0.6296,-0.1987,0.0256,0.0829,-0.5315,-0.1564,0.2838,-0.3331
C:144e:0.0000,0.0000,0.0000,0.0000,0.0000,0.0000,0.0000,0.0000
M:144f:0.3914,0.3097,-0.2739,-0.5438,-0.3118,-0.0245,0.2373,0.3692
I:144f:0.4822,-0.0427,0.0851,0.1186,-0.4451,0.3920,0.4655,0.0361
F:0.9962@390
A:0.9962@390
{
  "exo_version": "0.12",
  "last_tick": 5200,
  "attractor": {
    "events": 1,
    "sim_mean": 0.9962
  },
  "memory": {
    "unique_patterns": 3,
    "familiarity_mean": 0.9966
  },
  "path_dependency_index": 1.9150,
  "sedimentation": true
}

T:1451:0.6296,-0.1987,0.0256,0.0829,-0.5315,-0.1564,0.2838,-0.3331
C:1451:0.0000,0.0000,0.0000,0.0000,0.0000,0.0000,0.0000,0.0000
M:1451:0.3915,0.3102,-0.2737,-0.5447,-0.3118,-0.0253,0.2377,0.3706
I:1451:0.4822,-0.0427,0.0851,0.1186,-0.4451,0.3920,0.4655,0.0361
F:0.9966@390
A:0.9966@390
T:1453:0.6296,-0.1987,0.0256,0.0829,-0.5315,-0.1564,0.2838,-0.3331
C:1453:0.0000,0.0000,0.0000,0.0000,0.0000,0.0000,0.0000,0.0000
M:1453:0.3914,0.3105,-0.2737,-0.5458,-0.3116,-0.0265,0.2381,0.3721
I:1453:0.4822,-0.0427,0.0851,0.1186,-0.4451,0.3920,0.4655,0.0361
F:0.9966@390
A:0.9966@390
T:1455:0.6296,-0.1987,0.0256,0.0829,-0.5315,-0.1564,0.2838,-0.3331
C:1455:0.0000,0.0000,0.0000,0.0000,0.0000,0.0000,0.0000,0.0000
M:1455:0.3915,0.3111,-0.2733,-0.5467,-0.3115,-0.0269,0.2385,0.3738
I:1456:0.4822,-0.0427,0.0851,0.1186,-0.4451,0.3920,0.4655,0.0361
F:0.9966@390
A:0.9966@390
T:1457:0.6296,-0.1987,0.0256,0.0829,-0.5315,-0.1564,0.2838,-0.3331
C:1458:0.0000,0.0000,0.0000,0.0000,0.0000,0.0000,0.0000,0.0000
M:1458:0.3915,0.3117,-0.2728,-0.5476,-0.3116,-0.0273,0.2388,0.3752
I:1458:0.4822,-0.0427,0.0851,0.1186,-0.4451,0.3920,0.4655,0.0361
F:0.9966@390
A:0.9966@390
T:145a:0.6296,-0.1987,0.0256,0.0829,-0.5315,-0.1564,0.2838,-0.3331
C:145a:0.0000,0.0000,0.0000,0.0000,0.0000,0.0000,0.0000,0.0000
M:145a:0.3913,0.3122,-0.2723,-0.5485,-0.3119,-0.0278,0.2391,0.3764
I:145a:0.4822,-0.0427,0.0851,0.1186,-0.4451,0.3920,0.4655,0.0361
F:0.9966@390
A:0.9966@390
T:145b:0.6296,-0.1987,0.0256,0.0829,-0.5315,-0.1564,0.2838,-0.3331
C:145b:0.0000,0.0000,0.0000,0.0000,0.0000,0.0000,0.0000,0.0000
M:145b:0.3913,0.3127,-0.2720,-0.5493,-0.3122,-0.0286,0.2395,0.3776
I:145b:0.4822,-0.0427,0.0851,0.1186,-0.4451,0.3920,0.4655,0.0361
F:0.9966@390
A:0.9966@390
T:145c:0.6296,-0.1987,0.0256,0.0829,-0.5315,-0.1564,0.2838,-0.3331
C:145c:0.0000,0.0000,0.0000,0.0000,0.0000,0.0000,0.0000,0.0000
M:145d:0.3914,0.3133,-0.2714,-0.5500,-0.3127,-0.0287,0.2396,0.3787
I:145d:0.4822,-0.0427,0.0851,0.1186,-0.4451,0.3920,0.4655,0.0361
F:0.9968@390
A:0.9968@390
T:145e:0.6296,-0.1987,0.0256,0.0829,-0.5315,-0.1564,0.2838,-0.3331
C:145e:0.0000,0.0000,0.0000,0.0000,0.0000,0.0000,0.0000,0.0000
M:145e:0.3913,0.3138,-0.2712,-0.5507,-0.3131,-0.0296,0.2399,0.3796
I:145e:0.4822,-0.0427,0.0851,0.1186,-0.4451,0.3920,0.4655,0.0361
F:0.9968@390
A:0.9968@390
T:1460:0.6296,-0.1987,0.0256,0.0829,-0.5315,-0.1564,0.2838,-0.3331
C:1460:0.0000,0.0000,0.0000,0.0000,0.0000,0.0000,0.0000,0.0000
M:1460:0.3913,0.3142,-0.2711,-0.5515,-0.3132,-0.0305,0.2403,0.3806
I:1460:0.4822,-0.0427,0.0851,0.1186,-0.4451,0.3920,0.4655,0.0361
F:0.9974@390
A:0.9974@390
T:1462:0.6296,-0.1987,0.0256,0.0829,-0.5315,-0.1564,0.2838,-0.3331
C:1462:0.0000,0.0000,0.0000,0.0000,0.0000,0.0000,0.0000,0.0000
M:1462:0.3913,0.3146,-0.2709,-0.5523,-0.3133,-0.0313,0.2406,0.3818
I:1463:0.4822,-0.0427,0.0851,0.1186,-0.4451,0.3920,0.4655,0.0361
F:0.9974@390
A:0.9974@390
T:1464:0.6296,-0.1987,0.0256,0.0829,-0.5315,-0.1564,0.2838,-0.3331
C:1464:0.0000,0.0000,0.0000,0.0000,0.0000,0.0000,0.0000,0.0000
M:1464:0.3913,0.3150,-0.2707,-0.5531,-0.3132,-0.0319,0.2409,0.3830
I:1465:0.4822,-0.0427,0.0851,0.1186,-0.4451,0.3920,0.4655,0.0361
F:0.9974@390
A:0.9974@390
T:1466:0.6296,-0.1987,0.0256,0.0829,-0.5315,-0.1564,0.2838,-0.3331
C:1466:0.0000,0.0000,0.0000,0.0000,0.0000,0.0000,0.0000,0.0000
M:1467:0.3913,0.3154,-0.2705,-0.5539,-0.3132,-0.0326,0.2412,0.3842
I:1467:0.4822,-0.0427,0.0851,0.1186,-0.4451,0.3920,0.4655,0.0361
F:0.9974@390
A:0.9974@390
T:1469:0.6296,-0.1987,0.0256,0.0829,-0.5315,-0.1564,0.2838,-0.3331
C:1469:0.0000,0.0000,0.0000,0.0000,0.0000,0.0000,0.0000,0.0000
M:1469:0.3911,0.3156,-0.2705,-0.5548,-0.3130,-0.0338,0.2417,0.3856
I:1469:0.4822,-0.0427,0.0851,0.1186,-0.4451,0.3920,0.4655,0.0361
F:0.9974@390
A:0.9974@390
T:146b:0.6296,-0.1987,0.0256,0.0829,-0.5315,-0.1564,0.2838,-0.3331
C:146b:0.0000,0.0000,0.0000,0.0000,0.0000,0.0000,0.0000,0.0000
M:146b:0.3913,0.3162,-0.2698,-0.5556,-0.3130,-0.0337,0.2419,0.3869
I:146b:0.4822,-0.0427,0.0851,0.1186,-0.4451,0.3920,0.4655,0.0361
F:0.9975@390
A:0.9975@390
T:146d:0.6296,-0.1987,0.0256,0.0829,-0.5315,-0.1564,0.2838,-0.3331
C:146d:0.0000,0.0000,0.0000,0.0000,0.0000,0.0000,0.0000,0.0000
M:146d:0.3910,0.3165,-0.2697,-0.5564,-0.3130,-0.0348,0.2423,0.3881
I:146e:0.4822,-0.0427,0.0851,0.1186,-0.4451,0.3920,0.4655,0.0361
F:0.9975@390
A:0.9975@390
T:146f:0.6296,-0.1987,0.0256,0.0829,-0.5315,-0.1564,0.2838,-0.3331
C:146f:0.0000,0.0000,0.0000,0.0000,0.0000,0.0000,0.0000,0.0000
M:146f:0.3910,0.3168,-0.2694,-0.5572,-0.3130,-0.0355,0.2427,0.3895
I:1470:0.4822,-0.0427,0.0851,0.1186,-0.4451,0.3920,0.4655,0.0361
F:0.9975@390
A:0.9975@390
T:1471:0.6296,-0.1987,0.0256,0.0829,-0.5315,-0.1564,0.2838,-0.3331
C:1471:0.0000,0.0000,0.0000,0.0000,0.0000,0.0000,0.0000,0.0000
M:1471:0.3910,0.3173,-0.2690,-0.5580,-0.3130,-0.0361,0.2430,0.3908
I:1472:0.4822,-0.0427,0.0851,0.1186,-0.4451,0.3920,0.4655,0.0361
F:0.9978@390
A:0.9978@390
T:1474:0.6296,-0.1987,0.0256,0.0829,-0.5315,-0.1564,0.2838,-0.3331
C:1474:0.0000,0.0000,0.0000,0.0000,0.0000,0.0000,0.0000,0.0000
M:1475:0.3909,0.3177,-0.2687,-0.5588,-0.3131,-0.0367,0.2433,0.3920
I:1475:0.4822,-0.0427,0.0851,0.1186,-0.4451,0.3920,0.4655,0.0361
F:0.9978@390
A:0.9978@390
T:1476:0.6296,-0.1987,0.0256,0.0829,-0.5315,-0.1564,0.2838,-0.3331
C:1478:0.0000,0.0000,0.0000,0.0000,0.0000,0.0000,0.0000,0.0000
M:1478:0.3908,0.3179,-0.2686,-0.5597,-0.3130,-0.0380,0.2438,0.3933
I:1478:0.4822,-0.0427,0.0851,0.1186,-0.4451,0.3920,0.4655,0.0361
F:0.9978@390
A:0.9978@390
T:147a:0.6296,-0.1987,0.0256,0.0829,-0.5315,-0.1564,0.2838,-0.3331
C:147a:0.0000,0.0000,0.0000,0.0000,0.0000,0.0000,0.0000,0.0000
M:147a:0.3907,0.3182,-0.2685,-0.5607,-0.3127,-0.0392,0.2443,0.3949
I:147a:0.4822,-0.0427,0.0851,0.1186,-0.4451,0.3920,0.4655,0.0361
F:0.9979@390
A:0.9979@390
T:147c:0.6296,-0.1987,0.0256,0.0829,-0.5315,-0.1564,0.2838,-0.3331
C:147c:0.0000,0.0000,0.0000,0.0000,0.0000,0.0000,0.0000,0.0000
M:147c:0.3907,0.3185,-0.2683,-0.5617,-0.3123,-0.0401,0.2447,0.3967
I:147c:0.4822,-0.0427,0.0851,0.1186,-0.4451,0.3920,0.4655,0.0361
F:0.9981@390
A:0.9981@390
T:147e:0.6296,-0.1987,0.0256,0.0829,-0.5315,-0.1564,0.2838,-0.3331
C:147e:0.0000,0.0000,0.0000,0.0000,0.0000,0.0000,0.0000,0.0000
M:147e:0.3907,0.3190,-0.2677,-0.5626,-0.3121,-0.0404,0.2450,0.3983
I:147f:0.4822,-0.0427,0.0851,0.1186,-0.4451,0.3920,0.4655,0.0361
F:0.9981@390
A:0.9981@390
T:1480:0.6296,-0.1987,0.0256,0.0829,-0.5315,-0.1564,0.2838,-0.3331
C:1480:0.0000,0.0000,0.0000,0.0000,0.0000,0.0000,0.0000,0.0000
M:1480:0.3906,0.3195,-0.2670,-0.5635,-0.3123,-0.0407,0.2452,0.3996
I:1481:0.4822,-0.0427,0.0851,0.1186,-0.4451,0.3920,0.4655,0.0361
F:0.9981@390
A:0.9981@390
T:1482:0.6296,-0.1987,0.0256,0.0829,-0.5315,-0.1564,0.2838,-0.3331
C:1483:0.0000,0.0000,0.0000,0.0000,0.0000,0.0000,0.0000,0.0000
M:1483:0.3904,0.3200,-0.2665,-0.5642,-0.3126,-0.0414,0.2456,0.4008
I:1483:0.4822,-0.0427,0.0851,0.1186,-0.4451,0.3920,0.4655,0.0361
F:0.9984@390
A:0.9984@390
T:1485:0.6296,-0.1987,0.0256,0.0829,-0.5315,-0.1564,0.2838,-0.3331
C:1485:0.0000,0.0000,0.0000,0.0000,0.0000,0.0000,0.0000,0.0000
M:1486:0.3902,0.3203,-0.2664,-0.5651,-0.3127,-0.0427,0.2461,0.4020
I:1486:0.4822,-0.0427,0.0851,0.1186,-0.4451,0.3920,0.4655,0.0361
F:0.9984@390
A:0.9984@390
T:1487:0.6296,-0.1987,0.0256,0.0829,-0.5315,-0.1564,0.2838,-0.3331
C:1487:0.0000,0.0000,0.0000,0.0000,0.0000,0.0000,0.0000,0.0000
M:1487:0.3903,0.3207,-0.2661,-0.5659,-0.3127,-0.0434,0.2464,0.4033
I:1488:0.4822,-0.0427,0.0851,0.1186,-0.4451,0.3920,0.4655,0.0361
F:0.9984@390
A:0.9984@390
T:1489:0.6296,-0.1987,0.0256,0.0829,-0.5315,-0.1564,0.2838,-0.3331
C:1489:0.0000,0.0000,0.0000,0.0000,0.0000,0.0000,0.0000,0.0000
M:1489:0.3903,0.3212,-0.2657,-0.5667,-0.3127,-0.0440,0.2466,0.4046
I:148a:0.4822,-0.0427,0.0851,0.1186,-0.4451,0.3920,0.4655,0.0361
F:0.9984@390
A:0.9984@390
T:148b:0.6296,-0.1987,0.0256,0.0829,-0.5315,-0.1564,0.2838,-0.3331
C:148b:0.0000,0.0000,0.0000,0.0000,0.0000,0.0000,0.0000,0.0000
M:148b:0.3902,0.3217,-0.2653,-0.5675,-0.3129,-0.0446,0.2469,0.4058
I:148c:0.4822,-0.0427,0.0851,0.1186,-0.4451,0.3920,0.4655,0.0361
F:0.9984@390
A:0.9984@390
T:148d:0.6296,-0.1987,0.0256,0.0829,-0.5315,-0.1564,0.2838,-0.3331
C:148d:0.0000,0.0000,0.0000,0.0000,0.0000,0.0000,0.0000,0.0000
M:148d:0.3901,0.3221,-0.2650,-0.5682,-0.3130,-0.0453,0.2472,0.4068
I:148d:0.4822,-0.0427,0.0851,0.1186,-0.4451,0.3920,0.4655,0.0361
F:0.9984@390
A:0.9984@390
T:148f:0.6296,-0.1987,0.0256,0.0829,-0.5315,-0.1564,0.2838,-0.3331
C:148f:0.0000,0.0000,0.0000,0.0000,0.0000,0.0000,0.0000,0.0000
M:1490:0.3900,0.3225,-0.2647,-0.5690,-0.3131,-0.0460,0.2475,0.4079
I:1490:0.4822,-0.0427,0.0851,0.1186,-0.4451,0.3920,0.4655,0.0361
F:0.9984@390
A:0.9984@390
T:1491:0.6296,-0.1987,0.0256,0.0829,-0.5315,-0.1564,0.2838,-0.3331
C:1491:0.0000,0.0000,0.0000,0.0000,0.0000,0.0000,0.0000,0.0000
M:1491:0.3900,0.3228,-0.2644,-0.5697,-0.3131,-0.0467,0.2478,0.4090
I:1493:0.4822,-0.0427,0.0851,0.1186,-0.4451,0.3920,0.4655,0.0361
F:0.9984@390
A:0.9984@390
T:1494:0.6296,-0.1987,0.0256,0.0829,-0.5315,-0.1564,0.2838,-0.3331
C:1494:0.0000,0.0000,0.0000,0.0000,0.0000,0.0000,0.0000,0.0000
M:1494:0.3898,0.3230,-0.2644,-0.5705,-0.3128,-0.0480,0.2482,0.4102
I:1495:0.4822,-0.0427,0.0851,0.1186,-0.4451,0.3920,0.4655,0.0361
F:0.9987@390
A:0.9987@390
T:1496:0.6296,-0.1987,0.0256,0.0829,-0.5315,-0.1564,0.2838,-0.3331
C:1496:0.0000,0.0000,0.0000,0.0000,0.0000,0.0000,0.0000,0.0000
M:1496:0.3899,0.3233,-0.2641,-0.5713,-0.3126,-0.0486,0.2485,0.4116
I:1497:0.4822,-0.0427,0.0851,0.1186,-0.4451,0.3920,0.4655,0.0361
F:0.9987@390
A:0.9987@390
T:1498:0.6296,-0.1987,0.0256,0.0829,-0.5315,-0.1564,0.2838,-0.3331
C:1498:0.0000,0.0000,0.0000,0.0000,0.0000,0.0000,0.0000,0.0000
M:1498:0.3898,0.3237,-0.2637,-0.5720,-0.3125,-0.0490,0.2488,0.4128
I:1499:0.4822,-0.0427,0.0851,0.1186,-0.4451,0.3920,0.4655,0.0361
F:0.9987@390
A:0.9987@390
T:149a:0.6296,-0.1987,0.0256,0.0829,-0.5315,-0.1564,0.2838,-0.3331
C:149a:0.0000,0.0000,0.0000,0.0000,0.0000,0.0000,0.0000,0.0000
M:149a:0.3897,0.3241,-0.2633,-0.5727,-0.3125,-0.0496,0.2491,0.4140
I:149b:0.4822,-0.0427,0.0851,0.1186,-0.4451,0.3920,0.4655,0.0361
F:0.9987@390
A:0.9987@390
T:149c:0.6296,-0.1987,0.0256,0.0829,-0.5315,-0.1564,0.2838,-0.3331
C:149c:0.0000,0.0000,0.0000,0.0000,0.0000,0.0000,0.0000,0.0000
M:149d:0.3895,0.3244,-0.2630,-0.5734,-0.3125,-0.0502,0.2494,0.4150
I:149d:0.4822,-0.0427,0.0851,0.1186,-0.4451,0.3920,0.4655,0.0361
F:0.9989@390
A:0.9989@390
T:149e:0.6296,-0.1987,0.0256,0.0829,-0.5315,-0.1564,0.2838,-0.3331
C:149e:0.0000,0.0000,0.0000,0.0000,0.0000,0.0000,0.0000,0.0000
M:149e:0.3894,0.3247,-0.2627,-0.5741,-0.3125,-0.0509,0.2497,0.4161
I:149f:0.4822,-0.0427,0.0851,0.1186,-0.4451,0.3920,0.4655,0.0361
F:0.9989@390
A:0.9989@390
T:14a0:0.6296,-0.1987,0.0256,0.0829,-0.5315,-0.1564,0.2838,-0.3331
C:14a0:0.0000,0.0000,0.0000,0.0000,0.0000,0.0000,0.0000,0.0000
M:14a1:0.3894,0.3250,-0.2624,-0.5747,-0.3125,-0.0516,0.2499,0.4171
I:14a1:0.4822,-0.0427,0.0851,0.1186,-0.4451,0.3920,0.4655,0.0361
F:0.9989@390
A:0.9989@390
T:14a2:0.6296,-0.1987,0.0256,0.0829,-0.5315,-0.1564,0.2838,-0.3331
C:14a2:0.0000,0.0000,0.0000,0.0000,0.0000,0.0000,0.0000,0.0000
M:14a2:0.3893,0.3253,-0.2621,-0.5754,-0.3124,-0.0523,0.2502,0.4182
I:14a3:0.4822,-0.0427,0.0851,0.1186,-0.4451,0.3920,0.4655,0.0361
F:0.9989@390
A:0.9989@390
T:14a4:0.6296,-0.1987,0.0256,0.0829,-0.5315,-0.1564,0.2838,-0.3331
C:14a4:0.0000,0.0000,0.0000,0.0000,0.0000,0.0000,0.0000,0.0000
M:14a4:0.3892,0.3255,-0.2619,-0.5761,-0.3123,-0.0530,0.2505,0.4192
I:14a5:0.4822,-0.0427,0.0851,0.1186,-0.4451,0.3920,0.4655,0.0361
F:0.9989@390
A:0.9989@390
T:14a6:0.6296,-0.1987,0.0256,0.0829,-0.5315,-0.1564,0.2838,-0.3331
C:14a6:0.0000,0.0000,0.0000,0.0000,0.0000,0.0000,0.0000,0.0000
M:14a6:0.3892,0.3258,-0.2616,-0.5767,-0.3122,-0.0536,0.2508,0.4203
I:14a7:0.4822,-0.0427,0.0851,0.1186,-0.4451,0.3920,0.4655,0.0361
F:0.9991@390
A:0.9991@390
T:14a8:0.6296,-0.1987,0.0256,0.0829,-0.5315,-0.1564,0.2838,-0.3331
C:14a8:0.0000,0.0000,0.0000,0.0000,0.0000,0.0000,0.0000,0.0000
M:14a8:0.3891,0.3261,-0.2613,-0.5774,-0.3121,-0.0543,0.2510,0.4213
I:14a8:0.4822,-0.0427,0.0851,0.1186,-0.4451,0.3920,0.4655,0.0361
F:0.9991@390
A:0.9991@390
T:14aa:0.6296,-0.1987,0.0256,0.0829,-0.5315,-0.1564,0.2838,-0.3331
C:14aa:0.0000,0.0000,0.0000,0.0000,0.0000,0.0000,0.0000,0.0000
M:14aa:0.3890,0.3263,-0.2611,-0.5780,-0.3120,-0.0549,0.2513,0.4224
I:14ab:0.4822,-0.0427,0.0851,0.1186,-0.4451,0.3920,0.4655,0.0361
F:0.9991@390
A:0.9991@390
T:14ac:0.6296,-0.1987,0.0256,0.0829,-0.5315,-0.1564,0.2838,-0.3331
C:14ac:0.0000,0.0000,0.0000,0.0000,0.0000,0.0000,0.0000,0.0000
M:14ac:0.3889,0.3266,-0.2608,-0.5787,-0.3118,-0.0556,0.2516,0.4234
I:14ac:0.4822,-0.0427,0.0851,0.1186,-0.4451,0.3920,0.4655,0.0361
F:0.9991@390
A:0.9991@390
T:14ae:0.6296,-0.1987,0.0256,0.0829,-0.5315,-0.1564,0.2838,-0.3331
C:14ae:0.0000,0.0000,0.0000,0.0000,0.0000,0.0000,0.0000,0.0000
M:14af:0.3888,0.3268,-0.2605,-0.5793,-0.3117,-0.0563,0.2519,0.4245
I:14af:0.4822,-0.0427,0.0851,0.1186,-0.4451,0.3920,0.4655,0.0361
F:0.9991@390
A:0.9991@390
T:14b0:0.6296,-0.1987,0.0256,0.0829,-0.5315,-0.1564,0.2838,-0.3331
C:14b1:0.0000,0.0000,0.0000,0.0000,0.0000,0.0000,0.0000,0.0000
M:14b1:0.3887,0.3270,-0.2603,-0.5799,-0.3115,-0.0569,0.2521,0.4255
I:14b1:0.4822,-0.0427,0.0851,0.1186,-0.4451,0.3920,0.4655,0.0361
F:0.9991@390
A:0.9991@390
T:14b2:0.6296,-0.1987,0.0256,0.0829,-0.5315,-0.1564,0.2838,-0.3331
C:14b2:0.0000,0.0000,0.0000,0.0000,0.0000,0.0000,0.0000,0.0000
M:14b2:0.3886,0.3273,-0.2600,-0.5806,-0.3114,-0.0576,0.2524,0.4265
I:14b2:0.4822,-0.0427,0.0851,0.1186,-0.4451,0.3920,0.4655,0.0361
F:0.9992@390
A:0.9992@390
T:14b3:0.6296,-0.1987,0.0256,0.0829,-0.5315,-0.1564,0.2838,-0.3331
C:14b3:0.0000,0.0000,0.0000,0.0000,0.0000,0.0000,0.0000,0.0000
M:14b3:0.3886,0.3277,-0.2594,-0.5811,-0.3114,-0.0576,0.2525,0.4274
I:14b3:0.4822,-0.0427,0.0851,0.1186,-0.4451,0.3920,0.4655,0.0361
F:0.9992@390
A:0.9992@390
T:14b5:0.6296,-0.1987,0.0256,0.0829,-0.5315,-0.1564,0.2838,-0.3331
C:14b5:0.0000,0.0000,0.0000,0.0000,0.0000,0.0000,0.0000,0.0000
M:14b5:0.3885,0.3281,-0.2589,-0.5815,-0.3117,-0.0578,0.2526,0.4281
I:14b5:0.4822,-0.0427,0.0851,0.1186,-0.4451,0.3920,0.4655,0.0361
F:0.9992@390
A:0.9992@390
T:14b7:0.6296,-0.1987,0.0256,0.0829,-0.5315,-0.1564,0.2838,-0.3331
C:14b7:0.0000,0.0000,0.0000,0.0000,0.0000,0.0000,0.0000,0.0000
M:14b7:0.3881,0.3280,-0.2592,-0.5821,-0.3116,-0.0593,0.2531,0.4288
I:14b7:0.4822,-0.0427,0.0851,0.1186,-0.4451,0.3920,0.4655,0.0361
F:0.9992@390
A:0.9992@390
T:14b9:0.6296,-0.1987,0.0256,0.0829,-0.5315,-0.1564,0.2838,-0.3331
C:14b9:0.0000,0.0000,0.0000,0.0000,0.0000,0.0000,0.0000,0.0000
M:14b9:0.3882,0.3281,-0.2591,-0.5827,-0.3112,-0.0602,0.2534,0.4299
I:14b9:0.4822,-0.0427,0.0851,0.1186,-0.4451,0.3920,0.4655,0.0361
F:0.9993@390
A:0.9993@390
T:14ba:0.6296,-0.1987,0.0256,0.0829,-0.5315,-0.1564,0.2838,-0.3331
C:14ba:0.0000,0.0000,0.0000,0.0000,0.0000,0.0000,0.0000,0.0000
M:14ba:0.3883,0.3285,-0.2586,-0.5833,-0.3110,-0.0602,0.2535,0.4309
I:14ba:0.4822,-0.0427,0.0851,0.1186,-0.4451,0.3920,0.4655,0.0361
F:0.9995@390
A:0.9995@390
T:14bb:0.6296,-0.1987,0.0256,0.0829,-0.5315,-0.1564,0.2838,-0.3331
C:14bb:0.0000,0.0000,0.0000,0.0000,0.0000,0.0000,0.0000,0.0000
M:14bd:0.3882,0.3289,-0.2581,-0.5837,-0.3112,-0.0602,0.2535,0.4316
I:14bd:0.4822,-0.0427,0.0851,0.1186,-0.4451,0.3920,0.4655,0.0361
F:0.9995@390
A:0.9995@390
T:14bf:0.6296,-0.1987,0.0256,0.0829,-0.5315,-0.1564,0.2838,-0.3331
C:14bf:0.0000,0.0000,0.0000,0.0000,0.0000,0.0000,0.0000,0.0000
M:14bf:0.3878,0.3288,-0.2583,-0.5843,-0.3110,-0.0615,0.2540,0.4324
I:14bf:0.4822,-0.0427,0.0851,0.1186,-0.4451,0.3920,0.4655,0.0361
F:0.9995@390
A:0.9995@390
T:14c1:0.6296,-0.1987,0.0256,0.0829,-0.5315,-0.1564,0.2838,-0.3331
C:14c2:0.0000,0.0000,0.0000,0.0000,0.0000,0.0000,0.0000,0.0000
M:14c2:0.3877,0.3287,-0.2585,-0.5850,-0.3103,-0.0630,0.2545,0.4336
I:14c2:0.4822,-0.0427,0.0851,0.1186,-0.4451,0.3920,0.4655,0.0361
F:0.9995@390
A:0.9995@390
T:14c3:0.6296,-0.1987,0.0256,0.0829,-0.5315,-0.1564,0.2838,-0.3331
C:14c3:0.0000,0.0000,0.0000,0.0000,0.0000,0.0000,0.0000,0.0000
M:14c3:0.3878,0.3289,-0.2583,-0.5857,-0.3097,-0.0635,0.2548,0.4349
I:14c3:0.4822,-0.0427,0.0851,0.1186,-0.4451,0.3920,0.4655,0.0361
F:0.9995@390
A:0.9995@390
T:14c5:0.6296,-0.1987,0.0256,0.0829,-0.5315,-0.1564,0.2838,-0.3331
C:14c5:0.0000,0.0000,0.0000,0.0000,0.0000,0.0000,0.0000,0.0000
M:14c5:0.3877,0.3291,-0.2578,-0.5863,-0.3093,-0.0638,0.2550,0.4362
I:14c6:0.4822,-0.0427,0.0851,0.1186,-0.4451,0.3920,0.4655,0.0361
F:0.9995@390
A:0.9995@390
T:14c7:0.6296,-0.1987,0.0256,0.0829,-0.5315,-0.1564,0.2838,-0.3331
C:14c7:0.0000,0.0000,0.0000,0.0000,0.0000,0.0000,0.0000,0.0000
M:14c7:0.3875,0.3293,-0.2574,-0.5869,-0.3091,-0.0643,0.2552,0.4372
I:14c7:0.4822,-0.0427,0.0851,0.1186,-0.4451,0.3920,0.4655,0.0361
F:0.9995@390
A:0.9995@390
T:14c8:0.6296,-0.1987,0.0256,0.0829,-0.5315,-0.1564,0.2838,-0.3331
C:14c8:0.0000,0.0000,0.0000,0.0000,0.0000,0.0000,0.0000,0.0000
M:14c9:0.3874,0.3297,-0.2567,-0.5874,-0.3092,-0.0643,0.2553,0.4381
I:14c9:0.4822,-0.0427,0.0851,0.1186,-0.4451,0.3920,0.4655,0.0361
F:0.9995@390
A:0.9995@390
T:14ca:0.6296,-0.1987,0.0256,0.0829,-0.5315,-0.1564,0.2838,-0.3331
C:14cb:0.0000,0.0000,0.0000,0.0000,0.0000,0.0000,0.0000,0.0000
M:14cb:0.3871,0.3298,-0.2564,-0.5879,-0.3093,-0.0650,0.2556,0.4388
I:14cb:0.4822,-0.0427,0.0851,0.1186,-0.4451,0.3920,0.4655,0.0361
F:0.9995@390
A:0.9995@390
T:14cc:0.6296,-0.1987,0.0256,0.0829,-0.5315,-0.1564,0.2838,-0.3331
C:14cc:0.0000,0.0000,0.0000,0.0000,0.0000,0.0000,0.0000,0.0000
M:14cc:0.3870,0.3299,-0.2563,-0.5884,-0.3092,-0.0659,0.2559,0.4396
I:14cc:0.4822,-0.0427,0.0851,0.1186,-0.4451,0.3920,0.4655,0.0361
F:0.9995@390
A:0.9995@390
T:14ce:0.6296,-0.1987,0.0256,0.0829,-0.5315,-0.1564,0.2838,-0.3331
C:14ce:0.0000,0.0000,0.0000,0.0000,0.0000,0.0000,0.0000,0.0000
M:14ce:0.3870,0.3301,-0.2562,-0.5890,-0.3090,-0.0667,0.2562,0.4405
I:14ce:0.4822,-0.0427,0.0851,0.1186,-0.4451,0.3920,0.4655,0.0361
F:0.9996@390
A:0.9996@390
T:14d0:0.6296,-0.1987,0.0256,0.0829,-0.5315,-0.1564,0.2838,-0.3331
C:14d0:0.0000,0.0000,0.0000,0.0000,0.0000,0.0000,0.0000,0.0000
M:14d0:0.3869,0.3303,-0.2560,-0.5896,-0.3087,-0.0674,0.2564,0.4415
I:14d1:0.4822,-0.0427,0.0851,0.1186,-0.4451,0.3920,0.4655,0.0361
F:0.9996@390
A:0.9996@390
T:14d2:0.6296,-0.1987,0.0256,0.0829,-0.5315,-0.1564,0.2838,-0.3331
C:14d2:0.0000,0.0000,0.0000,0.0000,0.0000,0.0000,0.0000,0.0000
M:14d2:0.3868,0.3304,-0.2558,-0.5902,-0.3084,-0.0680,0.2567,0.4425
I:14d2:0.4822,-0.0427,0.0851,0.1186,-0.4451,0.3920,0.4655,0.0361
F:0.9997@390
A:0.9997@390
T:14d4:0.6296,-0.1987,0.0256,0.0829,-0.5315,-0.1564,0.2838,-0.3331
C:14d4:0.0000,0.0000,0.0000,0.0000,0.0000,0.0000,0.0000,0.0000
M:14d4:0.3867,0.3306,-0.2555,-0.5907,-0.3081,-0.0686,0.2569,0.4435
I:14d4:0.4822,-0.0427,0.0851,0.1186,-0.4451,0.3920,0.4655,0.0361
F:0.9997@390
A:0.9997@390
T:14d6:0.6296,-0.1987,0.0256,0.0829,-0.5315,-0.1564,0.2838,-0.3331
C:14d6:0.0000,0.0000,0.0000,0.0000,0.0000,0.0000,0.0000,0.0000
M:14d6:0.3865,0.3307,-0.2553,-0.5913,-0.3078,-0.0692,0.2572,0.4445
I:14d6:0.4822,-0.0427,0.0851,0.1186,-0.4451,0.3920,0.4655,0.0361
F:0.9997@390
A:0.9997@390
T:14d8:0.6296,-0.1987,0.0256,0.0829,-0.5315,-0.1564,0.2838,-0.3331
C:14d8:0.0000,0.0000,0.0000,0.0000,0.0000,0.0000,0.0000,0.0000
M:14d8:0.3865,0.3310,-0.2547,-0.5918,-0.3078,-0.0693,0.2573,0.4453
I:14d8:0.4822,-0.0427,0.0851,0.1186,-0.4451,0.3920,0.4655,0.0361
F:0.9997@390
A:0.9997@390
T:14db:0.6296,-0.1987,0.0256,0.0829,-0.5315,-0.1564,0.2838,-0.3331
C:14db:0.0000,0.0000,0.0000,0.0000,0.0000,0.0000,0.0000,0.0000
M:14db:0.3861,0.3310,-0.2548,-0.5923,-0.3075,-0.0705,0.2577,0.4461
I:14db:0.4822,-0.0427,0.0851,0.1186,-0.4451,0.3920,0.4655,0.0361
F:0.9997@390
A:0.9997@390
T:14dd:0.6296,-0.1987,0.0256,0.0829,-0.5315,-0.1564,0.2838,-0.3331
C:14dd:0.0000,0.0000,0.0000,0.0000,0.0000,0.0000,0.0000,0.0000
M:14dd:0.3860,0.3309,-0.2549,-0.5930,-0.3069,-0.0719,0.2582,0.4473
I:14de:0.4822,-0.0427,0.0851,0.1186,-0.4451,0.3920,0.4655,0.0361
F:0.9997@390
A:0.9997@390
T:14df:0.6296,-0.1987,0.0256,0.0829,-0.5315,-0.1564,0.2838,-0.3331
C:14df:0.0000,0.0000,0.0000,0.0000,0.0000,0.0000,0.0000,0.0000
M:14df:0.3860,0.3310,-0.2546,-0.5937,-0.3062,-0.0724,0.2584,0.4486
I:14df:0.4822,-0.0427,0.0851,0.1186,-0.4451,0.3920,0.4655,0.0361
F:0.9997@390
A:0.9997@390
T:14e1:0.6296,-0.1987,0.0256,0.0829,-0.5315,-0.1564,0.2838,-0.3331
C:14e1:0.0000,0.0000,0.0000,0.0000,0.0000,0.0000,0.0000,0.0000
M:14e1:0.3859,0.3312,-0.2541,-0.5943,-0.3059,-0.0727,0.2586,0.4497
I:14e2:0.4822,-0.0427,0.0851,0.1186,-0.4451,0.3920,0.4655,0.0361
F:0.9997@390
A:0.9997@390
T:14e3:0.6296,-0.1987,0.0256,0.0829,-0.5315,-0.1564,0.2838,-0.3331
C:14e3:0.0000,0.0000,0.0000,0.0000,0.0000,0.0000,0.0000,0.0000
M:14e3:0.3857,0.3314,-0.2537,-0.5949,-0.3056,-0.0732,0.2588,0.4507
I:14e4:0.4822,-0.0427,0.0851,0.1186,-0.4451,0.3920,0.4655,0.0361
F:0.9998@390
A:0.9998@390
T:14e5:0.6296,-0.1987,0.0256,0.0829,-0.5315,-0.1564,0.2838,-0.3331
C:14e5:0.0000,0.0000,0.0000,0.0000,0.0000,0.0000,0.0000,0.0000
M:14e5:0.3854,0.3316,-0.2533,-0.5954,-0.3055,-0.0738,0.2591,0.4516
I:14e5:0.4822,-0.0427,0.0851,0.1186,-0.4451,0.3920,0.4655,0.0361
F:0.9998@390
A:0.9998@390
T:14e7:0.6296,-0.1987,0.0256,0.0829,-0.5315,-0.1564,0.2838,-0.3331
C:14e7:0.0000,0.0000,0.0000,0.0000,0.0000,0.0000,0.0000,0.0000
M:14e7:0.3853,0.3317,-0.2530,-0.5959,-0.3053,-0.0745,0.2593,0.4525
I:14e7:0.4822,-0.0427,0.0851,0.1186,-0.4451,0.3920,0.4655,0.0361
F:0.9998@390
A:0.9998@390
T:14e8:0.6296,-0.1987,0.0256,0.0829,-0.5315,-0.1564,0.2838,-0.3331
C:14e8:0.0000,0.0000,0.0000,0.0000,0.0000,0.0000,0.0000,0.0000
M:14e9:0.3852,0.3320,-0.2524,-0.5964,-0.3053,-0.0746,0.2594,0.4533
I:14e9:0.4822,-0.0427,0.0851,0.1186,-0.4451,0.3920,0.4655,0.0361
F:0.9998@390
A:0.9998@390
T:14ea:0.6296,-0.1987,0.0256,0.0829,-0.5315,-0.1564,0.2838,-0.3331
C:14ea:0.0000,0.0000,0.0000,0.0000,0.0000,0.0000,0.0000,0.0000
M:14ea:0.3850,0.3321,-0.2522,-0.5968,-0.3053,-0.0754,0.2597,0.4540
I:14ea:0.4822,-0.0427,0.0851,0.1186,-0.4451,0.3920,0.4655,0.0361
F:0.9998@390
A:0.9998@390
T:14ec:0.6296,-0.1987,0.0256,0.0829,-0.5315,-0.1564,0.2838,-0.3331
C:14ec:0.0000,0.0000,0.0000,0.0000,0.0000,0.0000,0.0000,0.0000
M:14ec:0.3849,0.3322,-0.2521,-0.5973,-0.3051,-0.0762,0.2599,0.4548
I:14ec:0.4822,-0.0427,0.0851,0.1186,-0.4451,0.3920,0.4655,0.0361
F:0.9998@390
A:0.9998@390
T:14ee:0.6296,-0.1987,0.0256,0.0829,-0.5315,-0.1564,0.2838,-0.3331
C:14ee:0.0000,0.0000,0.0000,0.0000,0.0000,0.0000,0.0000,0.0000
M:14ee:0.3848,0.3323,-0.2520,-0.5979,-0.3048,-0.0770,0.2602,0.4557
I:14ef:0.4822,-0.0427,0.0851,0.1186,-0.4451,0.3920,0.4655,0.0361
F:0.9998@390
A:0.9998@390
T:14f0:0.6296,-0.1987,0.0256,0.0829,-0.5315,-0.1564,0.2838,-0.3331
C:14f0:0.0000,0.0000,0.0000,0.0000,0.0000,0.0000,0.0000,0.0000
M:14f0:0.3847,0.3324,-0.2518,-0.5984,-0.3044,-0.0776,0.2604,0.4566
I:14f1:0.4822,-0.0427,0.0851,0.1186,-0.4451,0.3920,0.4655,0.0361
F:0.9998@390
A:0.9998@390
T:14f2:0.6296,-0.1987,0.0256,0.0829,-0.5315,-0.1564,0.2838,-0.3331
C:14f2:0.0000,0.0000,0.0000,0.0000,0.0000,0.0000,0.0000,0.0000
M:14f2:0.3846,0.3325,-0.2516,-0.5989,-0.3040,-0.0782,0.2607,0.4575
I:14f3:0.4822,-0.0427,0.0851,0.1186,-0.4451,0.3920,0.4655,0.0361
F:0.9998@390
A:0.9998@390
T:14f4:0.6296,-0.1987,0.0256,0.0829,-0.5315,-0.1564,0.2838,-0.3331
C:14f4:0.0000,0.0000,0.0000,0.0000,0.0000,0.0000,0.0000,0.0000
M:14f5:0.3844,0.3326,-0.2514,-0.5995,-0.3036,-0.0788,0.2609,0.4585
I:14f6:0.4822,-0.0427,0.0851,0.1186,-0.4451,0.3920,0.4655,0.0361
F:0.9998@390
A:0.9998@390
T:14f7:0.6296,-0.1987,0.0256,0.0829,-0.5315,-0.1564,0.2838,-0.3331
C:14f7:0.0000,0.0000,0.0000,0.0000,0.0000,0.0000,0.0000,0.0000
M:14f7:0.3842,0.3325,-0.2514,-0.6001,-0.3030,-0.0799,0.2613,0.4595
I:14f8:0.4822,-0.0427,0.0851,0.1186,-0.4451,0.3920,0.4655,0.0361
F:0.9999@390
A:0.9999@390
T:14f9:0.6296,-0.1987,0.0256,0.0829,-0.5315,-0.1564,0.2838,-0.3331
C:14f9:0.0000,0.0000,0.0000,0.0000,0.0000,0.0000,0.0000,0.0000
M:14f9:0.3841,0.3326,-0.2511,-0.6007,-0.3025,-0.0805,0.2616,0.4606
I:14f9:0.4822,-0.0427,0.0851,0.1186,-0.4451,0.3920,0.4655,0.0361
F:0.9999@390
A:0.9999@390
T:14fa:0.6296,-0.1987,0.0256,0.0829,-0.5315,-0.1564,0.2838,-0.3331
C:14fa:0.0000,0.0000,0.0000,0.0000,0.0000,0.0000,0.0000,0.0000
M:14fa:0.3840,0.3329,-0.2504,-0.6011,-0.3023,-0.0804,0.2616,0.4615
I:14fb:0.4822,-0.0427,0.0851,0.1186,-0.4451,0.3920,0.4655,0.0361
F:0.9999@390
A:0.9999@390
T:14fc:0.6296,-0.1987,0.0256,0.0829,-0.5315,-0.1564,0.2838,-0.3331
C:14fc:0.0000,0.0000,0.0000,0.0000,0.0000,0.0000,0.0000,0.0000
M:14fc:0.3837,0.3330,-0.2500,-0.6015,-0.3022,-0.0810,0.2618,0.4622
I:14fd:0.4822,-0.0427,0.0851,0.1186,-0.4451,0.3920,0.4655,0.0361
F:0.9999@390
A:0.9999@390
T:14fe:0.6296,-0.1987,0.0256,0.0829,-0.5315,-0.1564,0.2838,-0.3331
C:14fe:0.0000,0.0000,0.0000,0.0000,0.0000,0.0000,0.0000,0.0000
M:14ff:0.3835,0.3331,-0.2498,-0.6020,-0.3020,-0.0818,0.2621,0.4630
I:14ff:0.4822,-0.0427,0.0851,0.1186,-0.4451,0.3920,0.4655,0.0361
F:0.9999@390
A:0.9999@390
T:1500:0.6296,-0.1987,0.0256,0.0829,-0.5315,-0.1564,0.2838,-0.3331
C:1500:0.0000,0.0000,0.0000,0.0000,0.0000,0.0000,0.0000,0.0000
M:1500:0.3834,0.3331,-0.2496,-0.6025,-0.3018,-0.0825,0.2624,0.4638
I:1500:0.4822,-0.0427,0.0851,0.1186,-0.4451,0.3920,0.4655,0.0361
F:0.9999@390
A:0.9999@390
T:1502:0.6296,-0.1987,0.0256,0.0829,-0.5315,-0.1564,0.2838,-0.3331
C:1502:0.0000,0.0000,0.0000,0.0000,0.0000,0.0000,0.0000,0.0000
M:1502:0.3833,0.3332,-0.2495,-0.6030,-0.3014,-0.0832,0.2626,0.4647
I:1502:0.4822,-0.0427,0.0851,0.1186,-0.4451,0.3920,0.4655,0.0361
F:0.9999@390
A:0.9999@390
T:1505:0.6296,-0.1987,0.0256,0.0829,-0.5315,-0.1564,0.2838,-0.3331
C:1505:0.0000,0.0000,0.0000,0.0000,0.0000,0.0000,0.0000,0.0000
M:1505:0.3830,0.3331,-0.2496,-0.6036,-0.3008,-0.0844,0.2630,0.4657
I:1506:0.4822,-0.0427,0.0851,0.1186,-0.4451,0.3920,0.4655,0.0361
F:0.9999@390
A:0.9999@390
T:1508:0.6296,-0.1987,0.0256,0.0829,-0.5315,-0.1564,0.2838,-0.3331
C:1508:0.0000,0.0000,0.0000,0.0000,0.0000,0.0000,0.0000,0.0000
M:1509:0.3830,0.3332,-0.2493,-0.6042,-0.3001,-0.0849,0.2633,0.4668
I:1509:0.4822,-0.0427,0.0851,0.1186,-0.4451,0.3920,0.4655,0.0361
F:0.9999@390
A:0.9999@390
T:150a:0.6296,-0.1987,0.0256,0.0829,-0.5315,-0.1564,0.2838,-0.3331
C:150a:0.0000,0.0000,0.0000,0.0000,0.0000,0.0000,0.0000,0.0000
M:150b:0.3827,0.3331,-0.2492,-0.6048,-0.2994,-0.0859,0.2636,0.4679
I:150b:0.4822,-0.0427,0.0851,0.1186,-0.4451,0.3920,0.4655,0.0361
F:1.0000@390
A:1.0000@390
T:150c:0.6296,-0.1987,0.0256,0.0829,-0.5315,-0.1564,0.2838,-0.3331
C:150c:0.0000,0.0000,0.0000,0.0000,0.0000,0.0000,0.0000,0.0000
M:150c:0.3826,0.3332,-0.2487,-0.6054,-0.2988,-0.0863,0.2639,0.4691
I:150d:0.4822,-0.0427,0.0851,0.1186,-0.4451,0.3920,0.4655,0.0361
F:1.0000@390
A:1.0000@390
T:150e:0.6296,-0.1987,0.0256,0.0829,-0.5315,-0.1564,0.2838,-0.3331
C:150e:0.0000,0.0000,0.0000,0.0000,0.0000,0.0000,0.0000,0.0000
M:150e:0.3824,0.3333,-0.2482,-0.6059,-0.2985,-0.0868,0.2641,0.4700
I:150e:0.4822,-0.0427,0.0851,0.1186,-0.4451,0.3920,0.4655,0.0361
F:1.0000@390
A:1.0000@390
T:1510:0.6296,-0.1987,0.0256,0.0829,-0.5315,-0.1564,0.2838,-0.3331
C:1510:0.0000,0.0000,0.0000,0.0000,0.0000,0.0000,0.0000,0.0000
M:1510:0.3821,0.3334,-0.2478,-0.6064,-0.2982,-0.0873,0.2643,0.4709
I:1511:0.4822,-0.0427,0.0851,0.1186,-0.4451,0.3920,0.4655,0.0361
F:1.0000@390
A:1.0000@390
T:1512:0.6296,-0.1987,0.0256,0.0829,-0.5315,-0.1564,0.2838,-0.3331
C:1512:0.0000,0.0000,0.0000,0.0000,0.0000,0.0000,0.0000,0.0000
M:1513:0.3819,0.3335,-0.2474,-0.6069,-0.2980,-0.0879,0.2645,0.4718
I:1513:0.4822,-0.0427,0.0851,0.1186,-0.4451,0.3920,0.4655,0.0361
F:1.0000@390
A:1.0000@390
T:1515:0.6296,-0.1987,0.0256,0.0829,-0.5315,-0.1564,0.2838,-0.3331
C:1515:0.0000,0.0000,0.0000,0.0000,0.0000,0.0000,0.0000,0.0000
M:1515:0.3816,0.3334,-0.2474,-0.6075,-0.2975,-0.0892,0.2649,0.4727
I:1515:0.4822,-0.0427,0.0851,0.1186,-0.4451,0.3920,0.4655,0.0361
F:1.0000@390
A:1.0000@390
T:1517:0.6296,-0.1987,0.0256,0.0829,-0.5315,-0.1564,0.2838,-0.3331
C:1517:0.0000,0.0000,0.0000,0.0000,0.0000,0.0000,0.0000,0.0000
M:1517:0.3815,0.3334,-0.2471,-0.6080,-0.2970,-0.0898,0.2652,0.4737
I:1518:0.4822,-0.0427,0.0851,0.1186,-0.4451,0.3920,0.4655,0.0361
F:1.0000@390
A:1.0000@390
T:1519:0.6296,-0.1987,0.0256,0.0829,-0.5315,-0.1564,0.2838,-0.3331
C:1519:0.0000,0.0000,0.0000,0.0000,0.0000,0.0000,0.0000,0.0000
M:1519:0.3814,0.3336,-0.2467,-0.6086,-0.2965,-0.0903,0.2654,0.4747
I:151a:0.4822,-0.0427,0.0851,0.1186,-0.4451,0.3920,0.4655,0.0361
F:1.0000@390
A:1.0000@390
T:151b:0.6296,-0.1987,0.0256,0.0829,-0.5315,-0.1564,0.2838,-0.3331
C:151b:0.0000,0.0000,0.0000,0.0000,0.0000,0.0000,0.0000,0.0000
M:151b:0.3812,0.3337,-0.2464,-0.6091,-0.2962,-0.0908,0.2656,0.4756
I:151c:0.4822,-0.0427,0.0851,0.1186,-0.4451,0.3920,0.4655,0.0361
F:1.0000@390
A:1.0000@390
T:151d:0.6296,-0.1987,0.0256,0.0829,-0.5315,-0.1564,0.2838,-0.3331
C:151d:0.0000,0.0000,0.0000,0.0000,0.0000,0.0000,0.0000,0.0000
M:151d:0.3809,0.3337,-0.2460,-0.6095,-0.2959,-0.0914,0.2658,0.4764
I:151d:0.4822,-0.0427,0.0851,0.1186,-0.4451,0.3920,0.4655,0.0361
F:1.0000@390
A:1.0000@390
T:151f:0.6296,-0.1987,0.0256,0.0829,-0.5315,-0.1564,0.2838,-0.3331
C:151f:0.0000,0.0000,0.0000,0.0000,0.0000,0.0000,0.0000,0.0000
M:151f:0.3807,0.3338,-0.2457,-0.6100,-0.2956,-0.0921,0.2660,0.4772
I:151f:0.4822,-0.0427,0.0851,0.1186,-0.4451,0.3920,0.4655,0.0361
F:1.0000@390
A:1.0000@390
T:1520:0.6296,-0.1987,0.0256,0.0829,-0.5315,-0.1564,0.2838,-0.3331
C:1520:0.0000,0.0000,0.0000,0.0000,0.0000,0.0000,0.0000,0.0000
M:1520:0.3806,0.3340,-0.2451,-0.6104,-0.2955,-0.0922,0.2661,0.4779
I:1520:0.4822,-0.0427,0.0851,0.1186,-0.4451,0.3920,0.4655,0.0361
F:1.0000@390
A:1.0000@390
T:1521:0.6296,-0.1987,0.0256,0.0829,-0.5315,-0.1564,0.2838,-0.3331
C:1522:0.0000,0.0000,0.0000,0.0000,0.0000,0.0000,0.0000,0.0000
M:1522:0.3805,0.3343,-0.2446,-0.6107,-0.2956,-0.0924,0.2661,0.4784
I:1522:0.4822,-0.0427,0.0851,0.1186,-0.4451,0.3920,0.4655,0.0361
F:1.0000@390
A:1.0000@390
T:1523:0.6296,-0.1987,0.0256,0.0829,-0.5315,-0.1564,0.2838,-0.3331
C:1523:0.0000,0.0000,0.0000,0.0000,0.0000,0.0000,0.0000,0.0000
M:1523:0.3802,0.3343,-0.2445,-0.6110,-0.2955,-0.0932,0.2664,0.4789
I:1524:0.4822,-0.0427,0.0851,0.1186,-0.4451,0.3920,0.4655,0.0361
F:1.0000@390
A:1.0000@390
T:1525:0.6296,-0.1987,0.0256,0.0829,-0.5315,-0.1564,0.2838,-0.3331
C:1525:0.0000,0.0000,0.0000,0.0000,0.0000,0.0000,0.0000,0.0000
M:1525:0.3801,0.3342,-0.2445,-0.6115,-0.2952,-0.0941,0.2666,0.4796
I:1526:0.4822,-0.0427,0.0851,0.1186,-0.4451,0.3920,0.4655,0.0361
F:1.0000@390
A:1.0000@390
T:1527:0.6296,-0.1987,0.0256,0.0829,-0.5315,-0.1564,0.2838,-0.3331
C:1527:0.0000,0.0000,0.0000,0.0000,0.0000,0.0000,0.0000,0.0000
M:1527:0.3800,0.3342,-0.2445,-0.6119,-0.2947,-0.0949,0.2669,0.4804
I:1527:0.4822,-0.0427,0.0851,0.1186,-0.4451,0.3920,0.4655,0.0361
F:0.9999@390
A:0.9999@390
T:152a:0.6296,-0.1987,0.0256,0.0829,-0.5315,-0.1564,0.2838,-0.3331
C:152a:0.0000,0.0000,0.0000,0.0000,0.0000,0.0000,0.0000,0.0000
M:152a:0.3799,0.3342,-0.2444,-0.6124,-0.2941,-0.0955,0.2671,0.4812
I:152a:0.4822,-0.0427,0.0851,0.1186,-0.4451,0.3920,0.4655,0.0361
F:0.9999@390
A:0.9999@390
T:152b:0.6296,-0.1987,0.0256,0.0829,-0.5315,-0.1564,0.2838,-0.3331
C:152b:0.0000,0.0000,0.0000,0.0000,0.0000,0.0000,0.0000,0.0000
M:152b:0.3797,0.3342,-0.2442,-0.6129,-0.2935,-0.0960,0.2673,0.4821
I:152b:0.4822,-0.0427,0.0851,0.1186,-0.4451,0.3920,0.4655,0.0361
F:0.9999@390
A:0.9999@390
T:152d:0.6296,-0.1987,0.0256,0.0829,-0.5315,-0.1564,0.2838,-0.3331
C:152d:0.0000,0.0000,0.0000,0.0000,0.0000,0.0000,0.0000,0.0000
M:152d:0.3795,0.3342,-0.2439,-0.6133,-0.2929,-0.0965,0.2676,0.4829
I:152d:0.4822,-0.0427,0.0851,0.1186,-0.4451,0.3920,0.4655,0.0361
F:0.9999@390
A:0.9999@390
T:152e:0.6296,-0.1987,0.0256,0.0829,-0.5315,-0.1564,0.2838,-0.3331
C:152e:0.0000,0.0000,0.0000,0.0000,0.0000,0.0000,0.0000,0.0000
M:152e:0.3794,0.3344,-0.2434,-0.6137,-0.2927,-0.0966,0.2676,0.4836
I:152e:0.4822,-0.0427,0.0851,0.1186,-0.4451,0.3920,0.4655,0.0361
F:0.9999@390
A:0.9999@390
T:1530:0.6296,-0.1987,0.0256,0.0829,-0.5315,-0.1564,0.2838,-0.3331
C:1530:0.0000,0.0000,0.0000,0.0000,0.0000,0.0000,0.0000,0.0000
M:1530:0.3792,0.3345,-0.2428,-0.6139,-0.2927,-0.0967,0.2677,0.4841
I:1531:0.4822,-0.0427,0.0851,0.1186,-0.4451,0.3920,0.4655,0.0361
F:0.9999@390
A:0.9999@390
T:1532:0.6296,-0.1987,0.0256,0.0829,-0.5315,-0.1564,0.2838,-0.3331
C:1532:0.0000,0.0000,0.0000,0.0000,0.0000,0.0000,0.0000,0.0000
M:1532:0.3787,0.3343,-0.2430,-0.6143,-0.2923,-0.0980,0.2681,0.4847
I:1532:0.4822,-0.0427,0.0851,0.1186,-0.4451,0.3920,0.4655,0.0361
F:0.9999@390
A:0.9999@390
T:1534:0.6296,-0.1987,0.0256,0.0829,-0.5315,-0.1564,0.2838,-0.3331
C:1534:0.0000,0.0000,0.0000,0.0000,0.0000,0.0000,0.0000,0.0000
M:1534:0.3788,0.3344,-0.2427,-0.6147,-0.2919,-0.0983,0.2682,0.4855
I:1535:0.4822,-0.0427,0.0851,0.1186,-0.4451,0.3920,0.4655,0.0361
F:0.9999@390
A:0.9999@390
T:1536:0.6296,-0.1987,0.0256,0.0829,-0.5315,-0.1564,0.2838,-0.3331
C:1536:0.0000,0.0000,0.0000,0.0000,0.0000,0.0000,0.0000,0.0000
M:1536:0.3785,0.3342,-0.2428,-0.6152,-0.2913,-0.0995,0.2686,0.4863
I:1536:0.4822,-0.0427,0.0851,0.1186,-0.4451,0.3920,0.4655,0.0361
F:0.9999@390
A:0.9999@390
T:1538:0.6296,-0.1987,0.0256,0.0829,-0.5315,-0.1564,0.2838,-0.3331
C:1538:0.0000,0.0000,0.0000,0.0000,0.0000,0.0000,0.0000,0.0000
M:1538:0.3785,0.3343,-0.2424,-0.6156,-0.2908,-0.0996,0.2687,0.4871
I:1538:0.4822,-0.0427,0.0851,0.1186,-0.4451,0.3920,0.4655,0.0361
F:0.9999@390
A:0.9999@390
T:1539:0.6296,-0.1987,0.0256,0.0829,-0.5315,-0.1564,0.2838,-0.3331
C:1539:0.0000,0.0000,0.0000,0.0000,0.0000,0.0000,0.0000,0.0000
M:1539:0.3783,0.3343,-0.2421,-0.6160,-0.2903,-0.1001,0.2688,0.4879
I:1539:0.4822,-0.0427,0.0851,0.1186,-0.4451,0.3920,0.4655,0.0361
F:0.9999@390
A:0.9999@390
T:153b:0.6296,-0.1987,0.0256,0.0829,-0.5315,-0.1564,0.2838,-0.3331
C:153b:0.0000,0.0000,0.0000,0.0000,0.0000,0.0000,0.0000,0.0000
M:153b:0.3780,0.3342,-0.2419,-0.6164,-0.2899,-0.1007,0.2691,0.4886
I:153b:0.4822,-0.0427,0.0851,0.1186,-0.4451,0.3920,0.4655,0.0361
F:0.9998@390
A:0.9998@390
T:153d:0.6296,-0.1987,0.0256,0.0829,-0.5315,-0.1564,0.2838,-0.3331
C:153d:0.0000,0.0000,0.0000,0.0000,0.0000,0.0000,0.0000,0.0000
M:153e:0.3778,0.3342,-0.2417,-0.6168,-0.2894,-0.1014,0.2693,0.4893
I:153e:0.4822,-0.0427,0.0851,0.1186,-0.4451,0.3920,0.4655,0.0361
F:0.9998@390
A:0.9998@390
T:1540:0.6296,-0.1987,0.0256,0.0829,-0.5315,-0.1564,0.2838,-0.3331
C:1540:0.0000,0.0000,0.0000,0.0000,0.0000,0.0000,0.0000,0.0000
M:1541:0.3775,0.3340,-0.2418,-0.6173,-0.2886,-0.1025,0.2697,0.4902
I:1541:0.4822,-0.0427,0.0851,0.1186,-0.4451,0.3920,0.4655,0.0361
F:0.9998@390
A:0.9998@390
T:1542:0.6296,-0.1987,0.0256,0.0829,-0.5315,-0.1564,0.2838,-0.3331
C:1542:0.0000,0.0000,0.0000,0.0000,0.0000,0.0000,0.0000,0.0000
M:1542:0.3774,0.3339,-0.2415,-0.6178,-0.2879,-0.1031,0.2700,0.4912
I:1543:0.4822,-0.0427,0.0851,0.1186,-0.4451,0.3920,0.4655,0.0361
F:0.9998@390
A:0.9998@390
T:1544:0.6296,-0.1987,0.0256,0.0829,-0.5315,-0.1564,0.2838,-0.3331
C:1544:0.0000,0.0000,0.0000,0.0000,0.0000,0.0000,0.0000,0.0000
M:1544:0.3772,0.3339,-0.2411,-0.6183,-0.2872,-0.1035,0.2701,0.4921
I:1545:0.4822,-0.0427,0.0851,0.1186,-0.4451,0.3920,0.4655,0.0361
F:0.9998@390
A:0.9998@390
T:1546:0.6296,-0.1987,0.0256,0.0829,-0.5315,-0.1564,0.2838,-0.3331
C:1546:0.0000,0.0000,0.0000,0.0000,0.0000,0.0000,0.0000,0.0000
M:1546:0.3769,0.3339,-0.2407,-0.6187,-0.2867,-0.1040,0.2703,0.4930
I:1547:0.4822,-0.0427,0.0851,0.1186,-0.4451,0.3920,0.4655,0.0361
F:0.9998@390
A:0.9998@390
T:1548:0.6296,-0.1987,0.0256,0.0829,-0.5315,-0.1564,0.2838,-0.3331
C:1548:0.0000,0.0000,0.0000,0.0000,0.0000,0.0000,0.0000,0.0000
M:1548:0.3766,0.3339,-0.2403,-0.6191,-0.2863,-0.1045,0.2705,0.4937
I:1548:0.4822,-0.0427,0.0851,0.1186,-0.4451,0.3920,0.4655,0.0361
F:0.9998@390
A:0.9998@390
T:154a:0.6296,-0.1987,0.0256,0.0829,-0.5315,-0.1564,0.2838,-0.3331
C:154a:0.0000,0.0000,0.0000,0.0000,0.0000,0.0000,0.0000,0.0000
M:154b:0.3764,0.3338,-0.2400,-0.6196,-0.2859,-0.1051,0.2708,0.4945
I:154b:0.4822,-0.0427,0.0851,0.1186,-0.4451,0.3920,0.4655,0.0361
F:0.9998@390
A:0.9998@390
T:154c:0.6296,-0.1987,0.0256,0.0829,-0.5315,-0.1564,0.2838,-0.3331
C:154c:0.0000,0.0000,0.0000,0.0000,0.0000,0.0000,0.0000,0.0000
M:154c:0.3762,0.3338,-0.2397,-0.6200,-0.2855,-0.1058,0.2710,0.4952
I:154d:0.4822,-0.0427,0.0851,0.1186,-0.4451,0.3920,0.4655,0.0361
F:0.9998@390
A:0.9998@390
T:154f:0.6296,-0.1987,0.0256,0.0829,-0.5315,-0.1564,0.2838,-0.3331
C:154f:0.0000,0.0000,0.0000,0.0000,0.0000,0.0000,0.0000,0.0000
M:154f:0.3760,0.3338,-0.2394,-0.6204,-0.2850,-0.1064,0.2712,0.4960
I:154f:0.4822,-0.0427,0.0851,0.1186,-0.4451,0.3920,0.4655,0.0361
F:0.9997@390
A:0.9997@390
T:1551:0.6296,-0.1987,0.0256,0.0829,-0.5315,-0.1564,0.2838,-0.3331
C:1551:0.0000,0.0000,0.0000,0.0000,0.0000,0.0000,0.0000,0.0000
M:1551:0.3757,0.3336,-0.2395,-0.6209,-0.2843,-0.1075,0.2716,0.4968
I:1551:0.4822,-0.0427,0.0851,0.1186,-0.4451,0.3920,0.4655,0.0361
F:0.9997@390
A:0.9997@390
T:1553:0.6296,-0.1987,0.0256,0.0829,-0.5315,-0.1564,0.2838,-0.3331
C:1553:0.0000,0.0000,0.0000,0.0000,0.0000,0.0000,0.0000,0.0000
M:1553:0.3755,0.3335,-0.2392,-0.6214,-0.2835,-0.1081,0.2718,0.4978
I:1554:0.4822,-0.0427,0.0851,0.1186,-0.4451,0.3920,0.4655,0.0361
F:0.9997@390
A:0.9997@390
T:1555:0.6296,-0.1987,0.0256,0.0829,-0.5315,-0.1564,0.2838,-0.3331
C:1555:0.0000,0.0000,0.0000,0.0000,0.0000,0.0000,0.0000,0.0000
M:1555:0.3753,0.3335,-0.2388,-0.6218,-0.2829,-0.1085,0.2720,0.4987
I:1556:0.4822,-0.0427,0.0851,0.1186,-0.4451,0.3920,0.4655,0.0361
F:0.9997@390
A:0.9997@390
T:1557:0.6296,-0.1987,0.0256,0.0829,-0.5315,-0.1564,0.2838,-0.3331
C:1557:0.0000,0.0000,0.0000,0.0000,0.0000,0.0000,0.0000,0.0000
M:1557:0.3750,0.3335,-0.2384,-0.6222,-0.2824,-0.1090,0.2721,0.4995
I:1557:0.4822,-0.0427,0.0851,0.1186,-0.4451,0.3920,0.4655,0.0361
F:0.9997@390
A:0.9997@390
T:1559:0.6296,-0.1987,0.0256,0.0829,-0.5315,-0.1564,0.2838,-0.3331
C:1559:0.0000,0.0000,0.0000,0.0000,0.0000,0.0000,0.0000,0.0000
M:1559:0.3747,0.3335,-0.2380,-0.6226,-0.2820,-0.1096,0.2723,0.5002
I:1559:0.4822,-0.0427,0.0851,0.1186,-0.4451,0.3920,0.4655,0.0361
F:0.9997@390
A:0.9997@390
T:155b:0.6296,-0.1987,0.0256,0.0829,-0.5315,-0.1564,0.2838,-0.3331
C:155b:0.0000,0.0000,0.0000,0.0000,0.0000,0.0000,0.0000,0.0000
M:155b:0.3746,0.3336,-0.2374,-0.6230,-0.2818,-0.1097,0.2724,0.5008
I:155b:0.4822,-0.0427,0.0851,0.1186,-0.4451,0.3920,0.4655,0.0361
F:0.9997@390
A:0.9997@390
T:155c:0.6296,-0.1987,0.0256,0.0829,-0.5315,-0.1564,0.2838,-0.3331
C:155c:0.0000,0.0000,0.0000,0.0000,0.0000,0.0000,0.0000,0.0000
M:155c:0.3742,0.3336,-0.2371,-0.6233,-0.2816,-0.1103,0.2726,0.5014
I:155c:0.4822,-0.0427,0.0851,0.1186,-0.4451,0.3920,0.4655,0.0361
F:0.9996@390
A:0.9996@390
T:155d:0.6296,-0.1987,0.0256,0.0829,-0.5315,-0.1564,0.2838,-0.3331
C:155d:0.0000,0.0000,0.0000,0.0000,0.0000,0.0000,0.0000,0.0000
M:155d:0.3741,0.3337,-0.2366,-0.6236,-0.2815,-0.1106,0.2727,0.5019
I:155e:0.4822,-0.0427,0.0851,0.1186,-0.4451,0.3920,0.4655,0.0361
F:0.9996@390
A:0.9996@390
T:155f:0.6296,-0.1987,0.0256,0.0829,-0.5315,-0.1564,0.2838,-0.3331
C:155f:0.0000,0.0000,0.0000,0.0000,0.0000,0.0000,0.0000,0.0000
M:155f:0.3739,0.3336,-0.2365,-0.6239,-0.2812,-0.1114,0.2729,0.5024
I:155f:0.4822,-0.0427,0.0851,0.1186,-0.4451,0.3920,0.4655,0.0361
F:0.9996@390
A:0.9996@390
T:1561:0.6296,-0.1987,0.0256,0.0829,-0.5315,-0.1564,0.2838,-0.3331
C:1561:0.0000,0.0000,0.0000,0.0000,0.0000,0.0000,0.0000,0.0000
M:1561:0.3737,0.3336,-0.2365,-0.6243,-0.2807,-0.1122,0.2731,0.5030
I:1562:0.4822,-0.0427,0.0851,0.1186,-0.4451,0.3920,0.4655,0.0361
F:0.9996@390
A:0.9996@390
T:1563:0.6296,-0.1987,0.0256,0.0829,-0.5315,-0.1564,0.2838,-0.3331
C:1563:0.0000,0.0000,0.0000,0.0000,0.0000,0.0000,0.0000,0.0000
M:1563:0.3736,0.3335,-0.2364,-0.6247,-0.2801,-0.1129,0.2733,0.5038
I:1563:0.4822,-0.0427,0.0851,0.1186,-0.4451,0.3920,0.4655,0.0361
F:0.9996@390
A:0.9996@390
T:1564:0.6296,-0.1987,0.0256,0.0829,-0.5315,-0.1564,0.2838,-0.3331
C:1564:0.0000,0.0000,0.0000,0.0000,0.0000,0.0000,0.0000,0.0000
M:1565:0.3735,0.3336,-0.2359,-0.6250,-0.2796,-0.1129,0.2734,0.5044
I:1565:0.4822,-0.0427,0.0851,0.1186,-0.4451,0.3920,0.4655,0.0361
F:0.9995@390
A:0.9995@390
T:1566:0.6296,-0.1987,0.0256,0.0829,-0.5315,-0.1564,0.2838,-0.3331
C:1566:0.0000,0.0000,0.0000,0.0000,0.0000,0.0000,0.0000,0.0000
M:1566:0.3732,0.3335,-0.2358,-0.6253,-0.2792,-0.1135,0.2736,0.5050
I:1566:0.4822,-0.0427,0.0851,0.1186,-0.4451,0.3920,0.4655,0.0361
F:0.9995@390
A:0.9995@390
T:1568:0.6296,-0.1987,0.0256,0.0829,-0.5315,-0.1564,0.2838,-0.3331
C:1568:0.0000,0.0000,0.0000,0.0000,0.0000,0.0000,0.0000,0.0000
M:1568:0.3729,0.3334,-0.2356,-0.6257,-0.2787,-0.1142,0.2738,0.5056
I:1569:0.4822,-0.0427,0.0851,0.1186,-0.4451,0.3920,0.4655,0.0361
F:0.9995@390
A:0.9995@390
T:156b:0.6296,-0.1987,0.0256,0.0829,-0.5315,-0.1564,0.2838,-0.3331
C:156b:0.0000,0.0000,0.0000,0.0000,0.0000,0.0000,0.0000,0.0000
M:156c:0.3727,0.3333,-0.2355,-0.6261,-0.2781,-0.1148,0.2741,0.5063
I:156c:0.4822,-0.0427,0.0851,0.1186,-0.4451,0.3920,0.4655,0.0361
F:0.9995@390
A:0.9995@390
T:156e:0.6296,-0.1987,0.0256,0.0829,-0.5315,-0.1564,0.2838,-0.3331
C:156e:0.0000,0.0000,0.0000,0.0000,0.0000,0.0000,0.0000,0.0000
M:156e:0.3723,0.3328,-0.2359,-0.6266,-0.2769,-0.1164,0.2746,0.5073
I:156f:0.4822,-0.0427,0.0851,0.1186,-0.4451,0.3920,0.4655,0.0361
F:0.9995@390
A:0.9995@390
T:1570:0.6296,-0.1987,0.0256,0.0829,-0.5315,-0.1564,0.2838,-0.3331
C:1570:0.0000,0.0000,0.0000,0.0000,0.0000,0.0000,0.0000,0.0000
M:1570:0.3723,0.3327,-0.2356,-0.6272,-0.2757,-0.1169,0.2749,0.5084
I:1571:0.4822,-0.0427,0.0851,0.1186,-0.4451,0.3920,0.4655,0.0361
F:0.9995@390
A:0.9995@390
T:1572:0.6296,-0.1987,0.0256,0.0829,-0.5315,-0.1564,0.2838,-0.3331
C:1572:0.0000,0.0000,0.0000,0.0000,0.0000,0.0000,0.0000,0.0000
M:1572:0.3720,0.3326,-0.2351,-0.6276,-0.2749,-0.1172,0.2750,0.5093
I:1572:0.4822,-0.0427,0.0851,0.1186,-0.4451,0.3920,0.4655,0.0361
F:0.9995@390
A:0.9995@390
T:1574:0.6296,-0.1987,0.0256,0.0829,-0.5315,-0.1564,0.2838,-0.3331
C:1574:0.0000,0.0000,0.0000,0.0000,0.0000,0.0000,0.0000,0.0000
M:1574:0.3716,0.3325,-0.2345,-0.6280,-0.2742,-0.1175,0.2751,0.5101
I:1575:0.4822,-0.0427,0.0851,0.1186,-0.4451,0.3920,0.4655,0.0361
F:0.9994@390
A:0.9994@390
T:1576:0.6296,-0.1987,0.0256,0.0829,-0.5315,-0.1564,0.2838,-0.3331
C:1576:0.0000,0.0000,0.0000,0.0000,0.0000,0.0000,0.0000,0.0000
M:1576:0.3712,0.3324,-0.2340,-0.6283,-0.2738,-0.1180,0.2753,0.5108
I:1577:0.4822,-0.0427,0.0851,0.1186,-0.4451,0.3920,0.4655,0.0361
F:0.9994@390
A:0.9994@390
T:1578:0.6296,-0.1987,0.0256,0.0829,-0.5315,-0.1564,0.2838,-0.3331
C:1579:0.0000,0.0000,0.0000,0.0000,0.0000,0.0000,0.0000,0.0000
M:1579:0.3709,0.3323,-0.2336,-0.6287,-0.2734,-0.1186,0.2755,0.5115
I:157a:0.4822,-0.0427,0.0851,0.1186,-0.4451,0.3920,0.4655,0.0361
F:0.9994@390
A:0.9994@390
T:157b:0.6296,-0.1987,0.0256,0.0829,-0.5315,-0.1564,0.2838,-0.3331
C:157b:0.0000,0.0000,0.0000,0.0000,0.0000,0.0000,0.0000,0.0000
M:157b:0.3705,0.3321,-0.2336,-0.6291,-0.2727,-0.1197,0.2759,0.5122
I:157c:0.4822,-0.0427,0.0851,0.1186,-0.4451,0.3920,0.4655,0.0361
F:0.9994@390
A:0.9994@390
T:157d:0.6296,-0.1987,0.0256,0.0829,-0.5315,-0.1564,0.2838,-0.3331
C:157d:0.0000,0.0000,0.0000,0.0000,0.0000,0.0000,0.0000,0.0000
M:157d:0.3704,0.3320,-0.2332,-0.6296,-0.2719,-0.1203,0.2761,0.5131
I:157e:0.4822,-0.0427,0.0851,0.1186,-0.4451,0.3920,0.4655,0.0361
F:0.9993@390
A:0.9993@390
T:157f:0.6296,-0.1987,0.0256,0.0829,-0.5315,-0.1564,0.2838,-0.3331
C:157f:0.0000,0.0000,0.0000,0.0000,0.0000,0.0000,0.0000,0.0000
M:157f:0.3702,0.3319,-0.2328,-0.6300,-0.2713,-0.1208,0.2762,0.5139
I:157f:0.4822,-0.0427,0.0851,0.1186,-0.4451,0.3920,0.4655,0.0361
F:0.9993@390
A:0.9993@390
T:1581:0.6296,-0.1987,0.0256,0.0829,-0.5315,-0.1564,0.2838,-0.3331
C:1581:0.0000,0.0000,0.0000,0.0000,0.0000,0.0000,0.0000,0.0000
M:1581:0.3699,0.3319,-0.2324,-0.6303,-0.2707,-0.1213,0.2764,0.5146
I:1581:0.4822,-0.0427,0.0851,0.1186,-0.4451,0.3920,0.4655,0.0361
F:0.9991@390
A:0.9991@390
T:1583:0.6296,-0.1987,0.0256,0.0829,-0.5315,-0.1564,0.2838,-0.3331
C:1583:0.0000,0.0000,0.0000,0.0000,0.0000,0.0000,0.0000,0.0000
M:1583:0.3695,0.3318,-0.2320,-0.6307,-0.2702,-0.1218,0.2766,0.5153
I:1584:0.4822,-0.0427,0.0851,0.1186,-0.4451,0.3920,0.4655,0.0361
F:0.9991@390
A:0.9991@390
T:1585:0.6296,-0.1987,0.0256,0.0829,-0.5315,-0.1564,0.2838,-0.3331
C:1585:0.0000,0.0000,0.0000,0.0000,0.0000,0.0000,0.0000,0.0000
M:1585:0.3692,0.3317,-0.2317,-0.6311,-0.2697,-0.1224,0.2768,0.5160
I:1585:0.4822,-0.0427,0.0851,0.1186,-0.4451,0.3920,0.4655,0.0361
F:0.9990@390
A:0.9990@390
T:1586:0.6296,-0.1987,0.0256,0.0829,-0.5315,-0.1564,0.2838,-0.3331
C:1586:0.0000,0.0000,0.0000,0.0000,0.0000,0.0000,0.0000,0.0000
M:1586:0.3691,0.3318,-0.2310,-0.6314,-0.2694,-0.1225,0.2768,0.5166
I:1587:0.4822,-0.0427,0.0851,0.1186,-0.4451,0.3920,0.4655,0.0361
F:0.9990@390
A:0.9990@390
T:1588:0.6296,-0.1987,0.0256,0.0829,-0.5315,-0.1564,0.2838,-0.3331
C:1588:0.0000,0.0000,0.0000,0.0000,0.0000,0.0000,0.0000,0.0000
M:158a:0.3687,0.3317,-0.2308,-0.6317,-0.2691,-0.1232,0.2770,0.5171
I:158a:0.4822,-0.0427,0.0851,0.1186,-0.4451,0.3920,0.4655,0.0361
F:0.9990@390
A:0.9990@390
T:158b:0.6296,-0.1987,0.0256,0.0829,-0.5315,-0.1564,0.2838,-0.3331
C:158b:0.0000,0.0000,0.0000,0.0000,0.0000,0.0000,0.0000,0.0000
M:158b:0.3684,0.3315,-0.2309,-0.6321,-0.2684,-0.1244,0.2774,0.5177
I:158b:0.4822,-0.0427,0.0851,0.1186,-0.4451,0.3920,0.4655,0.0361
F:0.9990@390
A:0.9990@390
T:158d:0.6296,-0.1987,0.0256,0.0829,-0.5315,-0.1564,0.2838,-0.3331
C:158d:0.0000,0.0000,0.0000,0.0000,0.0000,0.0000,0.0000,0.0000
M:158d:0.3684,0.3315,-0.2304,-0.6324,-0.2678,-0.1246,0.2775,0.5185
I:158d:0.4822,-0.0427,0.0851,0.1186,-0.4451,0.3920,0.4655,0.0361
F:0.9990@390
A:0.9990@390
T:158e:0.6296,-0.1987,0.0256,0.0829,-0.5315,-0.1564,0.2838,-0.3331
C:158e:0.0000,0.0000,0.0000,0.0000,0.0000,0.0000,0.0000,0.0000
M:158e:0.3681,0.3314,-0.2301,-0.6328,-0.2673,-0.1251,0.2776,0.5191
I:158f:0.4822,-0.0427,0.0851,0.1186,-0.4451,0.3920,0.4655,0.0361
F:0.9990@390
A:0.9990@390
T:1590:0.6296,-0.1987,0.0256,0.0829,-0.5315,-0.1564,0.2838,-0.3331
C:1590:0.0000,0.0000,0.0000,0.0000,0.0000,0.0000,0.0000,0.0000
M:1590:0.3678,0.3313,-0.2299,-0.6331,-0.2667,-0.1257,0.2778,0.5197
I:1591:0.4822,-0.0427,0.0851,0.1186,-0.4451,0.3920,0.4655,0.0361
F:0.9990@390
A:0.9990@390
T:1592:0.6296,-0.1987,0.0256,0.0829,-0.5315,-0.1564,0.2838,-0.3331
C:1592:0.0000,0.0000,0.0000,0.0000,0.0000,0.0000,0.0000,0.0000
M:1592:0.3675,0.3312,-0.2296,-0.6335,-0.2661,-0.1263,0.2780,0.5204
I:1592:0.4822,-0.0427,0.0851,0.1186,-0.4451,0.3920,0.4655,0.0361
F:0.9988@390
A:0.9988@390
T:1593:0.6296,-0.1987,0.0256,0.0829,-0.5315,-0.1564,0.2838,-0.3331
C:1593:0.0000,0.0000,0.0000,0.0000,0.0000,0.0000,0.0000,0.0000
M:1593:0.3673,0.3312,-0.2291,-0.6337,-0.2657,-0.1264,0.2780,0.5209
I:1593:0.4822,-0.0427,0.0851,0.1186,-0.4451,0.3920,0.4655,0.0361
F:0.9988@390
A:0.9988@390
T:1596:0.6296,-0.1987,0.0256,0.0829,-0.5315,-0.1564,0.2838,-0.3331
C:1596:0.0000,0.0000,0.0000,0.0000,0.0000,0.0000,0.0000,0.0000
M:1597:0.3669,0.3309,-0.2291,-0.6341,-0.2650,-0.1274,0.2783,0.5216
I:1597:0.4822,-0.0427,0.0851,0.1186,-0.4451,0.3920,0.4655,0.0361
F:0.9988@390
A:0.9988@390
T:1598:0.6296,-0.1987,0.0256,0.0829,-0.5315,-0.1564,0.2838,-0.3331
C:1598:0.0000,0.0000,0.0000,0.0000,0.0000,0.0000,0.0000,0.0000
M:1599:0.3667,0.3307,-0.2290,-0.6345,-0.2642,-0.1281,0.2786,0.5223
I:1599:0.4822,-0.0427,0.0851,0.1186,-0.4451,0.3920,0.4655,0.0361
F:0.9988@390
A:0.9988@390
T:159a:0.6296,-0.1987,0.0256,0.0829,-0.5315,-0.1564,0.2838,-0.3331
C:159a:0.0000,0.0000,0.0000,0.0000,0.0000,0.0000,0.0000,0.0000
M:159a:0.3665,0.3306,-0.2287,-0.6348,-0.2634,-0.1286,0.2788,0.5230
I:159b:0.4822,-0.0427,0.0851,0.1186,-0.4451,0.3920,0.4655,0.0361
F:0.9988@390
A:0.9988@390
T:159c:0.6296,-0.1987,0.0256,0.0829,-0.5315,-0.1564,0.2838,-0.3331
C:159c:0.0000,0.0000,0.0000,0.0000,0.0000,0.0000,0.0000,0.0000
M:159c:0.3662,0.3305,-0.2283,-0.6352,-0.2627,-0.1291,0.2790,0.5237
I:159d:0.4822,-0.0427,0.0851,0.1186,-0.4451,0.3920,0.4655,0.0361
F:0.9988@390
A:0.9988@390
T:159e:0.6296,-0.1987,0.0256,0.0829,-0.5315,-0.1564,0.2838,-0.3331
C:159e:0.0000,0.0000,0.0000,0.0000,0.0000,0.0000,0.0000,0.0000
M:159e:0.3658,0.3303,-0.2280,-0.6355,-0.2620,-0.1296,0.2791,0.5244
I:159e:0.4822,-0.0427,0.0851,0.1186,-0.4451,0.3920,0.4655,0.0361
F:0.9988@390
A:0.9988@390
T:15a0:0.6296,-0.1987,0.0256,0.0829,-0.5315,-0.1564,0.2838,-0.3331
C:15a0:0.0000,0.0000,0.0000,0.0000,0.0000,0.0000,0.0000,0.0000
M:15a0:0.3655,0.3302,-0.2276,-0.6359,-0.2614,-0.1301,0.2793,0.5251
I:15a0:0.4822,-0.0427,0.0851,0.1186,-0.4451,0.3920,0.4655,0.0361
F:0.9987@390
A:0.9987@390
T:15a1:0.6296,-0.1987,0.0256,0.0829,-0.5315,-0.1564,0.2838,-0.3331
C:15a1:0.0000,0.0000,0.0000,0.0000,0.0000,0.0000,0.0000,0.0000
M:15a1:0.3653,0.3302,-0.2269,-0.6361,-0.2610,-0.1302,0.2794,0.5256
I:15a2:0.4822,-0.0427,0.0851,0.1186,-0.4451,0.3920,0.4655,0.0361
F:0.9987@390
A:0.9987@390
T:15a3:0.6296,-0.1987,0.0256,0.0829,-0.5315,-0.1564,0.2838,-0.3331
C:15a3:0.0000,0.0000,0.0000,0.0000,0.0000,0.0000,0.0000,0.0000
M:15a3:0.3649,0.3301,-0.2266,-0.6364,-0.2606,-0.1308,0.2795,0.5261
I:15a4:0.4822,-0.0427,0.0851,0.1186,-0.4451,0.3920,0.4655,0.0361
F:0.9987@390
A:0.9987@390
T:15a5:0.6296,-0.1987,0.0256,0.0829,-0.5315,-0.1564,0.2838,-0.3331
C:15a5:0.0000,0.0000,0.0000,0.0000,0.0000,0.0000,0.0000,0.0000
M:15a5:0.3646,0.3299,-0.2265,-0.6367,-0.2601,-0.1315,0.2797,0.5266
I:15a5:0.4822,-0.0427,0.0851,0.1186,-0.4451,0.3920,0.4655,0.0361
F:0.9987@390
A:0.9987@390
T:15a7:0.6296,-0.1987,0.0256,0.0829,-0.5315,-0.1564,0.2838,-0.3331
C:15a7:0.0000,0.0000,0.0000,0.0000,0.0000,0.0000,0.0000,0.0000
M:15a7:0.3644,0.3298,-0.2263,-0.6371,-0.2595,-0.1322,0.2800,0.5273
I:15a8:0.4822,-0.0427,0.0851,0.1186,-0.4451,0.3920,0.4655,0.0361
F:0.9985@390
A:0.9985@390
T:15a9:0.6296,-0.1987,0.0256,0.0829,-0.5315,-0.1564,0.2838,-0.3331
C:15a9:0.0000,0.0000,0.0000,0.0000,0.0000,0.0000,0.0000,0.0000
M:15aa:0.3642,0.3296,-0.2261,-0.6374,-0.2588,-0.1328,0.2801,0.5279
I:15aa:0.4822,-0.0427,0.0851,0.1186,-0.4451,0.3920,0.4655,0.0361
F:0.9985@390
A:0.9985@390
T:15ab:0.6296,-0.1987,0.0256,0.0829,-0.5315,-0.1564,0.2838,-0.3331
C:15ab:0.0000,0.0000,0.0000,0.0000,0.0000,0.0000,0.0000,0.0000
M:15ab:0.3639,0.3295,-0.2258,-0.6377,-0.2580,-0.1334,0.2803,0.5286
I:15ab:0.4822,-0.0427,0.0851,0.1186,-0.4451,0.3920,0.4655,0.0361
F:0.9985@390
A:0.9985@390
T:15ad:0.6296,-0.1987,0.0256,0.0829,-0.5315,-0.1564,0.2838,-0.3331
C:15ad:0.0000,0.0000,0.0000,0.0000,0.0000,0.0000,0.0000,0.0000
M:15ad:0.3636,0.3293,-0.2255,-0.6381,-0.2573,-0.1339,0.2805,0.5292
I:15ad:0.4822,-0.0427,0.0851,0.1186,-0.4451,0.3920,0.4655,0.0361
F:0.9985@390
A:0.9985@390
T:15ae:0.6296,-0.1987,0.0256,0.0829,-0.5315,-0.1564,0.2838,-0.3331
C:15ae:0.0000,0.0000,0.0000,0.0000,0.0000,0.0000,0.0000,0.0000
M:15ae:0.3634,0.3293,-0.2249,-0.6383,-0.2568,-0.1339,0.2805,0.5298
I:15ae:0.4822,-0.0427,0.0851,0.1186,-0.4451,0.3920,0.4655,0.0361
F:0.9985@390
A:0.9985@390
T:15b1:0.6296,-0.1987,0.0256,0.0829,-0.5315,-0.1564,0.2838,-0.3331
C:15b1:0.0000,0.0000,0.0000,0.0000,0.0000,0.0000,0.0000,0.0000
M:15b1:0.3631,0.3294,-0.2243,-0.6385,-0.2566,-0.1340,0.2805,0.5302
I:15b1:0.4822,-0.0427,0.0851,0.1186,-0.4451,0.3920,0.4655,0.0361
F:0.9983@390
A:0.9983@390
T:15b2:0.6296,-0.1987,0.0256,0.0829,-0.5315,-0.1564,0.2838,-0.3331
C:15b2:0.0000,0.0000,0.0000,0.0000,0.0000,0.0000,0.0000,0.0000
M:15b2:0.3626,0.3290,-0.2244,-0.6388,-0.2561,-0.1352,0.2809,0.5307
I:15b3:0.4822,-0.0427,0.0851,0.1186,-0.4451,0.3920,0.4655,0.0361
F:0.9983@390
A:0.9983@390
T:15b4:0.6296,-0.1987,0.0256,0.0829,-0.5315,-0.1564,0.2838,-0.3331
C:15b4:0.0000,0.0000,0.0000,0.0000,0.0000,0.0000,0.0000,0.0000
M:15b4:0.3624,0.3288,-0.2243,-0.6392,-0.2553,-0.1360,0.2812,0.5313
I:15b5:0.4822,-0.0427,0.0851,0.1186,-0.4451,0.3920,0.4655,0.0361
F:0.9983@390
A:0.9983@390
T:15b6:0.6296,-0.1987,0.0256,0.0829,-0.5315,-0.1564,0.2838,-0.3331
C:15b6:0.0000,0.0000,0.0000,0.0000,0.0000,0.0000,0.0000,0.0000
M:15b6:0.3623,0.3286,-0.2241,-0.6395,-0.2544,-0.1365,0.2814,0.5320
I:15b7:0.4822,-0.0427,0.0851,0.1186,-0.4451,0.3920,0.4655,0.0361
F:0.9983@390
A:0.9983@390
T:15b8:0.6296,-0.1987,0.0256,0.0829,-0.5315,-0.1564,0.2838,-0.3331
C:15b8:0.0000,0.0000,0.0000,0.0000,0.0000,0.0000,0.0000,0.0000
M:15b8:0.3620,0.3285,-0.2238,-0.6399,-0.2536,-0.1370,0.2815,0.5327
I:15b8:0.4822,-0.0427,0.0851,0.1186,-0.4451,0.3920,0.4655,0.0361
F:0.9983@390
A:0.9983@390
T:15ba:0.6296,-0.1987,0.0256,0.0829,-0.5315,-0.1564,0.2838,-0.3331
C:15ba:0.0000,0.0000,0.0000,0.0000,0.0000,0.0000,0.0000,0.0000
M:15ba:0.3617,0.3283,-0.2235,-0.6402,-0.2528,-0.1375,0.2817,0.5334
I:15ba:0.4822,-0.0427,0.0851,0.1186,-0.4451,0.3920,0.4655,0.0361
F:0.9982@390
A:0.9982@390
T:15bc:0.6296,-0.1987,0.0256,0.0829,-0.5315,-0.1564,0.2838,-0.3331
C:15bc:0.0000,0.0000,0.0000,0.0000,0.0000,0.0000,0.0000,0.0000
M:15bc:0.3613,0.3281,-0.2231,-0.6405,-0.2520,-0.1379,0.2818,0.5340
I:15bc:0.4822,-0.0427,0.0851,0.1186,-0.4451,0.3920,0.4655,0.0361
F:0.9982@390
A:0.9982@390
T:15bd:0.6296,-0.1987,0.0256,0.0829,-0.5315,-0.1564,0.2838,-0.3331
C:15bd:0.0000,0.0000,0.0000,0.0000,0.0000,0.0000,0.0000,0.0000
M:15bd:0.3611,0.3281,-0.2224,-0.6408,-0.2516,-0.1380,0.2819,0.5345
I:15bd:0.4822,-0.0427,0.0851,0.1186,-0.4451,0.3920,0.4655,0.0361
F:0.9982@390
A:0.9982@390
T:15be:0.6296,-0.1987,0.0256,0.0829,-0.5315,-0.1564,0.2838,-0.3331
C:15be:0.0000,0.0000,0.0000,0.0000,0.0000,0.0000,0.0000,0.0000
M:15c0:0.3607,0.3281,-0.2218,-0.6409,-0.2514,-0.1381,0.2818,0.5349
I:15c0:0.4822,-0.0427,0.0851,0.1186,-0.4451,0.3920,0.4655,0.0361
F:0.9982@390
A:0.9982@390
T:15c1:0.6296,-0.1987,0.0256,0.0829,-0.5315,-0.1564,0.2838,-0.3331
C:15c1:0.0000,0.0000,0.0000,0.0000,0.0000,0.0000,0.0000,0.0000
M:15c1:0.3602,0.3277,-0.2219,-0.6412,-0.2509,-0.1393,0.2822,0.5354
I:15c2:0.4822,-0.0427,0.0851,0.1186,-0.4451,0.3920,0.4655,0.0361
F:0.9982@390
A:0.9982@390
T:15c3:0.6296,-0.1987,0.0256,0.0829,-0.5315,-0.1564,0.2838,-0.3331
C:15c3:0.0000,0.0000,0.0000,0.0000,0.0000,0.0000,0.0000,0.0000
M:15c3:0.3601,0.3275,-0.2218,-0.6416,-0.2501,-0.1401,0.2825,0.5360
I:15c4:0.4822,-0.0427,0.0851,0.1186,-0.4451,0.3920,0.4655,0.0361
F:0.9980@390
A:0.9980@390
T:15c5:0.6296,-0.1987,0.0256,0.0829,-0.5315,-0.1564,0.2838,-0.3331
C:15c5:0.0000,0.0000,0.0000,0.0000,0.0000,0.0000,0.0000,0.0000
M:15c5:0.3599,0.3273,-0.2216,-0.6419,-0.2492,-0.1406,0.2827,0.5367
I:15c5:0.4822,-0.0427,0.0851,0.1186,-0.4451,0.3920,0.4655,0.0361
F:0.9977@390
A:0.9977@390
T:15c7:0.6296,-0.1987,0.0256,0.0829,-0.5315,-0.1564,0.2838,-0.3331
C:15c7:0.0000,0.0000,0.0000,0.0000,0.0000,0.0000,0.0000,0.0000
M:15c7:0.3596,0.3272,-0.2213,-0.6423,-0.2483,-0.1411,0.2828,0.5374
I:15c7:0.4822,-0.0427,0.0851,0.1186,-0.4451,0.3920,0.4655,0.0361
F:0.9977@390
A:0.9977@390
T:15c9:0.6296,-0.1987,0.0256,0.0829,-0.5315,-0.1564,0.2838,-0.3331
C:15c9:0.0000,0.0000,0.0000,0.0000,0.0000,0.0000,0.0000,0.0000
M:15c9:0.3593,0.3270,-0.2210,-0.6426,-0.2475,-0.1416,0.2830,0.5380
I:15ca:0.4822,-0.0427,0.0851,0.1186,-0.4451,0.3920,0.4655,0.0361
F:0.9977@390
A:0.9977@390
T:15cb:0.6296,-0.1987,0.0256,0.0829,-0.5315,-0.1564,0.2838,-0.3331
C:15cb:0.0000,0.0000,0.0000,0.0000,0.0000,0.0000,0.0000,0.0000
M:15cc:0.3589,0.3268,-0.2206,-0.6429,-0.2468,-0.1420,0.2831,0.5386
I:15cc:0.4822,-0.0427,0.0851,0.1186,-0.4451,0.3920,0.4655,0.0361
F:0.9977@390
A:0.9977@390
T:15ce:0.6296,-0.1987,0.0256,0.0829,-0.5315,-0.1564,0.2838,-0.3331
C:15ce:0.0000,0.0000,0.0000,0.0000,0.0000,0.0000,0.0000,0.0000
M:15cf:0.3584,0.3264,-0.2205,-0.6432,-0.2458,-0.1430,0.2835,0.5393
I:15cf:0.4822,-0.0427,0.0851,0.1186,-0.4451,0.3920,0.4655,0.0361
F:0.9977@390
A:0.9977@390
T:15d3:0.6296,-0.1987,0.0256,0.0829,-0.5315,-0.1564,0.2838,-0.3331
C:15d3:0.0000,0.0000,0.0000,0.0000,0.0000,0.0000,0.0000,0.0000
M:15d3:0.3579,0.3258,-0.2208,-0.6438,-0.2442,-0.1445,0.2840,0.5402
I:15d3:0.4822,-0.0427,0.0851,0.1186,-0.4451,0.3920,0.4655,0.0361
F:0.9975@390
A:0.9975@390
T:15d5:0.6296,-0.1987,0.0256,0.0829,-0.5315,-0.1564,0.2838,-0.3331
C:15d5:0.0000,0.0000,0.0000,0.0000,0.0000,0.0000,0.0000,0.0000
M:15d6:0.3576,0.3253,-0.2205,-0.6443,-0.2425,-0.1453,0.2843,0.5413
I:15d6:0.4822,-0.0427,0.0851,0.1186,-0.4451,0.3920,0.4655,0.0361
F:0.9975@390
A:0.9975@390
T:15d7:0.6296,-0.1987,0.0256,0.0829,-0.5315,-0.1564,0.2838,-0.3331
C:15d7:0.0000,0.0000,0.0000,0.0000,0.0000,0.0000,0.0000,0.0000
M:15d7:0.3573,0.3251,-0.2197,-0.6447,-0.2412,-0.1454,0.2844,0.5423
I:15d7:0.4822,-0.0427,0.0851,0.1186,-0.4451,0.3920,0.4655,0.0361
F:0.9974@390
A:0.9974@390
T:15d9:0.6296,-0.1987,0.0256,0.0829,-0.5315,-0.1564,0.2838,-0.3331
C:15d9:0.0000,0.0000,0.0000,0.0000,0.0000,0.0000,0.0000,0.0000
M:15d9:0.3567,0.3250,-0.2188,-0.6450,-0.2403,-0.1455,0.2844,0.5430
I:15da:0.4822,-0.0427,0.0851,0.1186,-0.4451,0.3920,0.4655,0.0361
F:0.9974@390
A:0.9974@390
T:15db:0.6296,-0.1987,0.0256,0.0829,-0.5315,-0.1564,0.2838,-0.3331
C:15db:0.0000,0.0000,0.0000,0.0000,0.0000,0.0000,0.0000,0.0000
M:15db:0.3561,0.3248,-0.2180,-0.6452,-0.2398,-0.1458,0.2845,0.5436
I:15dc:0.4822,-0.0427,0.0851,0.1186,-0.4451,0.3920,0.4655,0.0361
F:0.9972@390
A:0.9972@390
T:15de:0.6296,-0.1987,0.0256,0.0829,-0.5315,-0.1564,0.2838,-0.3331
C:15de:0.0000,0.0000,0.0000,0.0000,0.0000,0.0000,0.0000,0.0000
M:15de:0.3555,0.3244,-0.2176,-0.6455,-0.2391,-0.1468,0.2848,0.5442
I:15de:0.4822,-0.0427,0.0851,0.1186,-0.4451,0.3920,0.4655,0.0361
F:0.9972@390
A:0.9972@390
{
  "exo_version": "0.12",
  "last_tick": 5600,
  "attractor": {
    "events": 1,
    "sim_mean": 0.9972
  },
  "memory": {
    "unique_patterns": 3,
    "familiarity_mean": 0.9972
  },
  "path_dependency_index": 1.9150,
  "sedimentation": true
}

T:15e0:0.6296,-0.1987,0.0256,0.0829,-0.5315,-0.1564,0.2838,-0.3331
C:15e0:0.0000,0.0000,0.0000,0.0000,0.0000,0.0000,0.0000,0.0000
M:15e1:0.3553,0.3243,-0.2167,-0.6458,-0.2386,-0.1470,0.2849,0.5448
I:15e1:0.4822,-0.0427,0.0851,0.1186,-0.4451,0.3920,0.4655,0.0361
F:0.9972@390
A:0.9972@390
T:15e2:0.6296,-0.1987,0.0256,0.0829,-0.5315,-0.1564,0.2838,-0.3331
C:15e3:0.0000,0.0000,0.0000,0.0000,0.0000,0.0000,0.0000,0.0000
M:15e3:0.3548,0.3240,-0.2166,-0.6461,-0.2380,-0.1480,0.2851,0.5453
I:15e3:0.4822,-0.0427,0.0851,0.1186,-0.4451,0.3920,0.4655,0.0361
F:0.9972@390
A:0.9972@390
T:15e5:0.6296,-0.1987,0.0256,0.0829,-0.5315,-0.1564,0.2838,-0.3331
C:15e5:0.0000,0.0000,0.0000,0.0000,0.0000,0.0000,0.0000,0.0000
M:15e5:0.3544,0.3237,-0.2165,-0.6466,-0.2370,-0.1491,0.2855,0.5461
I:15e6:0.4822,-0.0427,0.0851,0.1186,-0.4451,0.3920,0.4655,0.0361
F:0.9972@390
A:0.9972@390
T:15e7:0.6296,-0.1987,0.0256,0.0829,-0.5315,-0.1564,0.2838,-0.3331
C:15e7:0.0000,0.0000,0.0000,0.0000,0.0000,0.0000,0.0000,0.0000
M:15e8:0.3542,0.3235,-0.2161,-0.6469,-0.2360,-0.1496,0.2856,0.5468
I:15e8:0.4822,-0.0427,0.0851,0.1186,-0.4451,0.3920,0.4655,0.0361
F:0.9972@390
A:0.9972@390
T:15e9:0.6296,-0.1987,0.0256,0.0829,-0.5315,-0.1564,0.2838,-0.3331
C:15e9:0.0000,0.0000,0.0000,0.0000,0.0000,0.0000,0.0000,0.0000
M:15e9:0.3538,0.3234,-0.2155,-0.6473,-0.2351,-0.1500,0.2857,0.5475
I:15e9:0.4822,-0.0427,0.0851,0.1186,-0.4451,0.3920,0.4655,0.0361
F:0.9972@390
A:0.9972@390
T:15eb:0.6296,-0.1987,0.0256,0.0829,-0.5315,-0.1564,0.2838,-0.3331
C:15eb:0.0000,0.0000,0.0000,0.0000,0.0000,0.0000,0.0000,0.0000
M:15eb:0.3533,0.3233,-0.2149,-0.6476,-0.2344,-0.1504,0.2858,0.5481
I:15eb:0.4822,-0.0427,0.0851,0.1186,-0.4451,0.3920,0.4655,0.0361
F:0.9970@390
A:0.9970@390
T:15ec:0.6296,-0.1987,0.0256,0.0829,-0.5315,-0.1564,0.2838,-0.3331
C:15ec:0.0000,0.0000,0.0000,0.0000,0.0000,0.0000,0.0000,0.0000
M:15ec:0.3530,0.3232,-0.2140,-0.6478,-0.2340,-0.1504,0.2858,0.5486
I:15ec:0.4822,-0.0427,0.0851,0.1186,-0.4451,0.3920,0.4655,0.0361
F:0.9970@390
A:0.9970@390
T:15ee:0.6296,-0.1987,0.0256,0.0829,-0.5315,-0.1564,0.2838,-0.3331
C:15ee:0.0000,0.0000,0.0000,0.0000,0.0000,0.0000,0.0000,0.0000
M:15ef:0.3526,0.3233,-0.2132,-0.6479,-0.2340,-0.1505,0.2858,0.5489
I:15ef:0.4822,-0.0427,0.0851,0.1186,-0.4451,0.3920,0.4655,0.0361
F:0.9970@390
A:0.9970@390
T:15f0:0.6296,-0.1987,0.0256,0.0829,-0.5315,-0.1564,0.2838,-0.3331
C:15f0:0.0000,0.0000,0.0000,0.0000,0.0000,0.0000,0.0000,0.0000
M:15f0:0.3520,0.3229,-0.2133,-0.6482,-0.2335,-0.1517,0.2861,0.5493
I:15f1:0.4822,-0.0427,0.0851,0.1186,-0.4451,0.3920,0.4655,0.0361
F:0.9970@390
A:0.9970@390
T:15f2:0.6296,-0.1987,0.0256,0.0829,-0.5315,-0.1564,0.2838,-0.3331
C:15f2:0.0000,0.0000,0.0000,0.0000,0.0000,0.0000,0.0000,0.0000
M:15f2:0.3519,0.3227,-0.2132,-0.6485,-0.2328,-0.1525,0.2864,0.5498
I:15f3:0.4822,-0.0427,0.0851,0.1186,-0.4451,0.3920,0.4655,0.0361
F:0.9970@390
A:0.9970@390
T:15f4:0.6296,-0.1987,0.0256,0.0829,-0.5315,-0.1564,0.2838,-0.3331
C:15f4:0.0000,0.0000,0.0000,0.0000,0.0000,0.0000,0.0000,0.0000
M:15f4:0.3517,0.3225,-0.2130,-0.6489,-0.2318,-0.1531,0.2865,0.5505
I:15f5:0.4822,-0.0427,0.0851,0.1186,-0.4451,0.3920,0.4655,0.0361
F:0.9968@390
A:0.9968@390
T:15f6:0.6296,-0.1987,0.0256,0.0829,-0.5315,-0.1564,0.2838,-0.3331
C:15f6:0.0000,0.0000,0.0000,0.0000,0.0000,0.0000,0.0000,0.0000
M:15f6:0.3514,0.3223,-0.2127,-0.6492,-0.2309,-0.1536,0.2867,0.5511
I:15f6:0.4822,-0.0427,0.0851,0.1186,-0.4451,0.3920,0.4655,0.0361
F:0.9968@390
A:0.9968@390
T:15f8:0.6296,-0.1987,0.0256,0.0829,-0.5315,-0.1564,0.2838,-0.3331
C:15f8:0.0000,0.0000,0.0000,0.0000,0.0000,0.0000,0.0000,0.0000
M:15f8:0.3510,0.3221,-0.2123,-0.6495,-0.2300,-0.1540,0.2868,0.5517
I:15f8:0.4822,-0.0427,0.0851,0.1186,-0.4451,0.3920,0.4655,0.0361
F:0.9968@390
A:0.9968@390
T:15fa:0.6296,-0.1987,0.0256,0.0829,-0.5315,-0.1564,0.2838,-0.3331
C:15fa:0.0000,0.0000,0.0000,0.0000,0.0000,0.0000,0.0000,0.0000
M:15fa:0.3506,0.3219,-0.2119,-0.6497,-0.2292,-0.1545,0.2869,0.5523
I:15fa:0.4822,-0.0427,0.0851,0.1186,-0.4451,0.3920,0.4655,0.0361
F:0.9965@390
A:0.9965@390
T:15fc:0.6296,-0.1987,0.0256,0.0829,-0.5315,-0.1564,0.2838,-0.3331
C:15fc:0.0000,0.0000,0.0000,0.0000,0.0000,0.0000,0.0000,0.0000
M:15fc:0.3503,0.3218,-0.2111,-0.6499,-0.2286,-0.1545,0.2869,0.5527
I:15fc:0.4822,-0.0427,0.0851,0.1186,-0.4451,0.3920,0.4655,0.0361
F:0.9965@390
A:0.9965@390
T:15fe:0.6296,-0.1987,0.0256,0.0829,-0.5315,-0.1564,0.2838,-0.3331
C:15fe:0.0000,0.0000,0.0000,0.0000,0.0000,0.0000,0.0000,0.0000
M:15fe:0.3497,0.3214,-0.2111,-0.6502,-0.2279,-0.1555,0.2872,0.5532
I:15ff:0.4822,-0.0427,0.0851,0.1186,-0.4451,0.3920,0.4655,0.0361
F:0.9963@390
A:0.9963@390
T:1600:0.6296,-0.1987,0.0256,0.0829,-0.5315,-0.1564,0.2838,-0.3331
C:1600:0.0000,0.0000,0.0000,0.0000,0.0000,0.0000,0.0000,0.0000
M:1600:0.3494,0.3211,-0.2108,-0.6505,-0.2270,-0.1561,0.2875,0.5538
I:1600:0.4822,-0.0427,0.0851,0.1186,-0.4451,0.3920,0.4655,0.0361
F:0.9963@390
A:0.9963@390
T:1602:0.6296,-0.1987,0.0256,0.0829,-0.5315,-0.1564,0.2838,-0.3331
C:1602:0.0000,0.0000,0.0000,0.0000,0.0000,0.0000,0.0000,0.0000
M:1602:0.3491,0.3209,-0.2104,-0.6508,-0.2260,-0.1566,0.2876,0.5544
I:1602:0.4822,-0.0427,0.0851,0.1186,-0.4451,0.3920,0.4655,0.0361
F:0.9963@390
A:0.9963@390
T:1604:0.6296,-0.1987,0.0256,0.0829,-0.5315,-0.1564,0.2838,-0.3331
C:1604:0.0000,0.0000,0.0000,0.0000,0.0000,0.0000,0.0000,0.0000
M:1604:0.3487,0.3206,-0.2099,-0.6511,-0.2252,-0.1571,0.2877,0.5550
I:1604:0.4822,-0.0427,0.0851,0.1186,-0.4451,0.3920,0.4655,0.0361
F:0.9961@390
A:0.9961@390
T:1605:0.6296,-0.1987,0.0256,0.0829,-0.5315,-0.1564,0.2838,-0.3331
C:1606:0.0000,0.0000,0.0000,0.0000,0.0000,0.0000,0.0000,0.0000
M:1606:0.3484,0.3206,-0.2092,-0.6513,-0.2246,-0.1571,0.2877,0.5555
I:1606:0.4822,-0.0427,0.0851,0.1186,-0.4451,0.3920,0.4655,0.0361
F:0.9961@390
A:0.9961@390
T:1607:0.6296,-0.1987,0.0256,0.0829,-0.5315,-0.1564,0.2838,-0.3331
C:1607:0.0000,0.0000,0.0000,0.0000,0.0000,0.0000,0.0000,0.0000
M:1607:0.3479,0.3204,-0.2087,-0.6515,-0.2241,-0.1576,0.2878,0.5559
I:1607:0.4822,-0.0427,0.0851,0.1186,-0.4451,0.3920,0.4655,0.0361
F:0.9961@390
A:0.9961@390
T:160b:0.6296,-0.1987,0.0256,0.0829,-0.5315,-0.1564,0.2838,-0.3331
C:160b:0.0000,0.0000,0.0000,0.0000,0.0000,0.0000,0.0000,0.0000
M:160b:0.3473,0.3199,-0.2088,-0.6518,-0.2232,-0.1587,0.2882,0.5564
I:160b:0.4822,-0.0427,0.0851,0.1186,-0.4451,0.3920,0.4655,0.0361
F:0.9961@390
A:0.9961@390
T:160d:0.6296,-0.1987,0.0256,0.0829,-0.5315,-0.1564,0.2838,-0.3331
C:160d:0.0000,0.0000,0.0000,0.0000,0.0000,0.0000,0.0000,0.0000
M:160e:0.3470,0.3194,-0.2088,-0.6522,-0.2219,-0.1598,0.2886,0.5571
I:160e:0.4822,-0.0427,0.0851,0.1186,-0.4451,0.3920,0.4655,0.0361
F:0.9961@390
A:0.9961@390
T:160f:0.6296,-0.1987,0.0256,0.0829,-0.5315,-0.1564,0.2838,-0.3331
C:160f:0.0000,0.0000,0.0000,0.0000,0.0000,0.0000,0.0000,0.0000
M:160f:0.3468,0.3192,-0.2084,-0.6525,-0.2206,-0.1602,0.2887,0.5579
I:160f:0.4822,-0.0427,0.0851,0.1186,-0.4451,0.3920,0.4655,0.0361
F:0.9958@390
A:0.9958@390
T:1611:0.6296,-0.1987,0.0256,0.0829,-0.5315,-0.1564,0.2838,-0.3331
C:1611:0.0000,0.0000,0.0000,0.0000,0.0000,0.0000,0.0000,0.0000
M:1611:0.3463,0.3189,-0.2077,-0.6528,-0.2195,-0.1604,0.2888,0.5586
I:1612:0.4822,-0.0427,0.0851,0.1186,-0.4451,0.3920,0.4655,0.0361
F:0.9955@390
A:0.9955@390
T:1613:0.6296,-0.1987,0.0256,0.0829,-0.5315,-0.1564,0.2838,-0.3331
C:1613:0.0000,0.0000,0.0000,0.0000,0.0000,0.0000,0.0000,0.0000
M:1613:0.3458,0.3187,-0.2071,-0.6531,-0.2186,-0.1607,0.2888,0.5591
I:1613:0.4822,-0.0427,0.0851,0.1186,-0.4451,0.3920,0.4655,0.0361
F:0.9955@390
A:0.9955@390
T:1615:0.6296,-0.1987,0.0256,0.0829,-0.5315,-0.1564,0.2838,-0.3331
C:1615:0.0000,0.0000,0.0000,0.0000,0.0000,0.0000,0.0000,0.0000
M:1615:0.3452,0.3184,-0.2064,-0.6533,-0.2179,-0.1611,0.2890,0.5596
I:1615:0.4822,-0.0427,0.0851,0.1186,-0.4451,0.3920,0.4655,0.0361
F:0.9955@390
A:0.9955@390
T:1616:0.6296,-0.1987,0.0256,0.0829,-0.5315,-0.1564,0.2838,-0.3331
C:1616:0.0000,0.0000,0.0000,0.0000,0.0000,0.0000,0.0000,0.0000
M:1617:0.3448,0.3183,-0.2055,-0.6535,-0.2175,-0.1612,0.2890,0.5600
I:1617:0.4822,-0.0427,0.0851,0.1186,-0.4451,0.3920,0.4655,0.0361
F:0.9953@390
A:0.9953@390
T:1618:0.6296,-0.1987,0.0256,0.0829,-0.5315,-0.1564,0.2838,-0.3331
C:1618:0.0000,0.0000,0.0000,0.0000,0.0000,0.0000,0.0000,0.0000
M:1618:0.3443,0.3181,-0.2050,-0.6537,-0.2171,-0.1618,0.2891,0.5604
I:1618:0.4822,-0.0427,0.0851,0.1186,-0.4451,0.3920,0.4655,0.0361
F:0.9953@390
A:0.9953@390
T:161b:0.6296,-0.1987,0.0256,0.0829,-0.5315,-0.1564,0.2838,-0.3331
C:161b:0.0000,0.0000,0.0000,0.0000,0.0000,0.0000,0.0000,0.0000
M:161b:0.3439,0.3178,-0.2047,-0.6539,-0.2166,-0.1625,0.2893,0.5608
I:161b:0.4822,-0.0427,0.0851,0.1186,-0.4451,0.3920,0.4655,0.0361
F:0.9953@390
A:0.9953@390
T:161d:0.6296,-0.1987,0.0256,0.0829,-0.5315,-0.1564,0.2838,-0.3331
C:161d:0.0000,0.0000,0.0000,0.0000,0.0000,0.0000,0.0000,0.0000
M:161d:0.3435,0.3174,-0.2048,-0.6542,-0.2156,-0.1636,0.2896,0.5614
I:161e:0.4822,-0.0427,0.0851,0.1186,-0.4451,0.3920,0.4655,0.0361
F:0.9953@390
A:0.9953@390
T:161f:0.6296,-0.1987,0.0256,0.0829,-0.5315,-0.1564,0.2838,-0.3331
C:161f:0.0000,0.0000,0.0000,0.0000,0.0000,0.0000,0.0000,0.0000
M:161f:0.3433,0.3172,-0.2045,-0.6546,-0.2145,-0.1642,0.2898,0.5620
I:161f:0.4822,-0.0427,0.0851,0.1186,-0.4451,0.3920,0.4655,0.0361
F:0.9953@390
A:0.9953@390
T:1621:0.6296,-0.1987,0.0256,0.0829,-0.5315,-0.1564,0.2838,-0.3331
C:1621:0.0000,0.0000,0.0000,0.0000,0.0000,0.0000,0.0000,0.0000
M:1621:0.3430,0.3169,-0.2041,-0.6549,-0.2134,-0.1646,0.2899,0.5627
I:1621:0.4822,-0.0427,0.0851,0.1186,-0.4451,0.3920,0.4655,0.0361
F:0.9953@390
A:0.9953@390
T:1623:0.6296,-0.1987,0.0256,0.0829,-0.5315,-0.1564,0.2838,-0.3331
C:1623:0.0000,0.0000,0.0000,0.0000,0.0000,0.0000,0.0000,0.0000
M:1623:0.3425,0.3167,-0.2035,-0.6551,-0.2124,-0.1649,0.2900,0.5632
I:1623:0.4822,-0.0427,0.0851,0.1186,-0.4451,0.3920,0.4655,0.0361
F:0.9953@390
A:0.9953@390
T:1624:0.6296,-0.1987,0.0256,0.0829,-0.5315,-0.1564,0.2838,-0.3331
C:1625:0.0000,0.0000,0.0000,0.0000,0.0000,0.0000,0.0000,0.0000
M:1626:0.3421,0.3166,-0.2026,-0.6553,-0.2118,-0.1649,0.2899,0.5637
I:1626:0.4822,-0.0427,0.0851,0.1186,-0.4451,0.3920,0.4655,0.0361
F:0.9953@390
A:0.9953@390
T:1627:0.6296,-0.1987,0.0256,0.0829,-0.5315,-0.1564,0.2838,-0.3331
C:1627:0.0000,0.0000,0.0000,0.0000,0.0000,0.0000,0.0000,0.0000
M:1628:0.3414,0.3162,-0.2024,-0.6556,-0.2110,-0.1658,0.2902,0.5641
I:1628:0.4822,-0.0427,0.0851,0.1186,-0.4451,0.3920,0.4655,0.0361
F:0.9952@390
A:0.9952@390
T:1629:0.6296,-0.1987,0.0256,0.0829,-0.5315,-0.1564,0.2838,-0.3331
C:162a:0.0000,0.0000,0.0000,0.0000,0.0000,0.0000,0.0000,0.0000
M:162a:0.3410,0.3158,-0.2020,-0.6558,-0.2101,-0.1664,0.2904,0.5647
I:162a:0.4822,-0.0427,0.0851,0.1186,-0.4451,0.3920,0.4655,0.0361
F:0.9952@390
A:0.9952@390
T:162b:0.6296,-0.1987,0.0256,0.0829,-0.5315,-0.1564,0.2838,-0.3331
C:162b:0.0000,0.0000,0.0000,0.0000,0.0000,0.0000,0.0000,0.0000
M:162b:0.3407,0.3156,-0.2015,-0.6561,-0.2092,-0.1669,0.2906,0.5652
I:162c:0.4822,-0.0427,0.0851,0.1186,-0.4451,0.3920,0.4655,0.0361
F:0.9949@390
A:0.9949@390
T:162d:0.6296,-0.1987,0.0256,0.0829,-0.5315,-0.1564,0.2838,-0.3331
C:162d:0.0000,0.0000,0.0000,0.0000,0.0000,0.0000,0.0000,0.0000
M:162d:0.3403,0.3153,-0.2011,-0.6563,-0.2084,-0.1674,0.2907,0.5657
I:162e:0.4822,-0.0427,0.0851,0.1186,-0.4451,0.3920,0.4655,0.0361
F:0.9949@390
A:0.9949@390
T:162f:0.6296,-0.1987,0.0256,0.0829,-0.5315,-0.1564,0.2838,-0.3331
C:162f:0.0000,0.0000,0.0000,0.0000,0.0000,0.0000,0.0000,0.0000
M:162f:0.3398,0.3150,-0.2006,-0.6566,-0.2075,-0.1679,0.2908,0.5663
I:1630:0.4822,-0.0427,0.0851,0.1186,-0.4451,0.3920,0.4655,0.0361
F:0.9947@390
A:0.9947@390
T:1631:0.6296,-0.1987,0.0256,0.0829,-0.5315,-0.1564,0.2838,-0.3331
C:1631:0.0000,0.0000,0.0000,0.0000,0.0000,0.0000,0.0000,0.0000
M:1631:0.3394,0.3148,-0.2001,-0.6568,-0.2067,-0.1683,0.2909,0.5668
I:1631:0.4822,-0.0427,0.0851,0.1186,-0.4451,0.3920,0.4655,0.0361
F:0.9947@390
A:0.9947@390
T:1633:0.6296,-0.1987,0.0256,0.0829,-0.5315,-0.1564,0.2838,-0.3331
C:1633:0.0000,0.0000,0.0000,0.0000,0.0000,0.0000,0.0000,0.0000
M:1633:0.3390,0.3147,-0.1992,-0.6570,-0.2061,-0.1684,0.2909,0.5672
I:1633:0.4822,-0.0427,0.0851,0.1186,-0.4451,0.3920,0.4655,0.0361
F:0.9945@390
A:0.9945@390
T:1634:0.6296,-0.1987,0.0256,0.0829,-0.5315,-0.1564,0.2838,-0.3331
C:1634:0.0000,0.0000,0.0000,0.0000,0.0000,0.0000,0.0000,0.0000
M:1634:0.3385,0.3144,-0.1988,-0.6572,-0.2056,-0.1689,0.2910,0.5675
I:1634:0.4822,-0.0427,0.0851,0.1186,-0.4451,0.3920,0.4655,0.0361
F:0.9945@390
A:0.9945@390
T:1636:0.6296,-0.1987,0.0256,0.0829,-0.5315,-0.1564,0.2838,-0.3331
C:1636:0.0000,0.0000,0.0000,0.0000,0.0000,0.0000,0.0000,0.0000
M:1636:0.3382,0.3143,-0.1981,-0.6574,-0.2053,-0.1691,0.2910,0.5679
I:1636:0.4822,-0.0427,0.0851,0.1186,-0.4451,0.3920,0.4655,0.0361
F:0.9945@390
A:0.9945@390
T:1637:0.6296,-0.1987,0.0256,0.0829,-0.5315,-0.1564,0.2838,-0.3331
C:1637:0.0000,0.0000,0.0000,0.0000,0.0000,0.0000,0.0000,0.0000
M:1637:0.3377,0.3141,-0.1978,-0.6575,-0.2049,-0.1697,0.2911,0.5682
I:1638:0.4822,-0.0427,0.0851,0.1186,-0.4451,0.3920,0.4655,0.0361
F:0.9945@390
A:0.9945@390
T:1639:0.6296,-0.1987,0.0256,0.0829,-0.5315,-0.1564,0.2838,-0.3331
C:1639:0.0000,0.0000,0.0000,0.0000,0.0000,0.0000,0.0000,0.0000
M:1639:0.3374,0.3139,-0.1977,-0.6578,-0.2041,-0.1704,0.2913,0.5686
I:1639:0.4822,-0.0427,0.0851,0.1186,-0.4451,0.3920,0.4655,0.0361
F:0.9942@390
A:0.9942@390
T:163b:0.6296,-0.1987,0.0256,0.0829,-0.5315,-0.1564,0.2838,-0.3331
C:163b:0.0000,0.0000,0.0000,0.0000,0.0000,0.0000,0.0000,0.0000
M:163b:0.3371,0.3136,-0.1975,-0.6581,-0.2032,-0.1711,0.2915,0.5691
I:163b:0.4822,-0.0427,0.0851,0.1186,-0.4451,0.3920,0.4655,0.0361
F:0.9942@390
A:0.9942@390
T:163d:0.6296,-0.1987,0.0256,0.0829,-0.5315,-0.1564,0.2838,-0.3331
C:163d:0.0000,0.0000,0.0000,0.0000,0.0000,0.0000,0.0000,0.0000
M:163e:0.3368,0.3133,-0.1972,-0.6583,-0.2022,-0.1716,0.2917,0.5696
I:163e:0.4822,-0.0427,0.0851,0.1186,-0.4451,0.3920,0.4655,0.0361
F:0.9942@390
A:0.9942@390
T:163f:0.6296,-0.1987,0.0256,0.0829,-0.5315,-0.1564,0.2838,-0.3331
C:163f:0.0000,0.0000,0.0000,0.0000,0.0000,0.0000,0.0000,0.0000
M:1640:0.3364,0.3130,-0.1969,-0.6586,-0.2011,-0.1720,0.2918,0.5702
I:1640:0.4822,-0.0427,0.0851,0.1186,-0.4451,0.3920,0.4655,0.0361
F:0.9939@390
A:0.9939@390
T:1641:0.6296,-0.1987,0.0256,0.0829,-0.5315,-0.1564,0.2838,-0.3331
C:1641:0.0000,0.0000,0.0000,0.0000,0.0000,0.0000,0.0000,0.0000
M:1641:0.3359,0.3127,-0.1964,-0.6588,-0.2001,-0.1724,0.2919,0.5707
I:1641:0.4822,-0.0427,0.0851,0.1186,-0.4451,0.3920,0.4655,0.0361
F:0.9939@390
A:0.9939@390
T:1643:0.6296,-0.1987,0.0256,0.0829,-0.5315,-0.1564,0.2838,-0.3331
C:1643:0.0000,0.0000,0.0000,0.0000,0.0000,0.0000,0.0000,0.0000
M:1643:0.3354,0.3124,-0.1959,-0.6590,-0.1991,-0.1728,0.2921,0.5712
I:1644:0.4822,-0.0427,0.0851,0.1186,-0.4451,0.3920,0.4655,0.0361
F:0.9936@390
A:0.9936@390
T:1645:0.6296,-0.1987,0.0256,0.0829,-0.5315,-0.1564,0.2838,-0.3331
C:1645:0.0000,0.0000,0.0000,0.0000,0.0000,0.0000,0.0000,0.0000
M:1645:0.3349,0.3120,-0.1954,-0.6593,-0.1982,-0.1733,0.2922,0.5717
I:1645:0.4822,-0.0427,0.0851,0.1186,-0.4451,0.3920,0.4655,0.0361
F:0.9936@390
A:0.9936@390
T:1647:0.6296,-0.1987,0.0256,0.0829,-0.5315,-0.1564,0.2838,-0.3331
C:1647:0.0000,0.0000,0.0000,0.0000,0.0000,0.0000,0.0000,0.0000
M:1647:0.3344,0.3117,-0.1948,-0.6595,-0.1973,-0.1737,0.2923,0.5721
I:1647:0.4822,-0.0427,0.0851,0.1186,-0.4451,0.3920,0.4655,0.0361
F:0.9936@390
A:0.9936@390
T:1649:0.6296,-0.1987,0.0256,0.0829,-0.5315,-0.1564,0.2838,-0.3331
C:1649:0.0000,0.0000,0.0000,0.0000,0.0000,0.0000,0.0000,0.0000
M:1649:0.3340,0.3114,-0.1943,-0.6597,-0.1964,-0.1742,0.2925,0.5726
I:164a:0.4822,-0.0427,0.0851,0.1186,-0.4451,0.3920,0.4655,0.0361
F:0.9936@390
A:0.9936@390
T:164c:0.6296,-0.1987,0.0256,0.0829,-0.5315,-0.1564,0.2838,-0.3331
C:164c:0.0000,0.0000,0.0000,0.0000,0.0000,0.0000,0.0000,0.0000
M:164c:0.3335,0.3111,-0.1938,-0.6599,-0.1955,-0.1747,0.2926,0.5731
I:164c:0.4822,-0.0427,0.0851,0.1186,-0.4451,0.3920,0.4655,0.0361
F:0.9936@390
A:0.9936@390
T:164e:0.6296,-0.1987,0.0256,0.0829,-0.5315,-0.1564,0.2838,-0.3331
C:164e:0.0000,0.0000,0.0000,0.0000,0.0000,0.0000,0.0000,0.0000
M:164e:0.3330,0.3107,-0.1933,-0.6601,-0.1947,-0.1752,0.2927,0.5736
I:164e:0.4822,-0.0427,0.0851,0.1186,-0.4451,0.3920,0.4655,0.0361
F:0.9934@390
A:0.9934@390
T:164f:0.6296,-0.1987,0.0256,0.0829,-0.5315,-0.1564,0.2838,-0.3331
C:164f:0.0000,0.0000,0.0000,0.0000,0.0000,0.0000,0.0000,0.0000
M:164f:0.3326,0.3104,-0.1928,-0.6604,-0.1938,-0.1757,0.2928,0.5740
I:1650:0.4822,-0.0427,0.0851,0.1186,-0.4451,0.3920,0.4655,0.0361
F:0.9934@390
A:0.9934@390
T:1651:0.6296,-0.1987,0.0256,0.0829,-0.5315,-0.1564,0.2838,-0.3331
C:1651:0.0000,0.0000,0.0000,0.0000,0.0000,0.0000,0.0000,0.0000
M:1651:0.3321,0.3101,-0.1923,-0.6606,-0.1930,-0.1762,0.2929,0.5745
I:1652:0.4822,-0.0427,0.0851,0.1186,-0.4451,0.3920,0.4655,0.0361
F:0.9934@390
A:0.9934@390
T:1653:0.6296,-0.1987,0.0256,0.0829,-0.5315,-0.1564,0.2838,-0.3331
C:1653:0.0000,0.0000,0.0000,0.0000,0.0000,0.0000,0.0000,0.0000
M:1654:0.3316,0.3099,-0.1918,-0.6608,-0.1921,-0.1766,0.2931,0.5750
I:1654:0.4822,-0.0427,0.0851,0.1186,-0.4451,0.3920,0.4655,0.0361
F:0.9933@390
A:0.9933@390
T:1655:0.6296,-0.1987,0.0256,0.0829,-0.5315,-0.1564,0.2838,-0.3331
C:1655:0.0000,0.0000,0.0000,0.0000,0.0000,0.0000,0.0000,0.0000
M:1655:0.3312,0.3096,-0.1912,-0.6610,-0.1912,-0.1771,0.2932,0.5755
I:1655:0.4822,-0.0427,0.0851,0.1186,-0.4451,0.3920,0.4655,0.0361
F:0.9933@390
A:0.9933@390
T:1657:0.6296,-0.1987,0.0256,0.0829,-0.5315,-0.1564,0.2838,-0.3331
C:1657:0.0000,0.0000,0.0000,0.0000,0.0000,0.0000,0.0000,0.0000
M:1657:0.3307,0.3092,-0.1907,-0.6613,-0.1903,-0.1776,0.2933,0.5759
I:1658:0.4822,-0.0427,0.0851,0.1186,-0.4451,0.3920,0.4655,0.0361
F:0.9933@390
A:0.9933@390
T:1659:0.6296,-0.1987,0.0256,0.0829,-0.5315,-0.1564,0.2838,-0.3331
C:1659:0.0000,0.0000,0.0000,0.0000,0.0000,0.0000,0.0000,0.0000
M:1659:0.3302,0.3089,-0.1902,-0.6615,-0.1894,-0.1781,0.2934,0.5764
I:1659:0.4822,-0.0427,0.0851,0.1186,-0.4451,0.3920,0.4655,0.0361
F:0.9929@390
A:0.9929@390
T:165b:0.6296,-0.1987,0.0256,0.0829,-0.5315,-0.1564,0.2838,-0.3331
C:165b:0.0000,0.0000,0.0000,0.0000,0.0000,0.0000,0.0000,0.0000
M:165b:0.3298,0.3088,-0.1893,-0.6616,-0.1889,-0.1781,0.2934,0.5768
I:165b:0.4822,-0.0427,0.0851,0.1186,-0.4451,0.3920,0.4655,0.0361
F:0.9925@390
A:0.9925@390
T:165d:0.6296,-0.1987,0.0256,0.0829,-0.5315,-0.1564,0.2838,-0.3331
C:165d:0.0000,0.0000,0.0000,0.0000,0.0000,0.0000,0.0000,0.0000
M:165d:0.3292,0.3084,-0.1892,-0.6619,-0.1880,-0.1790,0.2936,0.5772
I:165e:0.4822,-0.0427,0.0851,0.1186,-0.4451,0.3920,0.4655,0.0361
F:0.9925@390
A:0.9925@390
T:165f:0.6296,-0.1987,0.0256,0.0829,-0.5315,-0.1564,0.2838,-0.3331
C:165f:0.0000,0.0000,0.0000,0.0000,0.0000,0.0000,0.0000,0.0000
M:165f:0.3288,0.3080,-0.1888,-0.6621,-0.1870,-0.1797,0.2938,0.5777
I:165f:0.4822,-0.0427,0.0851,0.1186,-0.4451,0.3920,0.4655,0.0361
F:0.9925@390
A:0.9925@390
T:1661:0.6296,-0.1987,0.0256,0.0829,-0.5315,-0.1564,0.2838,-0.3331
C:1661:0.0000,0.0000,0.0000,0.0000,0.0000,0.0000,0.0000,0.0000
M:1661:0.3284,0.3077,-0.1883,-0.6624,-0.1860,-0.1801,0.2939,0.5782
I:1662:0.4822,-0.0427,0.0851,0.1186,-0.4451,0.3920,0.4655,0.0361
F:0.9922@390
A:0.9922@390
T:1663:0.6296,-0.1987,0.0256,0.0829,-0.5315,-0.1564,0.2838,-0.3331
C:1663:0.0000,0.0000,0.0000,0.0000,0.0000,0.0000,0.0000,0.0000
M:1663:0.3279,0.3074,-0.1877,-0.6626,-0.1850,-0.1805,0.2940,0.5787
I:1663:0.4822,-0.0427,0.0851,0.1186,-0.4451,0.3920,0.4655,0.0361
F:0.9922@390
A:0.9922@390
T:1665:0.6296,-0.1987,0.0256,0.0829,-0.5315,-0.1564,0.2838,-0.3331
C:1665:0.0000,0.0000,0.0000,0.0000,0.0000,0.0000,0.0000,0.0000
M:1665:0.3274,0.3071,-0.1871,-0.6628,-0.1840,-0.1809,0.2941,0.5792
I:1666:0.4822,-0.0427,0.0851,0.1186,-0.4451,0.3920,0.4655,0.0361
F:0.9922@390
A:0.9922@390
T:1667:0.6296,-0.1987,0.0256,0.0829,-0.5315,-0.1564,0.2838,-0.3331
C:1667:0.0000,0.0000,0.0000,0.0000,0.0000,0.0000,0.0000,0.0000
M:1667:0.3268,0.3068,-0.1865,-0.6630,-0.1831,-0.1814,0.2942,0.5796
I:1667:0.4822,-0.0427,0.0851,0.1186,-0.4451,0.3920,0.4655,0.0361
F:0.9922@390
A:0.9922@390
T:1669:0.6296,-0.1987,0.0256,0.0829,-0.5315,-0.1564,0.2838,-0.3331
C:1669:0.0000,0.0000,0.0000,0.0000,0.0000,0.0000,0.0000,0.0000
M:1669:0.3263,0.3064,-0.1859,-0.6632,-0.1822,-0.1818,0.2943,0.5801
I:1669:0.4822,-0.0427,0.0851,0.1186,-0.4451,0.3920,0.4655,0.0361
F:0.9919@390
A:0.9919@390
T:166a:0.6296,-0.1987,0.0256,0.0829,-0.5315,-0.1564,0.2838,-0.3331
C:166a:0.0000,0.0000,0.0000,0.0000,0.0000,0.0000,0.0000,0.0000
M:166a:0.3259,0.3063,-0.1850,-0.6634,-0.1817,-0.1819,0.2943,0.5804
I:166b:0.4822,-0.0427,0.0851,0.1186,-0.4451,0.3920,0.4655,0.0361
F:0.9919@390
A:0.9919@390
T:166d:0.6296,-0.1987,0.0256,0.0829,-0.5315,-0.1564,0.2838,-0.3331
C:166d:0.0000,0.0000,0.0000,0.0000,0.0000,0.0000,0.0000,0.0000
M:166d:0.3253,0.3060,-0.1844,-0.6635,-0.1812,-0.1824,0.2944,0.5808
I:166d:0.4822,-0.0427,0.0851,0.1186,-0.4451,0.3920,0.4655,0.0361
F:0.9919@390
A:0.9919@390
T:166f:0.6296,-0.1987,0.0256,0.0829,-0.5315,-0.1564,0.2838,-0.3331
C:166f:0.0000,0.0000,0.0000,0.0000,0.0000,0.0000,0.0000,0.0000
M:1670:0.3247,0.3055,-0.1844,-0.6638,-0.1802,-0.1834,0.2947,0.5812
I:1670:0.4822,-0.0427,0.0851,0.1186,-0.4451,0.3920,0.4655,0.0361
F:0.9919@390
A:0.9919@390
T:1671:0.6296,-0.1987,0.0256,0.0829,-0.5315,-0.1564,0.2838,-0.3331
C:1671:0.0000,0.0000,0.0000,0.0000,0.0000,0.0000,0.0000,0.0000
M:1671:0.3244,0.3052,-0.1840,-0.6641,-0.1790,-0.1840,0.2949,0.5817
I:1672:0.4822,-0.0427,0.0851,0.1186,-0.4451,0.3920,0.4655,0.0361
F:0.9914@390
A:0.9914@390
T:1673:0.6296,-0.1987,0.0256,0.0829,-0.5315,-0.1564,0.2838,-0.3331
C:1673:0.0000,0.0000,0.0000,0.0000,0.0000,0.0000,0.0000,0.0000
M:1673:0.3240,0.3049,-0.1835,-0.6643,-0.1779,-0.1844,0.2950,0.5823
I:1674:0.4822,-0.0427,0.0851,0.1186,-0.4451,0.3920,0.4655,0.0361
F:0.9914@390
A:0.9914@390
T:1675:0.6296,-0.1987,0.0256,0.0829,-0.5315,-0.1564,0.2838,-0.3331
C:1675:0.0000,0.0000,0.0000,0.0000,0.0000,0.0000,0.0000,0.0000
M:1675:0.3235,0.3046,-0.1829,-0.6645,-0.1768,-0.1848,0.2950,0.5828
I:1676:0.4822,-0.0427,0.0851,0.1186,-0.4451,0.3920,0.4655,0.0361
F:0.9914@390
A:0.9914@390
T:1678:0.6296,-0.1987,0.0256,0.0829,-0.5315,-0.1564,0.2838,-0.3331
C:1678:0.0000,0.0000,0.0000,0.0000,0.0000,0.0000,0.0000,0.0000
M:1679:0.3228,0.3040,-0.1826,-0.6648,-0.1755,-0.1856,0.2953,0.5833
I:1679:0.4822,-0.0427,0.0851,0.1186,-0.4451,0.3920,0.4655,0.0361
F:0.9914@390
A:0.9914@390
T:167b:0.6296,-0.1987,0.0256,0.0829,-0.5315,-0.1564,0.2838,-0.3331
C:167b:0.0000,0.0000,0.0000,0.0000,0.0000,0.0000,0.0000,0.0000
M:167b:0.3222,0.3036,-0.1819,-0.6651,-0.1742,-0.1860,0.2954,0.5838
I:167b:0.4822,-0.0427,0.0851,0.1186,-0.4451,0.3920,0.4655,0.0361
F:0.9914@390
A:0.9914@390
T:167d:0.6296,-0.1987,0.0256,0.0829,-0.5315,-0.1564,0.2838,-0.3331
C:167d:0.0000,0.0000,0.0000,0.0000,0.0000,0.0000,0.0000,0.0000
M:167d:0.3215,0.3031,-0.1814,-0.6653,-0.1728,-0.1867,0.2956,0.5844
I:167e:0.4822,-0.0427,0.0851,0.1186,-0.4451,0.3920,0.4655,0.0361
F:0.9914@390
A:0.9914@390
T:1680:0.6296,-0.1987,0.0256,0.0829,-0.5315,-0.1564,0.2838,-0.3331
C:1680:0.0000,0.0000,0.0000,0.0000,0.0000,0.0000,0.0000,0.0000
M:1680:0.3208,0.3024,-0.1809,-0.6656,-0.1712,-0.1874,0.2959,0.5850
I:1681:0.4822,-0.0427,0.0851,0.1186,-0.4451,0.3920,0.4655,0.0361
F:0.9914@390
A:0.9914@390
T:1682:0.6296,-0.1987,0.0256,0.0829,-0.5315,-0.1564,0.2838,-0.3331
C:1682:0.0000,0.0000,0.0000,0.0000,0.0000,0.0000,0.0000,0.0000
M:1682:0.3203,0.3020,-0.1799,-0.6659,-0.1698,-0.1877,0.2959,0.5856
I:1683:0.4822,-0.0427,0.0851,0.1186,-0.4451,0.3920,0.4655,0.0361
F:0.9907@390
A:0.9907@390
T:1684:0.6296,-0.1987,0.0256,0.0829,-0.5315,-0.1564,0.2838,-0.3331
C:1684:0.0000,0.0000,0.0000,0.0000,0.0000,0.0000,0.0000,0.0000
M:1684:0.3195,0.3017,-0.1788,-0.6660,-0.1688,-0.1879,0.2959,0.5861
I:1685:0.4822,-0.0427,0.0851,0.1186,-0.4451,0.3920,0.4655,0.0361
F:0.9905@390
A:0.9905@390
T:1686:0.6296,-0.1987,0.0256,0.0829,-0.5315,-0.1564,0.2838,-0.3331
C:1686:0.0000,0.0000,0.0000,0.0000,0.0000,0.0000,0.0000,0.0000
M:1686:0.3188,0.3013,-0.1778,-0.6662,-0.1681,-0.1882,0.2959,0.5866
I:1686:0.4822,-0.0427,0.0851,0.1186,-0.4451,0.3920,0.4655,0.0361
F:0.9905@390
A:0.9905@390
T:1687:0.6296,-0.1987,0.0256,0.0829,-0.5315,-0.1564,0.2838,-0.3331
C:1687:0.0000,0.0000,0.0000,0.0000,0.0000,0.0000,0.0000,0.0000
M:1687:0.3182,0.3012,-0.1765,-0.6663,-0.1678,-0.1883,0.2958,0.5869
I:1687:0.4822,-0.0427,0.0851,0.1186,-0.4451,0.3920,0.4655,0.0361
F:0.9905@390
A:0.9905@390
T:1688:0.6296,-0.1987,0.0256,0.0829,-0.5315,-0.1564,0.2838,-0.3331
C:1689:0.0000,0.0000,0.0000,0.0000,0.0000,0.0000,0.0000,0.0000
M:1689:0.3176,0.3011,-0.1753,-0.6664,-0.1680,-0.1884,0.2957,0.5870
I:1689:0.4822,-0.0427,0.0851,0.1186,-0.4451,0.3920,0.4655,0.0361
F:0.9905@390
A:0.9905@390
T:168a:0.6296,-0.1987,0.0256,0.0829,-0.5315,-0.1564,0.2838,-0.3331
C:168a:0.0000,0.0000,0.0000,0.0000,0.0000,0.0000,0.0000,0.0000
M:168a:0.3171,0.3010,-0.1749,-0.6665,-0.1680,-0.1892,0.2958,0.5872
I:168a:0.4822,-0.0427,0.0851,0.1186,-0.4451,0.3920,0.4655,0.0361
F:0.9905@390
A:0.9905@390
T:168c:0.6296,-0.1987,0.0256,0.0829,-0.5315,-0.1564,0.2838,-0.3331
C:168c:0.0000,0.0000,0.0000,0.0000,0.0000,0.0000,0.0000,0.0000
M:168c:0.3168,0.3007,-0.1747,-0.6667,-0.1676,-0.1901,0.2960,0.5875
I:168d:0.4822,-0.0427,0.0851,0.1186,-0.4451,0.3920,0.4655,0.0361
F:0.9901@390
A:0.9901@390
T:168e:0.6296,-0.1987,0.0256,0.0829,-0.5315,-0.1564,0.2838,-0.3331
C:168e:0.0000,0.0000,0.0000,0.0000,0.0000,0.0000,0.0000,0.0000
M:168e:0.3166,0.3005,-0.1746,-0.6670,-0.1668,-0.1908,0.2962,0.5879
I:168f:0.4822,-0.0427,0.0851,0.1186,-0.4451,0.3920,0.4655,0.0361
F:0.9901@390
A:0.9901@390
T:1690:0.6296,-0.1987,0.0256,0.0829,-0.5315,-0.1564,0.2838,-0.3331
C:1690:0.0000,0.0000,0.0000,0.0000,0.0000,0.0000,0.0000,0.0000
M:1690:0.3164,0.3003,-0.1745,-0.6673,-0.1658,-0.1914,0.2964,0.5884
I:1690:0.4822,-0.0427,0.0851,0.1186,-0.4451,0.3920,0.4655,0.0361
F:0.9901@390
A:0.9901@390
T:1692:0.6296,-0.1987,0.0256,0.0829,-0.5315,-0.1564,0.2838,-0.3331
C:1692:0.0000,0.0000,0.0000,0.0000,0.0000,0.0000,0.0000,0.0000
M:1692:0.3160,0.3000,-0.1742,-0.6675,-0.1645,-0.1919,0.2965,0.5889
I:1692:0.4822,-0.0427,0.0851,0.1186,-0.4451,0.3920,0.4655,0.0361
F:0.9901@390
A:0.9901@390
T:1694:0.6296,-0.1987,0.0256,0.0829,-0.5315,-0.1564,0.2838,-0.3331
C:1695:0.0000,0.0000,0.0000,0.0000,0.0000,0.0000,0.0000,0.0000
M:1695:0.3155,0.2997,-0.1737,-0.6677,-0.1633,-0.1922,0.2966,0.5894
I:1696:0.4822,-0.0427,0.0851,0.1186,-0.4451,0.3920,0.4655,0.0361
F:0.9900@390
A:0.9900@390
T:1697:0.6296,-0.1987,0.0256,0.0829,-0.5315,-0.1564,0.2838,-0.3331
C:1697:0.0000,0.0000,0.0000,0.0000,0.0000,0.0000,0.0000,0.0000
M:1697:0.3147,0.2991,-0.1735,-0.6680,-0.1617,-0.1929,0.2968,0.5899
I:1698:0.4822,-0.0427,0.0851,0.1186,-0.4451,0.3920,0.4655,0.0361
F:0.9900@390
A:0.9900@390
T:1699:0.6296,-0.1987,0.0256,0.0829,-0.5315,-0.1564,0.2838,-0.3331
C:1699:0.0000,0.0000,0.0000,0.0000,0.0000,0.0000,0.0000